"soort_id","euring_code","soort_naam","analyse_categorie_nieuw","n_afgeleide_jaarverslagnullen","pre_afgeleide_jaarverslagnullen","post_afgeleide_jaarverslagnullen","pre_afgeleide_jaarverslagnullen_in_model","post_afgeleide_jaarverslagnullen_in_model","analyse_categorie_oud","overall_trend_pct_per_jaar_oud","trend_pre_pct_per_jaar_oud","trend_pre_se_pct_oud","trend_pre_ci95_laag_pct_oud","trend_pre_ci95_hoog_pct_oud","trend_pre_p_oud","trend_pre_klasse_oud","trend_pre_model_oud","trend_post_pct_per_jaar_oud","trend_post_se_pct_oud","trend_post_ci95_laag_pct_oud","trend_post_ci95_hoog_pct_oud","trend_post_p_oud","trend_post_klasse_oud","trend_post_model_oud","overall_trend_pct_per_jaar_nieuw","trend_pre_pct_per_jaar_nieuw","trend_pre_se_pct_nieuw","trend_pre_ci95_laag_pct_nieuw","trend_pre_ci95_hoog_pct_nieuw","trend_pre_p_nieuw","trend_pre_klasse_nieuw","trend_pre_model_nieuw","trend_post_pct_per_jaar_nieuw","trend_post_se_pct_nieuw","trend_post_ci95_laag_pct_nieuw","trend_post_ci95_hoog_pct_nieuw","trend_post_p_nieuw","trend_post_klasse_nieuw","trend_post_model_nieuw","overall_trend_pct_per_jaar_verschil_procentpunt","trend_pre_pct_per_jaar_verschil_procentpunt","trend_post_pct_per_jaar_verschil_procentpunt","trend_pre_significant_oud","trend_pre_significant_nieuw","trend_post_significant_oud","trend_post_significant_nieuw","modelstatus_gewijzigd","pre_significantie_gewijzigd","post_significantie_gewijzigd","pre_trendklasse_gewijzigd","post_trendklasse_gewijzigd","max_abs_trendverschil_procentpunt","gevolg"
5,720,"Aalscholver","alleen_post_bruikbaar",659,603,56,0,7,"alleen_post_bruikbaar",15.102168659157,,,,,,,,15.1021686591569,3.23286974054282,8.72884982495852,21.8490699696506,1.46762482868543e-05,"sterke_toename_p_kleiner_dan_0_05","model2_basis",15.7241160456757,,,,,,,,15.7241160456757,3.77826126147131,8.30963083087499,23.6461700757217,7.4235222770984e-05,"sterke_toename_p_kleiner_dan_0_05","model2_basis",0.6219473865187,,0.6219473865188,,,TRUE,TRUE,FALSE,FALSE,FALSE,FALSE,FALSE,0.6219473865188,"trendwaarden_gewijzigd"
248,17170,"Appelvink","alleen_post_bruikbaar",659,603,56,0,27,"alleen_post_bruikbaar",9.30173500956937,,,,,,,,9.30173500956932,1.1414671750872,7.00882527404423,11.6437755998795,4.74180093161112e-10,"sterke_toename_p_kleiner_dan_0_01","model2_basis",9.58175600913218,,,,,,,,9.58175600913211,1.14983629210238,7.27215097622171,11.941087605363,2.68492797998781e-10,"sterke_toename_p_kleiner_dan_0_01","model2_basis",0.28002099956281,,0.28002099956279,,,TRUE,TRUE,FALSE,FALSE,FALSE,FALSE,FALSE,0.28002099956281,"trendwaarden_gewijzigd"
206,13640,"Baardmannetje","te_zeldzaam",661,602,59,0,0,"te_zeldzaam",,,,,,,,,,,,,,,,,,,,,,,,,,,,,,,,,,,,,,FALSE,FALSE,FALSE,FALSE,FALSE,,"geen_wijziging_in_trenduitvoer"
240,16630,"Barmsijs","alleen_pre_bruikbaar",532,477,55,150,3,"alleen_pre_bruikbaar",11.4155411943652,,,,,,,"model3_overdisp",,,,,,,,21.7566768804807,21.7566768804801,3.16129234001865,15.0600158970748,28.843093314352,6.48605142539827e-06,"sterke_toename_p_kleiner_dan_0_01","model2_basis",,,,,,,,10.3411356861155,,,,TRUE,,,FALSE,FALSE,FALSE,FALSE,FALSE,10.3411356861155,"trendwaarden_gewijzigd"
174,11860,"Beflijster","te_zeldzaam",0,0,0,0,0,"te_zeldzaam",,,,,,,,,,,,,,,,,,,,,,,,,,,,,,,,,,,,,,FALSE,FALSE,FALSE,FALSE,FALSE,,"geen_afgeleide_jaarverslagnullen"
29,1730,"Bergeend","brugbare_tijdreeks",410,358,52,229,21,"brugbare_tijdreeks",-10.2584380352018,-0.750839148259608,0.525226973671568,-1.82895594410218,0.339117552482193,0.167270004319566,"stabiel","model3_overdisp",-15.5654036740207,35.857040116406,-64.2095051523373,99.1925813564615,0.692448045419709,"onzeker","model2_basis",-9.45218871788052,4.64506239543034,0.89093796741328,2.8223181850535,6.50011862245012,1.79296458790416e-05,"matige_toename_p_kleiner_dan_0_01","model3_overdisp",-15.6229221053283,40.2276534527281,-67.8077104988124,121.155170519352,0.723481182214508,"onzeker","model2_basis",0.80624931732128,5.39590154368995,-0.0575184313075994,FALSE,TRUE,FALSE,FALSE,FALSE,TRUE,FALSE,TRUE,FALSE,5.39590154368995,"trendwaarden_gewijzigd"
138,8400,"Bijeneter","te_zeldzaam",0,0,0,0,0,"te_zeldzaam",,,,,,,,,,,,,,,,,,,,,,,,,,,,,,,,,,,,,,FALSE,FALSE,FALSE,FALSE,FALSE,,"geen_afgeleide_jaarverslagnullen"
168,11060,"Blauwborst","alleen_post_bruikbaar",656,603,53,0,11,"alleen_post_bruikbaar",5.03285904857707,,,,,,,,5.03285904857702,0.601288660756592,3.8204410506578,6.25943569759426,3.16827854022463e-10,"matige_toename_p_kleiner_dan_0_01","model2_basis",5.24276308161722,,,,,,,,5.24276308161717,0.610898190010467,4.01106834816136,6.48904349273707,1.66816556177231e-10,"matige_toename_p_kleiner_dan_0_01","model2_basis",0.20990403304015,,0.20990403304015,,,TRUE,TRUE,FALSE,FALSE,FALSE,FALSE,FALSE,0.20990403304015,"trendwaarden_gewijzigd"
11,1220,"Blauwe Reiger","alleen_post_bruikbaar",659,602,57,0,2,"alleen_post_bruikbaar",-23.9098561383617,,,,,,,,-14.1732176056823,1.65152602326774,-17.4647443425748,-10.7504239553552,2.97640406513145e-09,"sterke_afname_p_kleiner_dan_0_01","model2_basis",-20.8900993644143,,,,,,,,-10.7897146600529,5.22891122466704,-20.8076473567863,0.495499183995629,0.0597195823741597,"onzeker","model2_basis",3.0197567739474,,3.3835029456294,,,TRUE,FALSE,FALSE,FALSE,TRUE,FALSE,TRUE,3.3835029456294,"trendwaarden_gewijzigd"
152,9920,"Boerenzwaluw","alleen_pre_bruikbaar",654,597,57,20,2,"alleen_pre_bruikbaar",-6.7734458872408,,,,,,,"model2_basis",,,,,,,,-26.7278036291976,-28.5293501277209,13.225632326297,-52.439864429818,7.40200236873214,0.0968425501539502,"onzeker","model2_basis",,,,,,,,-19.9543577419568,,,,FALSE,,,FALSE,FALSE,FALSE,FALSE,FALSE,19.9543577419568,"trendwaarden_gewijzigd"
85,4700,"Bontbekplevier","te_zeldzaam",661,602,59,0,0,"te_zeldzaam",,,,,,,,,,,,,,,,,,,,,,,,,,,,,,,,,,,,,,FALSE,FALSE,FALSE,FALSE,FALSE,,"geen_wijziging_in_trenduitvoer"
227,15673,"Bonte Kraai","te_zeldzaam",0,0,0,0,0,"te_zeldzaam",,,,,,,,,,,,,,,,,,,,,,,,,,,,,,,,,,,,,,FALSE,FALSE,FALSE,FALSE,FALSE,,"geen_afgeleide_jaarverslagnullen"
205,13490,"Bonte Vliegenvanger","brugbare_tijdreeks",654,595,59,29,6,"brugbare_tijdreeks",-13.6689638007219,,,,,,,"model2_basis",-15.6025313762182,112.050466757311,-94.2324195805133,1134.99495317591,0.898971978615394,"onzeker","model2_basis",-14.946917535682,0.91040119405601,11.1022351614455,-21.7017880268012,30.0528940894705,0.936373237334509,"onzeker","model2_basis",-15.6238127255665,120.317488371605,-95.27294452342,1406.08365276073,0.905763277825187,"onzeker","model2_basis",-1.2779537349601,,-0.0212813493482997,,FALSE,FALSE,FALSE,FALSE,FALSE,FALSE,FALSE,FALSE,1.2779537349601,"trendwaarden_gewijzigd"
215,14790,"Boomklever","brugbare_tijdreeks",642,595,47,56,25,"brugbare_tijdreeks",1.61617700273651,,,,,,,"model2_basis",2.00355444714666,0.517443450524372,0.95951031948216,3.05839526089908,0.000391078367268021,"matige_toename_p_kleiner_dan_0_01","model2_basis",-14.8343520351394,-54.8111742099983,15.2980153027439,-77.8106277926452,-7.97261151884765,0.0306077131852749,"sterke_afname_p_kleiner_dan_0_05","model2_basis",2.1334340957222,0.515367132252484,1.09355115836132,3.18401362560579,0.000175875018523107,"matige_toename_p_kleiner_dan_0_01","model2_basis",-16.4505290378759,,0.12987964857554,,TRUE,TRUE,TRUE,FALSE,FALSE,FALSE,FALSE,FALSE,16.4505290378759,"trendwaarden_gewijzigd"
217,14870,"Boomkruiper","brugbare_tijdreeks",614,574,40,60,23,"brugbare_tijdreeks",5.54736494293953,,,,,,,"model2_basis",4.80431134346866,0.308384775518716,4.18289207756923,5.42943718629576,6.21137886782923e-19,"matige_toename_p_kleiner_dan_0_01","model3_overdisp",7.16356237692366,29.2952583626499,9.56194104199657,9.37718826909924,52.8404971787639,0.00700279780751527,"sterke_toename_p_kleiner_dan_0_05","model2_basis",4.83113695670476,0.310143388397199,4.20618405829825,5.45983786804116,6.20952083510297e-19,"matige_toename_p_kleiner_dan_0_01","model3_overdisp",1.61619743398413,,0.0268256132360998,,TRUE,TRUE,TRUE,FALSE,FALSE,FALSE,FALSE,FALSE,1.61619743398413,"trendwaarden_gewijzigd"
148,9740,"Boomleeuwerik","brugbare_tijdreeks",503,457,46,212,44,"brugbare_tijdreeks",4.58295779513089,-0.881741981742634,0.858093722537821,-2.65027763110758,0.918922350344409,0.317941628468733,"stabiel","model3_overdisp",10.5381270427876,0.512700037630135,9.50676326684929,11.5792044766461,1.15608926935212e-23,"sterke_toename_p_kleiner_dan_0_01","model2_basis",4.69909426343789,0.872587757556453,1.43242400835183,-2.06274575746936,3.8958978338109,0.547225138912578,"stabiel","model3_overdisp",10.9232886687619,0.572958110345644,9.77132062053909,12.0873457615241,1.71665246680352e-22,"sterke_toename_p_kleiner_dan_0_01","model2_basis",0.116136468306999,1.75432973929909,0.3851616259743,FALSE,FALSE,TRUE,TRUE,FALSE,FALSE,FALSE,FALSE,FALSE,1.75432973929909,"trendwaarden_gewijzigd"
155,10090,"Boompieper","brugbare_tijdreeks",239,198,41,160,31,"brugbare_tijdreeks",0.803744723773958,0.0319972302774474,0.451945213629377,-0.896436432796321,0.969128754817561,0.944135536572676,"stabiel","model3_overdisp",3.06937794310604,0.244659928816642,2.57608601409562,3.56504212998552,1.17162120762405e-15,"matige_toename_p_kleiner_dan_0_01","model3_overdisp",-0.627325844006854,-2.18354200694609,0.55069713864611,-3.31354725034827,-1.04033003381289,0.000642460258038304,"matige_afname_p_kleiner_dan_0_01","model3_overdisp",3.11523475734632,0.245824896012957,2.61959910636933,3.61326424634896,8.39704386337791e-16,"matige_toename_p_kleiner_dan_0_01","model3_overdisp",-1.43107056778081,-2.21553923722354,0.0458568142402798,FALSE,TRUE,TRUE,TRUE,FALSE,TRUE,FALSE,TRUE,FALSE,2.21553923722354,"trendwaarden_gewijzigd"
66,3100,"Boomvalk","brugbare_tijdreeks",641,584,57,113,15,"brugbare_tijdreeks",-6.32962896733886,,,,,,,"model2_basis",-9.53088915857372,3.50586366974607,-16.3513697549743,-2.15428522303884,0.0136037616733632,"matige_afname_p_kleiner_dan_0_05","model2_basis",-5.67140427797348,4.530841620518,5.39569289345405,-6.05572377067314,16.3104053643536,0.399498652343517,"onzeker","model2_basis",-9.79871997916475,4.40946402368049,-18.2909354266709,-0.423888587106491,0.0413637945033151,"matige_afname_p_kleiner_dan_0_05","model2_basis",0.65822468936538,,-0.26783082059103,,FALSE,TRUE,TRUE,FALSE,FALSE,FALSE,FALSE,FALSE,0.65822468936538,"trendwaarden_gewijzigd"
187,12500,"Bosrietzanger","brugbare_tijdreeks",465,418,47,227,26,"brugbare_tijdreeks",-0.646280009238287,,,,,,,"model3_overdisp",-3.32049580396266,0.265932404668018,-3.85647403281554,-2.78152961872985,3.80284157736866e-15,"matige_afname_p_kleiner_dan_0_01","model3_overdisp",1.45114151878913,21.6908588018178,4.36056393430255,12.9265144525881,31.1354130401442,2.31134143988593e-05,"sterke_toename_p_kleiner_dan_0_01","model2_basis",-3.27816058847346,0.265630851656835,-3.81353338284013,-2.73980791513807,5.47367204308414e-15,"matige_afname_p_kleiner_dan_0_01","model3_overdisp",2.09742152802742,,0.0423352154892003,,TRUE,TRUE,TRUE,FALSE,FALSE,FALSE,FALSE,FALSE,2.09742152802742,"trendwaarden_gewijzigd"
131,7610,"Bosuil","brugbare_tijdreeks",619,572,47,48,22,"brugbare_tijdreeks",-2.64091286016548,,,,,,,"model3_overdisp",-2.79172517874673,0.436484921329931,-3.66990333381484,-1.9055412508337,1.75646621705502e-07,"matige_afname_p_kleiner_dan_0_01","model3_overdisp",-2.55216356350855,-8.75374786255162,15.6267089034019,-38.0611279803209,34.4208936592439,0.605672368707082,"onzeker","model2_basis",-2.81801426887003,0.435695011331171,-3.69460929333438,-1.93344026388053,1.4003722972979e-07,"matige_afname_p_kleiner_dan_0_01","model3_overdisp",0.0887492966569301,,-0.0262890901233002,,FALSE,TRUE,TRUE,FALSE,FALSE,FALSE,FALSE,FALSE,0.0887492966569301,"trendwaarden_gewijzigd"
192,12740,"Braamsluiper","brugbare_tijdreeks",288,264,24,208,24,"brugbare_tijdreeks",1.9648583812973,6.4052517823963,0.802286240408047,4.76223154441542,8.07404004252237,1.88683639623464e-08,"matige_toename_p_kleiner_dan_0_01","model3_overdisp",0.442122996035677,0.142758680334626,0.154010948190431,0.731063852945368,0.00350030245807349,"matige_toename_p_kleiner_dan_0_05","model3_overdisp",3.2304720164986,11.3765703039899,1.13018117697964,9.06824718094574,13.7337468355934,1.50416356200195e-10,"sterke_toename_p_kleiner_dan_0_01","model3_overdisp",0.539117462183092,0.144764867694963,0.246962060257627,0.832124309151094,0.000586762522558128,"matige_toename_p_kleiner_dan_0_01","model3_overdisp",1.2656136352013,4.9713185215936,0.096994466147415,TRUE,TRUE,TRUE,TRUE,FALSE,FALSE,FALSE,TRUE,TRUE,4.9713185215936,"trendwaarden_gewijzigd"
57,2600,"Bruine Kiekendief","te_zeldzaam",661,602,59,0,0,"te_zeldzaam",,,,,,,,,,,,,,,,,,,,,,,,,,,,,,,,,,,,,,FALSE,FALSE,FALSE,FALSE,FALSE,,"geen_wijziging_in_trenduitvoer"
62,2870,"Buizerd","alleen_post_bruikbaar",653,603,50,0,34,"alleen_post_bruikbaar",6.22608932774371,,,,,,,,6.22608932774371,0.91379951649421,4.39374298629651,8.0905974924858,2.00396243642908e-08,"matige_toename_p_kleiner_dan_0_01","model2_basis",6.58915290389408,,,,,,,,6.5891529038941,0.979402892135563,4.62641940979562,8.58870618777976,2.55295353304077e-08,"matige_toename_p_kleiner_dan_0_01","model2_basis",0.36306357615037,,0.36306357615039,,,TRUE,TRUE,FALSE,FALSE,FALSE,FALSE,FALSE,0.36306357615039,"trendwaarden_gewijzigd"
28,1710,"Casarca","lokaal_incidenteel",660,603,57,0,0,"lokaal_incidenteel",,,,,,,,,,,,,,,,,,,,,,,,,,,,,,,,,,,,,,FALSE,FALSE,FALSE,FALSE,FALSE,,"geen_wijziging_in_trenduitvoer"
180,12200,"Cetti's Zanger","alleen_post_bruikbaar",0,0,0,0,0,"alleen_post_bruikbaar",100.252057349328,,,,,,,,99.8703285667249,518.979673360135,-99.2679491548219,54470.1825283076,0.793886642858314,"onzeker","model2_basis",100.252057349328,,,,,,,,99.8703285667249,518.979673360135,-99.2679491548219,54470.1825283076,0.793886642858314,"onzeker","model2_basis",0,,0,,,FALSE,FALSE,FALSE,FALSE,FALSE,FALSE,FALSE,0,"geen_afgeleide_jaarverslagnullen"
1,70,"Dodaars","brugbare_tijdreeks",429,382,47,176,11,"brugbare_tijdreeks",1.60285117783148,-0.836423912492024,0.416805195018599,-1.69294701614574,0.0275618482633355,0.0571316462081342,"stabiel","model3_overdisp",1.17904089683576,0.309717890342175,0.555010023436653,1.80694442193929,0.000443141099857404,"matige_toename_p_kleiner_dan_0_01","model3_overdisp",1.01129259217052,-2.85625161858585,0.585458436879737,-4.05709459247382,-1.64037862406413,6.76134149925224e-05,"matige_afname_p_kleiner_dan_0_01","model3_overdisp",1.22922682155713,0.310360542986514,0.603904157796631,1.85843629703817,0.000278290498585505,"matige_toename_p_kleiner_dan_0_01","model3_overdisp",-0.59155858566096,-2.01982770609383,0.0501859247213701,FALSE,TRUE,TRUE,TRUE,FALSE,TRUE,FALSE,TRUE,FALSE,2.01982770609383,"trendwaarden_gewijzigd"
141,8480,"Draaihals","alleen_pre_bruikbaar",655,597,58,34,0,"alleen_pre_bruikbaar",-6.66133814775094e-14,,,,,,,"model3_overdisp",,,,,,,,-0.730979979495006,-7.21589607725293,5.59072937880538,-19.2525425036888,6.61499702501982,0.249075601003408,"onzeker","model2_basis",,,,,,,,-0.730979979494939,,,,FALSE,,,FALSE,FALSE,FALSE,FALSE,FALSE,0.730979979494939,"trendwaarden_gewijzigd"
154,10050,"Duinpieper","te_zeldzaam",0,0,0,0,0,"te_zeldzaam",,,,,,,,,,,,,,,,,,,,,,,,,,,,,,,,,,,,,,FALSE,FALSE,FALSE,FALSE,FALSE,,"geen_afgeleide_jaarverslagnullen"
223,15490,"Ekster","brugbare_tijdreeks",340,328,12,283,12,"brugbare_tijdreeks",-1.81108948796016,4.09026410465914,0.854854454569309,2.34079984485831,5.86963457196432,5.61733121541505e-05,"matige_toename_p_kleiner_dan_0_01","model3_overdisp",-7.19575311400663,0.239941154502957,-7.67942748031447,-6.70954474161284,2.0706802138658e-28,"sterke_afname_p_kleiner_dan_0_01","model3_overdisp",0.0311901460544384,9.20055564731366,1.17487897137018,6.80244850805214,11.6525090975139,2.12031913145749e-08,"sterke_toename_p_kleiner_dan_0_05","model3_overdisp",-7.16667323080133,0.242544586698487,-7.65558216264807,-6.67517581608539,3.62763962742368e-28,"sterke_afname_p_kleiner_dan_0_01","model3_overdisp",1.8422796340146,5.11029154265452,0.0290798832052994,TRUE,TRUE,TRUE,TRUE,FALSE,FALSE,FALSE,TRUE,FALSE,5.11029154265452,"trendwaarden_gewijzigd"
159,10172,"Engelse Kwikstaart","lokaal_incidenteel",660,601,59,0,0,"lokaal_incidenteel",,,,,,,,,,,,,,,,,,,,,,,,,,,,,,,,,,,,,,FALSE,FALSE,FALSE,FALSE,FALSE,,"geen_wijziging_in_trenduitvoer"
200,13120,"Fitis","brugbare_tijdreeks",10,9,1,9,1,"brugbare_tijdreeks",-0.293587871097745,4.6851598219023,0.245456661318524,4.17978597309212,5.19298522813001,3.07798014023544e-16,"matige_toename_p_kleiner_dan_0_01","model3_overdisp",-3.03376474255888,0.073002123915058,-3.18119534577718,-2.88610963974215,2.89498213549563e-34,"matige_afname_p_kleiner_dan_0_01","model3_overdisp",-0.289526157722098,4.6999598031364,0.245070040216869,4.19537987978258,5.2069832215794,2.76100368314359e-16,"matige_toename_p_kleiner_dan_0_01","model3_overdisp",-3.03369065336045,0.0729908872299209,-3.18109858100325,-2.88605829539658,2.88031999237516e-34,"matige_afname_p_kleiner_dan_0_01","model3_overdisp",0.00406171337564698,0.0147999812341002,7.4089198429661e-05,TRUE,TRUE,TRUE,TRUE,FALSE,FALSE,FALSE,FALSE,FALSE,0.0147999812341002,"trendwaarden_gewijzigd"
197,13080,"Fluiter","alleen_post_bruikbaar",659,603,56,0,17,"alleen_post_bruikbaar",-5.6615690039703,,,,,,,,-5.66156900397016,2.51825755766004,-10.6285094541281,-0.418584176743719,0.0354295397190919,"matige_afname_p_kleiner_dan_0_05","model2_basis",-6.18842676575498,,,,,,,,-6.18842676575482,3.80150803204468,-13.58327533525,1.83921349513929,0.123436173814507,"onzeker","model2_basis",-0.52685776178468,,-0.52685776178466,,,TRUE,FALSE,FALSE,FALSE,TRUE,FALSE,TRUE,0.52685776178468,"trendwaarden_gewijzigd"
2,90,"Fuut","brugbare_tijdreeks",517,472,45,131,4,"brugbare_tijdreeks",-0.0412948051702777,11.4096219497797,1.68057050092669,7.9342354712026,14.9969127849563,1.14028860189823e-06,"sterke_toename_p_kleiner_dan_0_01","model3_overdisp",-2.79882954278887,0.174971205507277,-3.15181704460021,-2.44455548946325,9.15028683542235e-19,"matige_afname_p_kleiner_dan_0_01","model3_overdisp",0.993148959124901,17.5434480439119,1.99490338859066,13.4261510484548,21.8102002963103,1.88153659147849e-08,"sterke_toename_p_kleiner_dan_0_01","model3_overdisp",-2.78562596184949,0.175727464113408,-3.14013644464698,-2.42981795830605,1.24757304996119e-18,"matige_afname_p_kleiner_dan_0_01","model3_overdisp",1.03444376429518,6.1338260941322,0.01320358093938,TRUE,TRUE,TRUE,TRUE,FALSE,FALSE,FALSE,FALSE,FALSE,6.1338260941322,"trendwaarden_gewijzigd"
222,15390,"Gaai","brugbare_tijdreeks",382,367,15,247,15,"brugbare_tijdreeks",1.26141284286518,4.13411354017201,0.721928194480772,2.65134911125655,5.6382960056812,5.91380134411535e-06,"matige_toename_p_kleiner_dan_0_01","model3_overdisp",-0.631476590989244,0.131051369198926,-0.895988605944653,-0.366258584368395,2.2113213554863e-05,"matige_afname_p_kleiner_dan_0_01","model3_overdisp",2.63278798941196,7.16941048414881,1.07054838591904,4.97753735356234,9.40704871783926,4.57643661759883e-07,"matige_toename_p_kleiner_dan_0_01","model3_overdisp",-0.608204838189108,0.132661195133002,-0.87596180334164,-0.339724599512892,4.59843404117302e-05,"matige_afname_p_kleiner_dan_0_01","model3_overdisp",1.37137514654678,3.0352969439768,0.023271752800136,TRUE,TRUE,TRUE,TRUE,FALSE,FALSE,FALSE,FALSE,FALSE,3.0352969439768,"trendwaarden_gewijzigd"
249,18570,"Geelgors","alleen_pre_bruikbaar",653,595,58,25,0,"alleen_pre_bruikbaar",3.91701585837785,3.91701585837716,19.2509414627724,-35.4535837380172,67.3020255854324,0.843875964302219,"onzeker","model2_basis",,,,,,,,-7.38971896572498,-6.8009757376559,8.84439021139581,-24.8066103211084,15.5162463156169,0.476890224207728,"onzeker","model2_basis",,,,,,,,-11.3067348241028,-10.7179915960331,,FALSE,FALSE,,,FALSE,FALSE,FALSE,FALSE,FALSE,11.3067348241028,"trendwaarden_gewijzigd"
170,11220,"Gekraagde Roodstaart","brugbare_tijdreeks",319,293,26,190,23,"brugbare_tijdreeks",0.140547341642239,-0.521418682423336,0.421344145115461,-1.38724036860051,0.352004932703576,0.22904806931955,"stabiel","model3_overdisp",0.508280950519802,0.136043545034483,0.233702434574479,0.783611642226223,0.000567197052399716,"matige_toename_p_kleiner_dan_0_01","model3_overdisp",0.022524531147261,-1.36993023487253,0.535047860377185,-2.46805584199101,-0.259440680132383,0.0178634940710699,"matige_afname_p_kleiner_dan_0_05","model3_overdisp",0.519701911424186,0.136876759527248,0.243443977554425,0.796721176339643,0.00047365009314577,"matige_toename_p_kleiner_dan_0_01","model3_overdisp",-0.118022810494978,-0.848511552449194,0.0114209609043839,FALSE,TRUE,TRUE,TRUE,FALSE,TRUE,FALSE,TRUE,FALSE,0.848511552449194,"trendwaarden_gewijzigd"
158,10171,"Gele Kwikstaart","brugbare_tijdreeks",655,597,58,12,5,"brugbare_tijdreeks",-3.79261502608466,,,,,,,"model3_overdisp",0.581906205605454,3.32874104532004,-5.92566787410266,7.53964048784592,0.861712426854978,"onzeker","model2_basis",-4.37636780425564,-3.23691762238364,9.21642748866326,-22.7504307469604,21.2057776082544,0.739893673586288,"onzeker","model2_basis",1.41076015535209,3.35004650811821,-5.13886067887963,8.41259496655267,0.673784485263083,"onzeker","model2_basis",-0.58375277817098,,0.828853949746636,,FALSE,FALSE,FALSE,FALSE,FALSE,FALSE,FALSE,FALSE,0.828853949746636,"trendwaarden_gewijzigd"
4,120,"Geoorde Fuut","brugbare_tijdreeks",607,552,55,178,6,"brugbare_tijdreeks",-3.3399221792922,,,,,,,"model2_basis",-9.85422652359502,47.8647670547613,-69.1759203280929,163.633515165922,0.846083026744732,"onzeker","model2_basis",0.589904968790989,25.671779650766,40.2641856725704,-35.3348754468804,144.23360056497,0.483219214878827,"onzeker","model2_basis",-9.89544675618799,51.1035834669431,-71.3629836539502,183.508254392111,0.855159801701478,"onzeker","model2_basis",3.92982714808319,,-0.0412202325929698,,FALSE,FALSE,FALSE,FALSE,FALSE,FALSE,FALSE,FALSE,3.92982714808319,"trendwaarden_gewijzigd"
71,3940,"Gewone Fazant","alleen_post_bruikbaar",626,603,23,0,23,"alleen_post_bruikbaar",-15.1314790764087,,,,,,,,-15.1314790764086,1.76245400786085,-18.6198142338714,-11.4936175685665,1.07925651622002e-09,"sterke_afname_p_kleiner_dan_0_01","model2_basis",-15.2258967705033,,,,,,,,-15.2258967705032,1.85375676323115,-18.8908953235779,-11.3952914776225,3.21298610593083e-09,"sterke_afname_p_kleiner_dan_0_01","model2_basis",-0.0944176940946004,,-0.0944176940946004,,,TRUE,TRUE,FALSE,FALSE,FALSE,FALSE,FALSE,0.0944176940946004,"trendwaarden_gewijzigd"
136,7950,"Gierzwaluw","te_zeldzaam",0,0,0,0,0,"te_zeldzaam",,,,,,,,,,,,,,,,,,,,,,,,,,,,,,,,,,,,,,FALSE,FALSE,FALSE,FALSE,FALSE,,"geen_afgeleide_jaarverslagnullen"
208,14400,"Glanskop","brugbare_tijdreeks",555,519,36,111,24,"brugbare_tijdreeks",0.5191326488037,,,,,,,"model3_overdisp",-0.259183213160963,0.253812071419905,-0.77083967586784,0.255111509659933,0.313934439275407,"stabiel","model3_overdisp",1.30304732435753,6.00115702980923,2.22077420156581,1.45345977852707,10.7527068686174,0.0118855219807618,"matige_toename_p_kleiner_dan_0_05","model2_basis",-0.234101375385887,0.25697496292203,-0.752117622918802,0.286618615806655,0.368314316813728,"stabiel","model3_overdisp",0.78391467555383,,0.025081837775076,,TRUE,FALSE,FALSE,FALSE,FALSE,FALSE,FALSE,FALSE,0.78391467555383,"trendwaarden_gewijzigd"
201,13140,"Goudhaan","alleen_post_bruikbaar",655,601,54,0,26,"alleen_post_bruikbaar",3.53276935383111,,,,,,,,3.53276935383109,0.881628376773574,1.76617739473279,5.33002815362091,0.000210678219354086,"matige_toename_p_kleiner_dan_0_01","model2_basis",3.86221235716504,,,,,,,,3.86221235716502,0.898494977331675,2.06206897331682,5.69410618694293,8.31284386022076e-05,"matige_toename_p_kleiner_dan_0_01","model2_basis",0.32944300333393,,0.32944300333393,,,TRUE,TRUE,FALSE,FALSE,FALSE,FALSE,FALSE,0.32944300333393,"trendwaarden_gewijzigd"
246,17100,"Goudvink","brugbare_tijdreeks",488,451,37,180,35,"brugbare_tijdreeks",-2.22798796415038,7.71442885638287,1.78982878879028,3.9662653772774,11.5977201042422,0.000447355880270128,"matige_toename_p_kleiner_dan_0_01","model3_overdisp",-5.36032486087805,0.342147809918569,-6.04931119560391,-4.66628585250518,2.9745752159046e-18,"matige_afname_p_kleiner_dan_0_01","model3_overdisp",-1.17959595864043,16.5102677898221,2.64768267736609,11.0013601066913,22.2925781036242,6.81644307147729e-06,"sterke_toename_p_kleiner_dan_0_01","model3_overdisp",-5.31245737586942,0.348540799094247,-6.01427080281057,-4.60540334388704,7.53286810943155e-18,"matige_afname_p_kleiner_dan_0_01","model3_overdisp",1.04839200550995,8.79583893343923,0.0478674850086298,TRUE,TRUE,TRUE,TRUE,FALSE,FALSE,FALSE,TRUE,FALSE,8.79583893343923,"trendwaarden_gewijzigd"
193,12750,"Grasmus","brugbare_tijdreeks",83,82,1,72,1,"brugbare_tijdreeks",0.818546801523512,-7.42559403761962,0.318917429370376,-8.08147281665563,-6.7650352774528,1.35226498873426e-17,"sterke_afname_p_kleiner_dan_0_01","model3_overdisp",1.14437651708734,0.122064214748754,0.897976156012104,1.39137860616794,1.02452498197423e-11,"matige_toename_p_kleiner_dan_0_01","model3_overdisp",0.915983666906972,-7.54194765484056,0.329055086622851,-8.21859582526392,-6.86031097121398,1.96878406019622e-17,"sterke_afname_p_kleiner_dan_0_01","model3_overdisp",1.1460612886852,0.122398101079507,0.898987759298908,1.39373983235636,1.06090499919136e-11,"matige_toename_p_kleiner_dan_0_01","model3_overdisp",0.09743686538346,-0.11635361722094,0.00168477159786007,TRUE,TRUE,TRUE,TRUE,FALSE,FALSE,FALSE,FALSE,FALSE,0.11635361722094,"trendwaarden_gewijzigd"
156,10110,"Graspieper","brugbare_tijdreeks",494,457,37,239,21,"brugbare_tijdreeks",1.22538504496505,,,,,,,"model3_overdisp",1.22729767825469,0.306130234980186,0.610472366171955,1.84790463907314,0.000240304172839547,"matige_toename_p_kleiner_dan_0_01","model3_overdisp",3.45656823415452,10.2568501641668,1.39216034818297,7.42068792028778,13.1678938524803,5.72310034241699e-08,"sterke_toename_p_kleiner_dan_0_01","model2_basis",1.26728813371075,0.308410435374278,0.645881795727177,1.89253114965864,0.000176662900140995,"matige_toename_p_kleiner_dan_0_01","model3_overdisp",2.23118318918947,,0.03999045545606,,TRUE,TRUE,TRUE,FALSE,FALSE,FALSE,FALSE,FALSE,2.23118318918947,"trendwaarden_gewijzigd"
21,1610,"Grauwe Gans","alleen_post_bruikbaar",656,603,53,0,11,"alleen_post_bruikbaar",9.75354481348272,,,,,,,,9.75354481348274,0.756453017975579,8.21490800617619,11.3140584884817,8.7660889684364e-14,"sterke_toename_p_kleiner_dan_0_01","model3_overdisp",9.83923960386823,,,,,,,,9.83923960386825,0.757892544580422,8.29768695139355,11.4027353342355,7.34729201047201e-14,"sterke_toename_p_kleiner_dan_0_01","model3_overdisp",0.0856947903855101,,0.0856947903855101,,,TRUE,TRUE,FALSE,FALSE,FALSE,FALSE,FALSE,0.0856947903855101,"trendwaarden_gewijzigd"
219,15150,"Grauwe Klauwier","brugbare_tijdreeks",619,560,59,186,6,"brugbare_tijdreeks",-4.55642764269537,,,,,,,"model3_overdisp",16.0750973371277,18.5631774330824,-15.9829967591418,60.3654939131586,0.356870192105624,"onzeker","model2_basis",-10.0934124697135,-14.2045343088761,17.4663391394678,-43.6925714214511,30.7263023543759,0.459356633126809,"onzeker","model2_basis",16.4725577870623,20.2990274055847,-18.1065204258145,65.6524644940937,0.386831476097055,"onzeker","model2_basis",-5.53698482701813,,0.397460449934599,,FALSE,FALSE,FALSE,FALSE,FALSE,FALSE,FALSE,FALSE,5.53698482701813,"trendwaarden_gewijzigd"
203,13350,"Grauwe Vliegenvanger","brugbare_tijdreeks",644,587,57,98,21,"brugbare_tijdreeks",2.51484498136587,,,,,,,"model2_basis",3.8832514708921,0.753614126358482,2.37005211847137,5.41881842235943,5.64559120810988e-06,"matige_toename_p_kleiner_dan_0_01","model2_basis",-2.37762445417464,-16.0493698594434,12.4884840972721,-38.5102237246792,14.615936630512,0.254121055372263,"onzeker","model2_basis",3.92039504051007,0.755181862738309,2.40406690539303,5.4591759070745,4.96911300800259e-06,"matige_toename_p_kleiner_dan_0_01","model2_basis",-4.89246943554051,,0.03714356961797,,FALSE,TRUE,TRUE,FALSE,FALSE,FALSE,FALSE,FALSE,4.89246943554051,"trendwaarden_gewijzigd"
142,8560,"Groene Specht","brugbare_tijdreeks",493,467,26,180,9,"brugbare_tijdreeks",-2.04952549649959,,,,,,,"model3_overdisp",-3.65616428809472,0.230425615283576,-4.12074806958392,-3.18932936169485,1.41122419687473e-18,"matige_afname_p_kleiner_dan_0_01","model3_overdisp",0.442669023270748,11.5710199155088,2.09434900555313,7.2867111943745,16.0264150742238,1.04714043339221e-05,"sterke_toename_p_kleiner_dan_0_05","model2_basis",-3.64283439555514,0.231075416080155,-4.10872528771559,-3.17467995726863,1.75916531864087e-18,"matige_afname_p_kleiner_dan_0_01","model3_overdisp",2.49219451977034,,0.0133298925395802,,TRUE,TRUE,TRUE,FALSE,FALSE,FALSE,FALSE,FALSE,2.49219451977034,"trendwaarden_gewijzigd"
236,16490,"Groenling","brugbare_tijdreeks",484,436,48,253,40,"brugbare_tijdreeks",1.0008640914956,,,,,,,"model3_overdisp",2.04045894181761,0.397575787846923,1.24008376546743,2.84716165563212,6.5705280268569e-06,"matige_toename_p_kleiner_dan_0_01","model2_basis",2.10848711988512,10.251934199863,1.94019556575692,6.29001540686283,14.3615319678096,1.67134751913386e-05,"sterke_toename_p_kleiner_dan_0_05","model2_basis",2.17780857228256,0.397377501307511,1.37782677904612,2.98410309572681,2.09425442744622e-06,"matige_toename_p_kleiner_dan_0_01","model2_basis",1.10762302838952,,0.13734963046495,,TRUE,TRUE,TRUE,FALSE,FALSE,FALSE,FALSE,FALSE,1.10762302838952,"trendwaarden_gewijzigd"
144,8760,"Grote Bonte Specht","brugbare_tijdreeks",574,551,23,66,9,"brugbare_tijdreeks",4.71282198903213,7.22807159641781,1.96746196371247,2.8684662276236,11.7724387262123,0.00419483015783115,"matige_toename_p_kleiner_dan_0_05","model3_overdisp",4.13948041338745,0.199610721488433,3.73683251355761,4.5436911653626,2.46773550082181e-23,"matige_toename_p_kleiner_dan_0_01","model3_overdisp",5.49947479466713,14.8848310927927,3.67049672185247,6.87454674890962,23.4954890262884,0.00186892360560647,"sterke_toename_p_kleiner_dan_0_05","model3_overdisp",4.1462760107249,0.200410504788647,3.74201789956305,4.55210942014825,2.68821215972105e-23,"matige_toename_p_kleiner_dan_0_01","model3_overdisp",0.786652805635,7.65675949637489,0.00679559733745005,TRUE,TRUE,TRUE,TRUE,FALSE,FALSE,FALSE,TRUE,FALSE,7.65675949637489,"trendwaarden_gewijzigd"
25,1661,"Grote Canadese Gans","alleen_post_bruikbaar",657,603,54,0,7,"alleen_post_bruikbaar",6.10944010721519,,,,,,,,6.10944010721519,0.712563043256947,4.65199093642039,7.58718662798339,3.7053687409488e-09,"matige_toename_p_kleiner_dan_0_01","model3_overdisp",6.19885437044971,,,,,,,,6.19885437044969,0.714846834786224,4.73675783040175,7.68136137895878,2.95712376977644e-09,"matige_toename_p_kleiner_dan_0_01","model3_overdisp",0.0894142632345201,,0.0894142632345005,,,TRUE,TRUE,FALSE,FALSE,FALSE,FALSE,FALSE,0.0894142632345201,"trendwaarden_gewijzigd"
189,12530,"Grote Karekiet","alleen_post_bruikbaar",661,602,59,0,0,"alleen_post_bruikbaar",-5.83547541136575,,,,,,,,1.94886923866628,5.35394865914704,-8.33338135423609,13.384480551285,0.715262747347943,"onzeker","model2_basis",-5.83547541136575,,,,,,,,1.94886923866628,5.35394865914704,-8.33338135423609,13.384480551285,0.715262747347943,"onzeker","model2_basis",0,,0,,,FALSE,FALSE,FALSE,FALSE,FALSE,FALSE,FALSE,0,"geen_wijziging_in_trenduitvoer"
179,12020,"Grote Lijster","brugbare_tijdreeks",632,577,55,158,35,"brugbare_tijdreeks",1.85326349436519,,,,,,,"model2_basis",3.42362946047199,0.821758711380649,1.77038182303269,5.1037339073458,0.000150229410364013,"matige_toename_p_kleiner_dan_0_01","model2_basis",-4.16651236327889,-17.1947353406809,15.1724708121411,-43.3183823113697,20.968880827748,0.313843648332442,"onzeker","model2_basis",3.49773501896506,0.8402446859096,1.80759213688098,5.21593654482908,0.000151129620282677,"matige_toename_p_kleiner_dan_0_01","model2_basis",-6.01977585764408,,0.0741055584930699,,FALSE,TRUE,TRUE,FALSE,FALSE,FALSE,FALSE,FALSE,6.01977585764408,"trendwaarden_gewijzigd"
126,7120,"Halsbandparkiet","alleen_post_bruikbaar",658,603,55,0,8,"alleen_post_bruikbaar",1.83706645952326,,,,,,,,1.83706645952331,2.13729563963481,-2.47099888401326,6.33542829735194,0.393985812603287,"onzeker","model3_overdisp",2.08143419175246,,,,,,,,2.08143419175251,2.10992480976926,-2.17284536405713,6.52072265031858,0.328463421413126,"onzeker","model3_overdisp",0.2443677322292,,0.2443677322292,,,FALSE,FALSE,FALSE,FALSE,FALSE,FALSE,FALSE,0.2443677322292,"trendwaarden_gewijzigd"
60,2670,"Havik","alleen_post_bruikbaar",0,0,0,0,0,"alleen_post_bruikbaar",4.192207961431,,,,,,,,4.19220796143098,1.15973041699488,1.85356755962405,6.58454544091529,0.000858640251471295,"matige_toename_p_kleiner_dan_0_01","model3_overdisp",4.192207961431,,,,,,,,4.19220796143098,1.15973041699488,1.85356755962405,6.58454544091529,0.000858640251471295,"matige_toename_p_kleiner_dan_0_01","model3_overdisp",0,,0,,,TRUE,TRUE,FALSE,FALSE,FALSE,FALSE,FALSE,0,"geen_afgeleide_jaarverslagnullen"
165,10840,"Heggenmus","brugbare_tijdreeks",27,25,2,25,2,"brugbare_tijdreeks",1.02246151882985,9.28066355085977,0.534433215140512,8.18319552846967,10.3892648740762,1.60607645955371e-15,"sterke_toename_p_kleiner_dan_0_01","model3_overdisp",-2.43275895114818,0.0860037942000182,-2.60642436102243,-2.25878387326567,7.35826048303928e-28,"matige_afname_p_kleiner_dan_0_01","model3_overdisp",1.10632846032321,9.84849646383856,0.538793366810202,8.74209122104421,10.9661589166749,4.78338749224376e-16,"sterke_toename_p_kleiner_dan_0_01","model3_overdisp",-2.43405720733274,0.086158329271759,-2.60803438574475,-2.25976924292912,7.72253100709912e-28,"matige_afname_p_kleiner_dan_0_01","model3_overdisp",0.0838669414933599,0.567832912978789,-0.00129825618456003,TRUE,TRUE,TRUE,TRUE,FALSE,FALSE,FALSE,FALSE,FALSE,0.567832912978789,"trendwaarden_gewijzigd"
122,6680,"Holenduif","brugbare_tijdreeks",645,599,46,17,34,"brugbare_tijdreeks",-3.45971611556103,,,,,,,"model2_basis",-3.21686895664629,0.465897715260967,-4.15391764379218,-2.27065912049466,3.65290572030698e-08,"matige_afname_p_kleiner_dan_0_01","model3_overdisp",-4.07634394042623,5.73282370522632,13.0786369071974,-23.0660786202696,45.3121043122324,0.671100360632015,"onzeker","model2_basis",-3.17556276472994,0.472295207107215,-4.12541721919749,-2.21629785486847,6.4526095489502e-08,"matige_afname_p_kleiner_dan_0_01","model3_overdisp",-0.6166278248652,,0.04130619191635,,FALSE,TRUE,TRUE,FALSE,FALSE,FALSE,FALSE,FALSE,0.6166278248652,"trendwaarden_gewijzigd"
123,6700,"Houtduif","brugbare_tijdreeks",95,87,8,65,8,"brugbare_tijdreeks",-1.94277222768788,9.37266314631111,0.587098460917889,8.16763887982259,10.5911117927516,1.03892839037781e-14,"sterke_toename_p_kleiner_dan_0_01","model3_overdisp",-7.61851758216407,0.176262762294401,-7.97407193052569,-7.26158950253683,1.61982184325504e-34,"sterke_afname_p_kleiner_dan_0_01","model3_overdisp",-1.52624236300548,11.2381326341685,0.644526525371237,9.9158174538307,12.5763556017261,1.20485477638805e-15,"sterke_toename_p_kleiner_dan_0_01","model3_overdisp",-7.62387970869169,0.176740270468838,-7.98039537770506,-7.26598277507962,1.75376394614293e-34,"sterke_afname_p_kleiner_dan_0_01","model3_overdisp",0.4165298646824,1.86546948785739,-0.00536212652762025,TRUE,TRUE,TRUE,TRUE,FALSE,FALSE,FALSE,FALSE,FALSE,1.86546948785739,"trendwaarden_gewijzigd"
94,5290,"Houtsnip","brugbare_tijdreeks",541,488,53,189,32,"brugbare_tijdreeks",-3.49606951853673,,,,,,,"model3_overdisp",-3.02550363542601,0.68960540809771,-4.40928032282522,-1.62169531810439,0.000100139403488997,"matige_afname_p_kleiner_dan_0_01","model2_basis",-3.10712457161622,5.64959871906807,2.00593406299246,1.50109369840319,9.96765948814309,0.0100784050758859,"matige_toename_p_kleiner_dan_0_05","model2_basis",-2.87028408178333,0.709061182467888,-4.29283015548482,-1.42659395654325,0.00027457874392459,"matige_afname_p_kleiner_dan_0_01","model2_basis",0.38894494692051,,0.15521955364268,,TRUE,TRUE,TRUE,FALSE,FALSE,FALSE,FALSE,FALSE,0.38894494692051,"trendwaarden_gewijzigd"
231,15910,"Huismus","brugbare_tijdreeks",631,576,55,87,7,"brugbare_tijdreeks",-2.42525692408945,,,,,,,"model2_basis",-2.47382741439521,0.553262777867355,-3.58651097056857,-1.3483026602874,7.75634254495146e-05,"matige_afname_p_kleiner_dan_0_01","model2_basis",-1.95625945587268,1.8190206605571,2.12612488682377,-2.49618233327722,6.32520055482055,0.397291425360726,"onzeker","model2_basis",-2.25400679022846,0.566332943147544,-3.39283709993855,-1.10175165325523,0.000332623554909962,"matige_afname_p_kleiner_dan_0_01","model2_basis",0.46899746821677,,0.21982062416675,,FALSE,TRUE,TRUE,FALSE,FALSE,FALSE,FALSE,FALSE,0.46899746821677,"trendwaarden_gewijzigd"
137,8310,"IJsvogel","alleen_post_bruikbaar",0,0,0,0,0,"alleen_post_bruikbaar",4.39279614731349,,,,,,,,3.74341706304571,16.965530184885,-26.5286850361732,46.4884164549933,0.824870092124171,"onzeker","model2_basis",4.39279614731349,,,,,,,,3.74341706304571,16.965530184885,-26.5286850361732,46.4884164549933,0.824870092124171,"onzeker","model2_basis",0,,0,,,FALSE,FALSE,FALSE,FALSE,FALSE,FALSE,FALSE,0,"geen_afgeleide_jaarverslagnullen"
224,15600,"Kauw","brugbare_tijdreeks",553,516,37,209,18,"brugbare_tijdreeks",-2.98105770695707,,,,,,,"model2_basis",-9.55387267005596,0.540988237691958,-10.6406684629753,-8.4538591742377,1.03242366126982e-19,"sterke_afname_p_kleiner_dan_0_01","model3_overdisp",-0.139008879190172,15.4148327613536,2.47621189080559,10.3920557444163,20.6661433334616,1.02120104411106e-06,"sterke_toename_p_kleiner_dan_0_01","model2_basis",-9.31048531275046,0.559204829120311,-10.4336672094825,-8.17321846318137,7.69334691564122e-19,"sterke_afname_p_kleiner_dan_0_01","model3_overdisp",2.8420488277669,,0.243387357305499,,TRUE,TRUE,TRUE,FALSE,FALSE,FALSE,FALSE,FALSE,2.8420488277669,"trendwaarden_gewijzigd"
128,7350,"Kerkuil","alleen_post_bruikbaar",0,0,0,0,0,"alleen_post_bruikbaar",15.8397773816332,,,,,,,,15.8397773816334,11.9753697760933,-8.73054146789542,47.0245823700841,0.192729991641412,"onzeker","model2_basis",15.8397773816332,,,,,,,,15.8397773816334,11.9753697760933,-8.73054146789542,47.0245823700841,0.192729991641412,"onzeker","model2_basis",0,,0,,,FALSE,FALSE,FALSE,FALSE,FALSE,FALSE,FALSE,0,"geen_afgeleide_jaarverslagnullen"
88,4930,"Kievit","brugbare_tijdreeks",334,285,49,196,12,"brugbare_tijdreeks",-2.318573220867,-4.80554988109368,0.506460122522013,-5.8451142877527,-3.75450764035928,2.17266774694664e-09,"matige_afname_p_kleiner_dan_0_01","model3_overdisp",0.212389689027925,0.573010631382039,-0.939041960998821,1.37720496536848,0.712558986891677,"stabiel","model3_overdisp",-3.0409883681695,-5.88135962352915,0.585780925577252,-7.08262017410342,-4.66456885769193,8.21853538454667e-10,"matige_afname_p_kleiner_dan_0_01","model3_overdisp",0.254781070473764,0.572588548776628,-0.895810120483165,1.41873052701276,0.658338895207152,"stabiel","model3_overdisp",-0.7224151473025,-1.07580974243547,0.042391381445839,TRUE,TRUE,FALSE,FALSE,FALSE,FALSE,FALSE,FALSE,FALSE,1.07580974243547,"trendwaarden_gewijzigd"
242,16634,"Kleine Barmsijs","alleen_post_bruikbaar",0,0,0,0,0,"alleen_post_bruikbaar",-24.8829284652737,,,,,,,,-24.8829284652736,148.657363336535,-98.6238064511111,4000.1314390035,0.885769622727361,"onzeker","model2_basis",-24.8829284652737,,,,,,,,-24.8829284652736,148.657363336535,-98.6238064511111,4000.1314390035,0.885769622727361,"onzeker","model2_basis",0,,0,,,FALSE,FALSE,FALSE,FALSE,FALSE,FALSE,FALSE,0,"geen_afgeleide_jaarverslagnullen"
146,8870,"Kleine Bonte Specht","brugbare_tijdreeks",655,598,57,25,38,"brugbare_tijdreeks",8.16060728682642,,,,,,,"model2_basis",9.72289236757338,1.14619876970542,7.42880846472749,12.0659651871587,6.56532383426477e-11,"sterke_toename_p_kleiner_dan_0_01","model2_basis",7.73285619963358,0.441336211325405,8.58949225005507,-17.5353165162519,22.336757915341,0.960194308896229,"onzeker","model2_basis",10.0667091554605,1.19891794094724,7.66818840464945,12.5186616754628,8.25090340361792e-11,"sterke_toename_p_kleiner_dan_0_01","model2_basis",-0.427751087192839,,0.343816787887121,,FALSE,TRUE,TRUE,FALSE,FALSE,FALSE,FALSE,FALSE,0.427751087192839,"trendwaarden_gewijzigd"
188,12510,"Kleine Karekiet","brugbare_tijdreeks",440,403,37,102,18,"brugbare_tijdreeks",1.87144718716574,16.4465178673965,1.06458782557279,14.2312445859666,18.7047516867179,2.21092317050194e-12,"sterke_toename_p_kleiner_dan_0_01","model3_overdisp",-3.69722144423014,0.133982592161926,-3.96763001171502,-3.42605145855494,2.42196096807963e-27,"matige_afname_p_kleiner_dan_0_01","model3_overdisp",2.23399154200736,18.7453858161071,1.07703545763715,16.5040412180921,21.0298501682055,2.4550515523119e-13,"sterke_toename_p_kleiner_dan_0_01","model3_overdisp",-3.66693455273557,0.134749341882909,-3.93888853633141,-3.3942106533219,4.08506545397782e-27,"matige_afname_p_kleiner_dan_0_01","model3_overdisp",0.36254435484162,2.2988679487106,0.03028689149457,TRUE,TRUE,TRUE,TRUE,FALSE,FALSE,FALSE,FALSE,FALSE,2.2988679487106,"trendwaarden_gewijzigd"
107,5910,"Kleine Mantelmeeuw","brugbare_tijdreeks",534,480,54,136,13,"brugbare_tijdreeks",-16.5895149781079,,,,,,,"model3_overdisp",-26.1915324527894,275.301984546528,-99.9607199759403,138588.557659288,0.935513121249043,"onzeker","model2_basis",-15.4985611477912,23.2773661429256,1.2631852275462,20.6976541610899,25.9122151856718,1.11347445499721e-16,"sterke_toename_p_kleiner_dan_0_01","model2_basis",-26.2112469254819,313.06581449215,-99.9860694702307,390752.334439086,0.943242687842987,"onzeker","model2_basis",1.0909538303167,,-0.0197144726924989,,TRUE,FALSE,FALSE,FALSE,FALSE,FALSE,FALSE,FALSE,1.0909538303167,"trendwaarden_gewijzigd"
84,4690,"Kleine Plevier","brugbare_tijdreeks",644,587,57,110,6,"brugbare_tijdreeks",-0.0584942683222622,,,,,,,"model2_basis",6.49098336026634,8.58548497356405,-9.72015494576415,25.6130815269321,0.441897529292746,"onzeker","model2_basis",2.93479388350182,-9.41328757997414,16.997031208176,-38.4990488694818,33.4280578791973,0.60310343347395,"onzeker","model2_basis",6.94158735614128,12.2412864220029,-15.4107084768427,35.2003652036774,0.562367829440685,"onzeker","model2_basis",2.99328815182408,,0.45060399587494,,FALSE,FALSE,FALSE,FALSE,FALSE,FALSE,FALSE,FALSE,2.99328815182408,"trendwaarden_gewijzigd"
82,4560,"Kluut","te_zeldzaam",661,602,59,0,0,"te_zeldzaam",,,,,,,,,,,,,,,,,,,,,,,,,,,,,,,,,,,,,,FALSE,FALSE,FALSE,FALSE,FALSE,,"geen_wijziging_in_trenduitvoer"
239,16600,"Kneu","brugbare_tijdreeks",172,141,31,115,21,"brugbare_tijdreeks",-1.78947819171843,3.26398051898171,0.575378056601301,2.08326064793289,4.45835688380867,6.09887262031735e-06,"matige_toename_p_kleiner_dan_0_01","model3_overdisp",-2.59947919145204,0.190198489886357,-2.98312711916021,-2.21431414895688,1.80361318819467e-16,"matige_afname_p_kleiner_dan_0_01","model3_overdisp",-1.24791810393187,6.30766011593196,0.672285675658353,4.92914643893536,7.70428410852873,9.38501684508776e-10,"matige_toename_p_kleiner_dan_0_01","model3_overdisp",-2.57956806112969,0.190450129922347,-2.96372272279339,-2.19389257850893,2.41805933858929e-16,"matige_afname_p_kleiner_dan_0_01","model3_overdisp",0.54156008778656,3.04367959695025,0.0199111303223503,TRUE,TRUE,TRUE,TRUE,FALSE,FALSE,FALSE,FALSE,FALSE,3.04367959695025,"trendwaarden_gewijzigd"
17,1520,"Knobbelzwaan","brugbare_tijdreeks",629,577,52,36,11,"brugbare_tijdreeks",-0.222866139986266,,,,,,,"model3_basis",-0.0776313289553077,0.3487256908375,-0.779952423281549,0.629661088521671,0.825035352748358,"stabiel","model3_overdisp",2.18627443686572,47.4170767464999,27.2487479581082,-4.78039413856239,128.228150283538,0.073913022981707,"onzeker","model2_basis",-0.00261627340024662,0.350154460019764,-0.707806551317436,0.707582387460204,0.994075664517357,"stabiel","model3_overdisp",2.40914057685199,,0.0750150555550611,,FALSE,FALSE,FALSE,FALSE,FALSE,FALSE,FALSE,FALSE,2.40914057685199,"trendwaarden_gewijzigd"
127,7240,"Koekoek","brugbare_tijdreeks",488,459,29,362,29,"brugbare_tijdreeks",-1.38722346603984,,,,,,,"model2_basis",-2.78961648309539,0.166622589409675,-3.12579067346586,-2.45227569650643,1.86943036533209e-19,"matige_afname_p_kleiner_dan_0_01","model3_overdisp",2.20814850827384,17.7737405471246,2.77379882167862,12.1732389749786,23.6538597726988,4.42560836017888e-07,"sterke_toename_p_kleiner_dan_0_01","model2_basis",-2.73171253776023,0.167902473965966,-3.07046484327814,-2.39177635031916,5.02079809631417e-19,"matige_afname_p_kleiner_dan_0_01","model3_overdisp",3.59537197431368,,0.05790394533516,,TRUE,TRUE,TRUE,FALSE,FALSE,FALSE,FALSE,FALSE,3.59537197431368,"trendwaarden_gewijzigd"
105,5820,"Kokmeeuw","alleen_pre_bruikbaar",651,592,59,11,1,"alleen_pre_bruikbaar",116.719031873205,,,,,,,"model3_overdisp",,,,,,,,116.743565526526,129.892112687088,43.2829756941644,50.1601074876735,251.960213401361,0.00166779815621645,"sterke_toename_p_kleiner_dan_0_05","model2_basis",,,,,,,,0.0245336533210008,,,,TRUE,,,FALSE,FALSE,FALSE,FALSE,FALSE,0.0245336533210008,"trendwaarden_gewijzigd"
214,14640,"Koolmees","brugbare_tijdreeks",176,171,5,138,5,"brugbare_tijdreeks",2.47122072298829,7.23412072941536,0.625876953661305,5.95012325408186,8.53367882389706,1.32381154555144e-11,"sterke_toename_p_kleiner_dan_0_05","model3_overdisp",0.0540475686374942,0.0872636513635644,-0.122163499339278,0.230569519804824,0.539082459676055,"stabiel","model3_overdisp",3.0106297372581,9.47884799671801,0.703773797841806,8.0359234812529,10.9410441682234,4.22237090934408e-13,"sterke_toename_p_kleiner_dan_0_01","model3_overdisp",0.0632166670746948,0.0873961260441865,-0.113261684596389,0.240006817980953,0.473544189804875,"stabiel","model3_overdisp",0.53940901426981,2.24472726730265,0.0091690984372006,TRUE,TRUE,FALSE,FALSE,FALSE,FALSE,FALSE,TRUE,FALSE,2.24472726730265,"trendwaarden_gewijzigd"
34,1820,"Krakeend","brugbare_tijdreeks",458,411,47,101,18,"brugbare_tijdreeks",-0.493416095003563,8.9775972822369,1.49222601034025,5.77433737011956,12.2778644110355,4.0762082621058e-05,"sterke_toename_p_kleiner_dan_0_05","model3_overdisp",-1.58375071778728,0.224324078695,-2.03608390709695,-1.12932895012844,1.85218975972852e-08,"matige_afname_p_kleiner_dan_0_01","model3_overdisp",-0.192768089262618,13.3320956191689,1.79986402096963,9.47760084082969,17.322299710483,4.38495826741747e-06,"sterke_toename_p_kleiner_dan_0_01","model3_overdisp",-1.5356004127844,0.225447215788732,-1.99019360203846,-1.07889871035894,4.07020891706795e-08,"matige_afname_p_kleiner_dan_0_01","model3_overdisp",0.300648005740945,4.354498336932,0.04815030500288,TRUE,TRUE,TRUE,TRUE,FALSE,FALSE,FALSE,TRUE,FALSE,4.354498336932,"trendwaarden_gewijzigd"
176,11980,"Kramsvogel","alleen_post_bruikbaar",0,0,0,0,0,"alleen_post_bruikbaar",-13.6911541801726,,,,,,,,-1.50527823166778,5.32424487289952,-11.7067122064284,9.87483260225248,0.780513495534129,"onzeker","model2_basis",-13.6911541801726,,,,,,,,-1.50527823166778,5.32424487289952,-11.7067122064284,9.87483260225248,0.780513495534129,"onzeker","model2_basis",0,,0,,,FALSE,FALSE,FALSE,FALSE,FALSE,FALSE,FALSE,0,"geen_afgeleide_jaarverslagnullen"
41,1960,"Krooneend","alleen_post_bruikbaar",660,603,57,0,16,"alleen_post_bruikbaar",15.971409223375,,,,,,,,15.9714092233743,2.27811303357782,11.446168009636,20.6803966206579,5.42438103285136e-09,"sterke_toename_p_kleiner_dan_0_01","model2_basis",16.3172413783162,,,,,,,,16.3172413783155,2.49893165407081,11.3625467531075,21.4923781498718,2.54156300911901e-08,"sterke_toename_p_kleiner_dan_0_01","model2_basis",0.345832154941201,,0.345832154941201,,,TRUE,TRUE,FALSE,FALSE,FALSE,FALSE,FALSE,0.345832154941201,"trendwaarden_gewijzigd"
243,16660,"Kruisbek","alleen_post_bruikbaar",0,0,0,0,0,"alleen_post_bruikbaar",-20.5003258319884,,,,,,,,-5.9436117008892,10.1320193740702,-24.4189547703051,17.0479205862766,0.57310545823667,"onzeker","model2_basis",-20.5003258319884,,,,,,,,-5.9436117008892,10.1320193740702,-24.4189547703051,17.0479205862766,0.57310545823667,"onzeker","model2_basis",0,,0,,,FALSE,FALSE,FALSE,FALSE,FALSE,FALSE,FALSE,0,"geen_afgeleide_jaarverslagnullen"
44,2030,"Kuifeend","brugbare_tijdreeks",297,253,44,116,6,"brugbare_tijdreeks",-2.35890528192099,4.15249012677474,1.10540861745523,1.89584491218908,6.45911233138294,0.000801749729203345,"matige_toename_p_kleiner_dan_0_01","model3_overdisp",-3.60064866379941,0.198609752236018,-4.00121938265721,-3.19840649766098,1.30440113342642e-20,"matige_afname_p_kleiner_dan_0_01","model3_overdisp",-2.2711420154359,5.66660926191358,1.12694199408122,3.36612686467348,8.01829043597289,2.71633046339697e-05,"matige_toename_p_kleiner_dan_0_01","model3_overdisp",-3.59357312524657,0.198821356914204,-3.99456979635937,-3.19090156626648,1.45120573163543e-20,"matige_afname_p_kleiner_dan_0_01","model3_overdisp",0.0877632664850903,1.51411913513884,0.00707553855284004,TRUE,TRUE,TRUE,TRUE,FALSE,FALSE,FALSE,FALSE,FALSE,1.51411913513884,"trendwaarden_gewijzigd"
147,9720,"Kuifleeuwerik","alleen_pre_bruikbaar",653,596,57,56,3,"brugbare_tijdreeks",-7.23052013954211,,,,,,,"model2_basis",,,,,,,"model2_basis",-13.0695448147361,-10.952763032524,15.5056720395964,-38.5624861007968,29.0646367063474,0.515403862176113,"onzeker","model2_basis",,,,,,,,-5.83902467519399,,,,FALSE,,,TRUE,FALSE,FALSE,FALSE,FALSE,5.83902467519399,"modelstatus_gewijzigd"
210,14540,"Kuifmees","brugbare_tijdreeks",649,593,56,10,8,"brugbare_tijdreeks",-1.36325527910629,,,,,,,"model2_basis",0.713249102759361,0.686738435399845,-0.665181016997995,2.11080715383531,0.303532021825338,"stabiel","model3_overdisp",-0.595125827338472,-8.1669494124009,33.5860941618762,-59.8495477281596,110.042694491371,0.82100941678244,"onzeker","model2_basis",0.762793580940158,0.694351967067747,-0.630817059762567,2.17594901974238,0.276727163642471,"stabiel","model3_overdisp",0.768129451767818,,0.049544478180797,,FALSE,FALSE,FALSE,FALSE,FALSE,FALSE,FALSE,FALSE,0.768129451767818,"trendwaarden_gewijzigd"
70,3700,"Kwartel","alleen_post_bruikbaar",0,0,0,0,0,"alleen_post_bruikbaar",10.2099182259902,,,,,,,,12.8617949129757,16.3067672178675,-16.7932390013967,53.0859343412299,0.413976056079748,"onzeker","model2_basis",10.2099182259902,,,,,,,,12.8617949129757,16.3067672178675,-16.7932390013967,53.0859343412299,0.413976056079748,"onzeker","model2_basis",0,,0,,,FALSE,FALSE,FALSE,FALSE,FALSE,FALSE,FALSE,0,"geen_afgeleide_jaarverslagnullen"
76,4210,"Kwartelkoning","te_zeldzaam",0,0,0,0,0,"te_zeldzaam",,,,,,,,,,,,,,,,,,,,,,,,,,,,,,,,,,,,,,FALSE,FALSE,FALSE,FALSE,FALSE,,"geen_afgeleide_jaarverslagnullen"
209,14420,"Matkop","brugbare_tijdreeks",631,575,56,115,19,"brugbare_tijdreeks",-11.0436812447546,,,,,,,"model2_basis",-13.5888943904719,3.29955894003364,-20.0067232938813,-6.65616561635523,0.000448715761400806,"sterke_afname_p_kleiner_dan_0_05","model2_basis",-7.6244339939536,11.4688045617161,7.51099952676021,-3.30313160624728,28.4973815265854,0.125517850941909,"onzeker","model2_basis",-14.4421372304998,5.22436202975274,-24.3754215526546,-3.20411654550414,0.0145493815614886,"matige_afname_p_kleiner_dan_0_05","model2_basis",3.419247250801,,-0.8532428400279,,FALSE,TRUE,TRUE,FALSE,FALSE,FALSE,FALSE,TRUE,3.419247250801,"trendwaarden_gewijzigd"
78,4290,"Meerkoet","brugbare_tijdreeks",252,215,37,86,8,"brugbare_tijdreeks",-0.430336401324227,3.69586919415883,0.402586502539566,2.86829153940564,4.53010472924031,1.80392709448436e-09,"matige_toename_p_kleiner_dan_0_01","model3_overdisp",-2.32728957230771,0.115313663069389,-2.56006934964907,-2.09395369415246,2.15351351344835e-22,"matige_afname_p_kleiner_dan_0_01","model3_overdisp",-0.236997854330623,4.81341091959906,0.451570690069067,3.88554620100079,5.74956295984603,8.70842427619647e-11,"matige_toename_p_kleiner_dan_0_01","model3_overdisp",-2.32196155067526,0.115872787625186,-2.555868676499,-2.08749294882656,2.78894744320384e-22,"matige_afname_p_kleiner_dan_0_01","model3_overdisp",0.193338546993604,1.11754172544023,0.00532802163245005,TRUE,TRUE,TRUE,TRUE,FALSE,FALSE,FALSE,FALSE,FALSE,1.11754172544023,"trendwaarden_gewijzigd"
175,11870,"Merel","brugbare_tijdreeks",52,49,3,49,3,"brugbare_tijdreeks",1.31427057190654,5.26765801022058,0.499573645366675,4.24162176407492,6.30379339297396,1.03721176748844e-10,"matige_toename_p_kleiner_dan_0_01","model3_overdisp",-0.216214214238075,0.108706692146166,-0.435676938792273,0.00373225676251199,0.0538221206579587,"stabiel","model3_overdisp",1.46814607372991,6.37503514094948,0.537008315266701,5.2724583473492,7.48915983230831,8.25795389742021e-12,"sterke_toename_p_kleiner_dan_0_05","model3_overdisp",-0.202920645183169,0.108804805123774,-0.422581259371269,0.0172245244999036,0.0698020543350116,"stabiel","model3_overdisp",0.15387550182337,1.1073771307289,0.013293569054906,TRUE,TRUE,FALSE,FALSE,FALSE,FALSE,FALSE,TRUE,FALSE,1.1073771307289,"trendwaarden_gewijzigd"
30,1750,"Muskuseend","te_zeldzaam",0,0,0,0,0,"te_zeldzaam",,,,,,,,,,,,,,,,,,,,,,,,,,,,,,,,,,,,,,FALSE,FALSE,FALSE,FALSE,FALSE,,"geen_afgeleide_jaarverslagnullen"
167,11040,"Nachtegaal","brugbare_tijdreeks",81,75,6,46,6,"brugbare_tijdreeks",0.559831224779828,3.29374590810356,0.30765351093439,2.66072790178,3.93066717718904,9.22729218169883e-11,"matige_toename_p_kleiner_dan_0_01","model3_overdisp",-1.34490690157959,0.0999852254463115,-1.54677776099331,-1.14262212129101,2.46712591795226e-16,"matige_afname_p_kleiner_dan_0_01","model3_overdisp",0.66766497046522,3.65969302791547,0.329760418132107,2.98133035411421,4.3425242390295,4.30235597353888e-11,"matige_toename_p_kleiner_dan_0_01","model3_overdisp",-1.33380664524813,0.100539215171244,-1.53679488576103,-1.13039993140055,3.87231134002356e-16,"matige_afname_p_kleiner_dan_0_01","model3_overdisp",0.107833745685392,0.36594711981191,0.0111002563314599,TRUE,TRUE,TRUE,TRUE,FALSE,FALSE,FALSE,FALSE,FALSE,0.36594711981191,"trendwaarden_gewijzigd"
135,7780,"Nachtzwaluw","alleen_post_bruikbaar",660,602,58,0,5,"alleen_post_bruikbaar",5.49456265861228,,,,,,,,6.13471890316719,10.6039759384057,-13.2715035734431,29.8832450784309,0.554583670533577,"onzeker","model2_basis",6.1593962652053,,,,,,,,6.79492028499529,13.2768826842736,-16.9329880704698,37.3006532166349,0.599871526439058,"onzeker","model2_basis",0.664833606593019,,0.6602013818281,,,FALSE,FALSE,FALSE,FALSE,FALSE,FALSE,FALSE,0.664833606593019,"trendwaarden_gewijzigd"
27,1700,"Nijlgans","brugbare_tijdreeks",608,557,51,103,22,"brugbare_tijdreeks",-0.490538824032849,,,,,,,"model3_overdisp",-0.17171126553821,0.391003085419587,-0.958838395882777,0.621671537794133,0.663183013182373,"stabiel","model3_overdisp",2.29941954724504,44.8995255500053,62.215315146362,-45.1423754209269,282.733898263362,0.410149561677582,"onzeker","model2_basis",-0.0750034756097917,0.392238571544295,-0.864610927323484,0.72089315228645,0.849377144010152,"stabiel","model3_overdisp",2.78995837127789,,0.0967077899284183,,FALSE,FALSE,FALSE,FALSE,FALSE,FALSE,FALSE,FALSE,2.78995837127789,"trendwaarden_gewijzigd"
102,5560,"Oeverloper","te_zeldzaam",0,0,0,0,0,"te_zeldzaam",,,,,,,,,,,,,,,,,,,,,,,,,,,,,,,,,,,,,,FALSE,FALSE,FALSE,FALSE,FALSE,,"geen_afgeleide_jaarverslagnullen"
151,9810,"Oeverzwaluw","brugbare_tijdreeks",656,598,58,41,0,"brugbare_tijdreeks",0.427005004341385,,,,,,,"model2_basis",-13.4103547247361,14.1435844708927,-40.159741303213,25.2963612154071,0.400958748997499,"onzeker","model2_basis",2.20058366094715,-4.98845251886274,7.64030321678803,-19.8798505633332,12.6707104047053,0.533546734888173,"onzeker","model2_basis",-13.4103547247361,14.1435844708927,-40.159741303213,25.2963612154071,0.400958748997499,"onzeker","model2_basis",1.77357865660576,,0,,FALSE,FALSE,FALSE,FALSE,FALSE,FALSE,FALSE,FALSE,1.77357865660576,"trendwaarden_gewijzigd"
171,11370,"Paapje","brugbare_tijdreeks",578,520,58,294,5,"brugbare_tijdreeks",-18.5567071161141,-2.27939121762658,2.18611138305196,-6.76598052370015,2.42310086421964,0.316335230468561,"onzeker","model2_basis",-27.9396191389002,54.7451991819732,-84.4999995224626,235.012795475202,0.668623503177006,"onzeker","model2_basis",-23.1274347966414,-18.9582408676936,21.9797732388732,-53.6971511385747,41.8436853186876,0.445879541844633,"onzeker","model2_basis",-24.7273054474614,28.5718653302116,-65.0699217574905,62.2091569867812,0.458745608528185,"onzeker","model2_basis",-4.5707276805273,-16.678849650067,3.2123136914388,FALSE,FALSE,FALSE,FALSE,FALSE,FALSE,FALSE,FALSE,FALSE,16.678849650067,"trendwaarden_gewijzigd"
69,3670,"Patrijs","alleen_pre_bruikbaar",644,585,59,110,0,"alleen_pre_bruikbaar",-5.55957197896453,,,,,,,"model2_basis",,,,,,,,-34.4359899888507,-34.4359899888504,446.77872534493,-99.9999488722177,84076290.8797963,0.95111663468983,"onzeker","model2_basis",,,,,,,,-28.8764180098862,,,,FALSE,,,FALSE,FALSE,FALSE,FALSE,FALSE,28.8764180098862,"trendwaarden_gewijzigd"
38,1890,"Pijlstaart","te_zeldzaam",0,0,0,0,0,"te_zeldzaam",,,,,,,,,,,,,,,,,,,,,,,,,,,,,,,,,,,,,,FALSE,FALSE,FALSE,FALSE,FALSE,,"geen_afgeleide_jaarverslagnullen"
213,14620,"Pimpelmees","brugbare_tijdreeks",448,435,13,217,13,"brugbare_tijdreeks",2.69143474469706,,,,,,,"model3_overdisp",1.28799833037418,0.124797862009367,1.03608622679281,1.54053852348575,6.39043631753551e-13,"matige_toename_p_kleiner_dan_0_01","model3_overdisp",4.92121375181636,13.5076747115561,1.35932356441423,10.7157172648931,16.3700379377828,7.15588437588549e-10,"sterke_toename_p_kleiner_dan_0_01","model2_basis",1.30458235101536,0.125053154623707,1.05215551484104,1.55763974580865,4.64167135319021e-13,"matige_toename_p_kleiner_dan_0_01","model3_overdisp",2.2297790071193,,0.01658402064118,,TRUE,TRUE,TRUE,FALSE,FALSE,FALSE,FALSE,FALSE,2.2297790071193,"trendwaarden_gewijzigd"
73,4080,"Porseleinhoen","lokaal_incidenteel",0,0,0,0,0,"lokaal_incidenteel",,,,,,,,,,,,,,,,,,,,,,,,,,,,,,,,,,,,,,FALSE,FALSE,FALSE,FALSE,FALSE,,"geen_afgeleide_jaarverslagnullen"
237,16530,"Putter","brugbare_tijdreeks",651,596,55,22,30,"brugbare_tijdreeks",5.89633018672451,,,,,,,"model2_basis",7.10096530863726,0.715386341692327,5.66248886246723,8.55902500055954,1.61782684876586e-12,"sterke_toename_p_kleiner_dan_0_05","model2_basis",5.88524934485626,0.769374298543957,16.0254788869464,-29.678272678741,44.4001332636528,0.962614437538405,"onzeker","model2_basis",7.26498913900311,0.733693674811817,5.7899399269494,8.76060524219491,1.69606843300841e-12,"sterke_toename_p_kleiner_dan_0_05","model2_basis",-0.0110808418682504,,0.16402383036585,,FALSE,TRUE,TRUE,FALSE,FALSE,FALSE,FALSE,FALSE,0.16402383036585,"trendwaarden_gewijzigd"
132,7670,"Ransuil","brugbare_tijdreeks",586,529,57,248,16,"brugbare_tijdreeks",-2.98342200932816,,,,,,,"model3_overdisp",-2.42772746547344,3.28654698265492,-8.84903747131764,4.44594443592596,0.469857915284645,"onzeker","model2_basis",-6.17149403562155,-11.2368799367846,20.8488159793655,-45.336313011833,44.1339199286416,0.616446284957763,"onzeker","model2_basis",-2.22212326439111,3.46685731578619,-8.98374065273588,5.04181612701389,0.529827581973622,"onzeker","model2_basis",-3.18807202629339,,0.20560420108233,,FALSE,FALSE,FALSE,FALSE,FALSE,FALSE,FALSE,FALSE,3.18807202629339,"trendwaarden_gewijzigd"
251,18770,"Rietgors","brugbare_tijdreeks",315,271,44,153,11,"brugbare_tijdreeks",-1.15009812957934,6.39356989966444,1.06249079302013,4.22314082434427,8.60919778912259,2.0580353850651e-06,"matige_toename_p_kleiner_dan_0_01","model3_overdisp",-4.70225169413102,0.200521370234956,-5.10665998602516,-4.29611992968836,1.34830137700603e-24,"matige_afname_p_kleiner_dan_0_01","model3_overdisp",-0.369688491444742,11.7197145918996,1.23444629589579,9.20077408757136,14.2967596409745,4.63884725232437e-10,"sterke_toename_p_kleiner_dan_0_01","model3_overdisp",-4.67771879104892,0.201979018019459,-5.08506077624381,-4.26862863539469,2.13406175575365e-24,"matige_afname_p_kleiner_dan_0_01","model3_overdisp",0.780409638134598,5.32614469223516,0.0245329030820995,TRUE,TRUE,TRUE,TRUE,FALSE,FALSE,FALSE,TRUE,FALSE,5.32614469223516,"trendwaarden_gewijzigd"
186,12430,"Rietzanger","brugbare_tijdreeks",569,514,55,198,19,"brugbare_tijdreeks",0.975123575648995,,,,,,,"model3_overdisp",1.58461844693776,0.514780493164818,0.549517959189694,2.63037470948697,0.00351296112728303,"matige_toename_p_kleiner_dan_0_05","model3_overdisp",2.48661837570887,9.44048016335377,6.93351100855597,-4.00244223685019,24.7658688144573,0.167898574723003,"onzeker","model2_basis",1.67887751800773,0.514417746663075,0.644497801980259,2.72388813210014,0.00209132369291161,"matige_toename_p_kleiner_dan_0_05","model3_overdisp",1.51149480005987,,0.09425907106997,,FALSE,TRUE,TRUE,FALSE,FALSE,FALSE,FALSE,FALSE,1.51149480005987,"trendwaarden_gewijzigd"
232,15980,"Ringmus","brugbare_tijdreeks",501,445,56,221,19,"brugbare_tijdreeks",-17.7180989929351,,,,,,,"model3_overdisp",-23.7406592888727,13.9090001488976,-47.2526040579714,10.251642604068,0.145122479807589,"onzeker","model2_basis",-15.9709875843035,19.6891035531374,1.9960837843083,15.53152192306,23.9963022290481,9.60620743921618e-09,"sterke_toename_p_kleiner_dan_0_01","model2_basis",-23.9840473892297,14.578535177668,-48.4095706682555,12.0057562259383,0.160514998284045,"onzeker","model2_basis",1.7471114086316,,-0.243388100357002,,TRUE,FALSE,FALSE,FALSE,FALSE,FALSE,FALSE,FALSE,1.7471114086316,"trendwaarden_gewijzigd"
225,15630,"Roek","lokaal_incidenteel",0,0,0,0,0,"lokaal_incidenteel",,,,,,,,,,,,,,,,,,,,,,,,,,,,,,,,,,,,,,FALSE,FALSE,FALSE,FALSE,FALSE,,"geen_afgeleide_jaarverslagnullen"
7,950,"Roerdomp","alleen_post_bruikbaar",659,601,58,0,9,"alleen_post_bruikbaar",13.226017918349,,,,,,,,13.2260179183488,14.0594568890949,-11.9041174839137,45.5247483479751,0.323151771009043,"onzeker","model2_basis",13.5103125140897,,,,,,,,13.5103125140895,14.7890988502449,-12.768053389338,47.7049584202611,0.336579073742109,"onzeker","model2_basis",0.2842945957407,,0.2842945957407,,,FALSE,FALSE,FALSE,FALSE,FALSE,FALSE,FALSE,0.2842945957407,"trendwaarden_gewijzigd"
166,10990,"Roodborst","brugbare_tijdreeks",340,324,16,183,16,"brugbare_tijdreeks",1.20741202320724,,,,,,,"model3_overdisp",-0.380094684042298,0.119494110698238,-0.621308786985464,-0.138295101025399,0.00288360944801642,"matige_afname_p_kleiner_dan_0_05","model3_overdisp",1.58973303563616,6.45457614645188,0.707326235611153,4.99773175745719,7.93163426328831,3.58220780432974e-09,"matige_toename_p_kleiner_dan_0_01","model2_basis",-0.371371297175849,0.119824470283962,-0.613251488560618,-0.128902435491862,0.00359951845377905,"matige_afname_p_kleiner_dan_0_05","model3_overdisp",0.38232101242892,,0.00872338686644902,,TRUE,TRUE,TRUE,FALSE,FALSE,FALSE,FALSE,FALSE,0.38232101242892,"trendwaarden_gewijzigd"
172,11390,"Roodborsttapuit","brugbare_tijdreeks",421,389,32,258,24,"brugbare_tijdreeks",2.9289672083135,-3.7311518108857,0.809647433231548,-5.38776270217086,-2.0455345275787,0.000140294469740373,"matige_afname_p_kleiner_dan_0_01","model3_overdisp",5.18899579121128,0.437826972090966,4.30782600117803,6.07760951166314,5.22952201674174e-15,"matige_toename_p_kleiner_dan_0_01","model3_overdisp",1.72307231859776,-4.83267454463242,1.02189272619442,-6.91855858709675,-2.70004743316783,0.000111106213884773,"matige_afname_p_kleiner_dan_0_01","model3_overdisp",5.3471286018077,0.441330236985334,4.4589323532285,6.24287702958517,2.5316651867315e-15,"matige_toename_p_kleiner_dan_0_01","model3_overdisp",-1.20589488971574,-1.10152273374672,0.15813281059642,TRUE,TRUE,TRUE,TRUE,FALSE,FALSE,FALSE,FALSE,FALSE,1.20589488971574,"trendwaarden_gewijzigd"
245,16790,"Roodmus","alleen_post_bruikbaar",661,602,59,0,0,"alleen_post_bruikbaar",-26.1126405713399,,,,,,,,3.92163317459915,2.69543285071271,-1.42626904793207,9.55967413800509,0.147835975060267,"onzeker","model2_basis",-26.1126405713399,,,,,,,,3.92163317459915,2.69543285071271,-1.42626904793207,9.55967413800509,0.147835975060267,"onzeker","model2_basis",0,,0,,,FALSE,FALSE,FALSE,FALSE,FALSE,FALSE,FALSE,0,"geen_wijziging_in_trenduitvoer"
163,10202,"Rouwkwikstaart","te_zeldzaam",0,0,0,0,0,"te_zeldzaam",,,,,,,,,,,,,,,,,,,,,,,,,,,,,,,,,,,,,,FALSE,FALSE,FALSE,FALSE,FALSE,,"geen_afgeleide_jaarverslagnullen"
80,4500,"Scholekster","brugbare_tijdreeks",387,342,45,271,20,"brugbare_tijdreeks",-9.74422525656828,-0.0839073941085067,0.399803758601664,-0.905663898790032,0.744663665062761,0.835607401821498,"stabiel","model3_overdisp",-15.3515384359585,8.24876468087905,-30.4838862040164,3.0748362341998,0.0949591205504803,"onzeker","model2_basis",-9.04483499305397,2.27062382071306,0.713078721861968,0.80944044445348,3.75298633306986,0.00365781399655538,"matige_toename_p_kleiner_dan_0_05","model3_overdisp",-15.5573624443013,10.6960087101878,-34.6295068979106,9.07916858187474,0.189428516658151,"onzeker","model2_basis",0.69939026351431,2.35453121482157,-0.2058240083428,FALSE,TRUE,FALSE,FALSE,FALSE,TRUE,FALSE,TRUE,FALSE,2.35453121482157,"trendwaarden_gewijzigd"
238,16540,"Sijs","alleen_post_bruikbaar",0,0,0,0,0,"alleen_post_bruikbaar",1.509675751345,,,,,,,,1.7299995485542,10.1042321436408,-16.7996727402936,24.386443527378,0.863813277051033,"onzeker","model2_basis",1.509675751345,,,,,,,,1.7299995485542,10.1042321436408,-16.7996727402936,24.386443527378,0.863813277051033,"onzeker","model2_basis",0,,0,,,FALSE,FALSE,FALSE,FALSE,FALSE,FALSE,FALSE,0,"geen_afgeleide_jaarverslagnullen"
67,3200,"Slechtvalk","alleen_post_bruikbaar",0,0,0,0,0,"alleen_post_bruikbaar",0,,,,,,,,0,23.7332110369088,-48.260029331931,93.2741721898858,1,"onzeker","model3_basis",0,,,,,,,,0,23.7332110369088,-48.260029331931,93.2741721898858,1,"onzeker","model3_basis",0,,0,,,FALSE,FALSE,FALSE,FALSE,FALSE,FALSE,FALSE,0,"geen_afgeleide_jaarverslagnullen"
40,1940,"Slobeend","brugbare_tijdreeks",357,301,56,161,11,"brugbare_tijdreeks",-5.985942533884,-4.33226226860571,0.542565308229115,-5.44553384356108,-3.20588318376761,4.8246569010402e-08,"matige_afname_p_kleiner_dan_0_01","model3_overdisp",-6.66954228500953,0.976624857228128,-8.62264896568086,-4.67468974868684,6.87323251275129e-08,"matige_afname_p_kleiner_dan_0_01","model2_basis",-6.42822336976293,-4.66179909019194,0.592609702152281,-5.87707340500689,-3.43083368167987,6.4462105400863e-08,"matige_afname_p_kleiner_dan_0_01","model3_overdisp",-6.62176805842888,1.00706453162098,-8.63509952478256,-4.56407049992901,1.50953937394756e-07,"matige_afname_p_kleiner_dan_0_01","model2_basis",-0.44228083587893,-0.32953682158623,0.0477742265806498,TRUE,TRUE,TRUE,TRUE,FALSE,FALSE,FALSE,FALSE,FALSE,0.44228083587893,"trendwaarden_gewijzigd"
184,12380,"Snor","alleen_post_bruikbaar",659,601,58,0,1,"alleen_post_bruikbaar",-13.4813762784297,,,,,,,,-13.4813762784297,6.58322567014787,-25.8327268672103,0.926890453052165,0.0646181501545942,"onzeker","model2_basis",-12.536157512985,,,,,,,,-12.5078675342598,8.31000761154786,-27.8121460235201,6.04101412817619,0.167602607416073,"onzeker","model2_basis",0.9452187654447,,0.9735087441699,,,FALSE,FALSE,FALSE,FALSE,FALSE,FALSE,FALSE,0.9735087441699,"trendwaarden_gewijzigd"
37,1869,"Soepeend","alleen_post_bruikbaar",657,603,54,0,8,"alleen_post_bruikbaar",-4.52354762279713,,,,,,,,-4.52354762279692,1.06768515781514,-6.67646148050417,-2.32096743061243,0.000247540798027085,"matige_afname_p_kleiner_dan_0_01","model3_overdisp",-4.35547051379349,,,,,,,,-4.35547051379327,1.06703097153222,-6.50712315438896,-2.15429956504425,0.000373883288135704,"matige_afname_p_kleiner_dan_0_01","model3_overdisp",0.16807710900364,,0.16807710900365,,,TRUE,TRUE,FALSE,FALSE,FALSE,FALSE,FALSE,0.16807710900365,"trendwaarden_gewijzigd"
22,1619,"Soepgans","alleen_post_bruikbaar",660,603,57,0,2,"alleen_post_bruikbaar",-2.37946607027976,,,,,,,,-2.37946607027975,6.59413087723575,-15.2094634600038,12.3918898688466,0.725185931711506,"onzeker","model2_basis",-3.43870597885575,,,,,,,,-3.43870597885576,10.2938665593304,-22.6914212919713,20.6086524789459,0.746139402877047,"onzeker","model2_basis",-1.05923990857599,,-1.05923990857601,,,FALSE,FALSE,FALSE,FALSE,FALSE,FALSE,FALSE,1.05923990857601,"trendwaarden_gewijzigd"
61,2690,"Sperwer","alleen_post_bruikbaar",659,603,56,0,14,"alleen_post_bruikbaar",1.88672883081831,,,,,,,,1.88672883081831,1.89867654913569,-1.88534297400168,5.80382000513928,0.322194246582061,"onzeker","model2_basis",2.19651373776675,,,,,,,,2.19651373776675,2.02303412468341,-1.81793018944079,6.37509924475343,0.279290003150256,"onzeker","model2_basis",0.30978490694844,,0.30978490694844,,,FALSE,FALSE,FALSE,FALSE,FALSE,FALSE,FALSE,0.30978490694844,"trendwaarden_gewijzigd"
190,12590,"Spotvogel","brugbare_tijdreeks",640,585,55,79,17,"brugbare_tijdreeks",-0.438045967897827,,,,,,,"model2_basis",0.372393035807139,1.56527470517227,-2.741810601666,3.58631335889459,0.81282534929919,"stabiel","model2_basis",-0.938704547056701,-0.0926377834747805,5.2899277250716,-10.6105138430023,11.6628079451443,0.98622711173927,"onzeker","model2_basis",-0.0585950152453885,2.41717064188292,-4.82640108618627,4.94805854060238,0.980786410262669,"stabiel","model2_basis",-0.500658579158874,,-0.430988051052528,,FALSE,FALSE,FALSE,FALSE,FALSE,FALSE,FALSE,FALSE,0.500658579158874,"trendwaarden_gewijzigd"
229,15820,"Spreeuw","brugbare_tijdreeks",457,414,43,164,19,"brugbare_tijdreeks",-3.89747102641008,5.6479747537409,4.3532752197237,-3.23501740946625,15.3464225462381,0.2023049636467,"onzeker","model3_overdisp",-6.92478306639426,0.603192327849791,-8.13593112531925,-5.69766707094516,9.42118977823679e-14,"sterke_afname_p_kleiner_dan_0_05","model3_overdisp",-3.28747920214441,14.1314347690763,3.61080795361234,6.68893581420091,22.0931139957446,0.000808038459269934,"sterke_toename_p_kleiner_dan_0_05","model3_overdisp",-6.8452291000358,0.615456570845497,-8.08084535462386,-5.59300316779684,2.41812954959558e-13,"sterke_afname_p_kleiner_dan_0_05","model3_overdisp",0.60999182426567,8.4834600153354,0.0795539663584597,FALSE,TRUE,TRUE,TRUE,FALSE,TRUE,FALSE,TRUE,FALSE,8.4834600153354,"trendwaarden_gewijzigd"
182,12360,"Sprinkhaanrietzanger","brugbare_tijdreeks",326,294,32,193,26,"brugbare_tijdreeks",1.04959314868138,-1.53033858941478,0.550238415098527,-2.65945140108851,-0.388128504715202,0.0108974145495491,"matige_afname_p_kleiner_dan_0_05","model3_overdisp",-0.38842251108826,0.252107180365681,-0.896649194436561,0.122410485362145,0.131993788350392,"stabiel","model3_overdisp",0.406118287820445,-5.2577531448724,0.69476667895376,-6.68088435222604,-3.812918962525,1.3206492921866e-07,"matige_afname_p_kleiner_dan_0_01","model3_overdisp",-0.229765016265304,0.252399969430532,-0.738582497542695,0.281660681132379,0.368651700194282,"stabiel","model3_overdisp",-0.643474860860935,-3.72741455545762,0.158657494822956,TRUE,TRUE,FALSE,FALSE,FALSE,FALSE,FALSE,TRUE,FALSE,3.72741455545762,"trendwaarden_gewijzigd"
207,14370,"Staartmees","brugbare_tijdreeks",432,410,22,330,22,"brugbare_tijdreeks",1.72270345608549,6.54293202221101,1.2318386129865,4.02491224385482,9.12190281189158,1.42391093348559e-05,"matige_toename_p_kleiner_dan_0_01","model3_overdisp",-0.866686328500699,0.163253410018851,-1.19608530109907,-0.536189183998115,4.74415738970515e-06,"matige_afname_p_kleiner_dan_0_01","model3_overdisp",3.69730902176519,13.8844181703828,1.74335404896031,10.3345199012952,17.5485307192093,1.51393063796932e-08,"sterke_toename_p_kleiner_dan_0_01","model3_overdisp",-0.835888545348773,0.164776306837557,-1.16835530577385,-0.502303376471325,1.00430414790242e-05,"matige_afname_p_kleiner_dan_0_01","model3_overdisp",1.9746055656797,7.34148614817179,0.030797783151926,TRUE,TRUE,TRUE,TRUE,FALSE,FALSE,FALSE,TRUE,FALSE,7.34148614817179,"trendwaarden_gewijzigd"
130,7570,"Steenuil","te_zeldzaam",0,0,0,0,0,"te_zeldzaam",,,,,,,,,,,,,,,,,,,,,,,,,,,,,,,,,,,,,,FALSE,FALSE,FALSE,FALSE,FALSE,,"geen_afgeleide_jaarverslagnullen"
106,5900,"Stormmeeuw","brugbare_tijdreeks",535,482,53,106,11,"brugbare_tijdreeks",-10.6708260033138,9.33737459433401,1.93683632258597,5.41213260258178,13.4087812097724,3.76273573277175e-05,"sterke_toename_p_kleiner_dan_0_05","model3_overdisp",-20.6827502497803,3.45084747571534,-27.3593334857954,-13.392505743205,4.16975787562429e-06,"sterke_afname_p_kleiner_dan_0_01","model2_basis",-10.8369042559268,11.3950661399009,1.89336277920257,7.55510362129983,15.3721240788754,1.45373606193618e-06,"sterke_toename_p_kleiner_dan_0_05","model3_overdisp",-21.7727979790369,32.1323997621404,-65.8949377222369,79.4306981816759,0.553339873289354,"onzeker","model2_basis",-0.166078252613,2.05769154556689,-1.0900477292566,TRUE,TRUE,TRUE,FALSE,FALSE,FALSE,TRUE,FALSE,TRUE,2.05769154556689,"trendwaarden_gewijzigd"
42,1980,"Tafeleend","brugbare_tijdreeks",386,339,47,125,7,"brugbare_tijdreeks",-0.394835086567469,6.90886705566218,1.06824713438625,4.72171193277482,9.14170179401119,8.05250397338045e-07,"matige_toename_p_kleiner_dan_0_01","model3_overdisp",-3.10602589247797,0.215909156277585,-3.54141343999479,-2.66867312524052,3.58354930610999e-17,"matige_afname_p_kleiner_dan_0_01","model3_overdisp",0.453764513902888,12.2805723194653,1.17639495619362,9.87319679347061,14.7406946216738,1.11448728772902e-10,"sterke_toename_p_kleiner_dan_0_01","model3_overdisp",-3.08259929137588,0.215898178021478,-3.51796498748432,-2.64526905037237,4.5902748114895e-17,"matige_afname_p_kleiner_dan_0_01","model3_overdisp",0.848599600470357,5.37170526380312,0.02342660110209,TRUE,TRUE,TRUE,TRUE,FALSE,FALSE,FALSE,TRUE,FALSE,5.37170526380312,"trendwaarden_gewijzigd"
173,11460,"Tapuit","brugbare_tijdreeks",259,218,41,171,25,"brugbare_tijdreeks",-19.7011968048779,1.97770632991991,0.553002046805111,0.84272941060759,3.12545732441742,0.00139724806258835,"matige_toename_p_kleiner_dan_0_05","model3_overdisp",-30.4888865583511,419.807601981366,-99.9996524699953,13903145.2634505,0.9522817362446,"onzeker","model2_basis",-18.7679406897379,5.9705624849854,0.635484923642223,4.6670692421052,7.29028905365312,9.42144413304951e-10,"matige_toename_p_kleiner_dan_0_01","model3_overdisp",-29.8895162414622,379.96136278602,-99.9987728691075,4005568.80263293,0.948084247525742,"onzeker","model2_basis",0.933256115139997,3.99285615506549,0.599370316888901,TRUE,TRUE,FALSE,FALSE,FALSE,FALSE,FALSE,TRUE,FALSE,3.99285615506549,"trendwaarden_gewijzigd"
198,13110,"Tjiftjaf","brugbare_tijdreeks",479,470,9,307,9,"brugbare_tijdreeks",5.88012429863409,,,,,,,"model3_overdisp",4.287885863584,0.165259335299287,3.95441856890473,4.62242286206376,5.53353679523637e-27,"matige_toename_p_kleiner_dan_0_01","model3_overdisp",8.23424981854797,10.2792989604271,1.52385765560097,7.17863585403271,13.4696638214926,2.54950469238742e-07,"sterke_toename_p_kleiner_dan_0_05","model2_basis",4.31941352326051,0.16575259863699,3.98495233639964,4.65495048390405,4.66658927167079e-27,"matige_toename_p_kleiner_dan_0_01","model3_overdisp",2.35412551991388,,0.0315276596765104,,TRUE,TRUE,TRUE,FALSE,FALSE,FALSE,FALSE,FALSE,2.35412551991388,"trendwaarden_gewijzigd"
64,3040,"Torenvalk","brugbare_tijdreeks",617,564,53,258,26,"brugbare_tijdreeks",-7.66234046445646,,,,,,,"model3_overdisp",-12.0880213296482,47.8425597360285,-70.733396571106,164.072871063209,0.814069714816775,"onzeker","model2_basis",-9.65701103081994,-9.5571981450822,3.42340104372694,-16.3538125346286,-2.20832945011015,0.0138977177471778,"matige_afname_p_kleiner_dan_0_05","model2_basis",-12.0695873591504,49.927584367225,-72.0906116988105,177.03070320823,0.82194437095254,"onzeker","model2_basis",-1.99467056636348,,0.0184339704977994,,TRUE,FALSE,FALSE,FALSE,FALSE,FALSE,FALSE,FALSE,1.99467056636348,"trendwaarden_gewijzigd"
125,6870,"Tortelduif","brugbare_tijdreeks",290,248,42,209,28,"brugbare_tijdreeks",-7.68288216733697,6.54787516502928,0.640571822501229,5.23396841758255,7.87818679548999,1.71177022678162e-10,"sterke_toename_p_kleiner_dan_0_05","model3_overdisp",-15.1126914399882,2.95440158423604,-20.878592587246,-8.92660545114247,2.99050680248051e-05,"sterke_afname_p_kleiner_dan_0_05","model2_basis",-7.05136987553271,10.012128335863,0.811012236014019,8.3509508966052,11.6987740378528,2.56767311216337e-12,"sterke_toename_p_kleiner_dan_0_01","model3_overdisp",-15.3894032510049,3.45883574911676,-22.0989805491678,-8.10193329062301,0.00020387169486736,"sterke_afname_p_kleiner_dan_0_05","model2_basis",0.631512291804261,3.46425317083372,-0.2767118110167,TRUE,TRUE,TRUE,TRUE,FALSE,FALSE,FALSE,TRUE,FALSE,3.46425317083372,"trendwaarden_gewijzigd"
194,12760,"Tuinfluiter","brugbare_tijdreeks",500,469,31,283,31,"brugbare_tijdreeks",3.4850258723113,,,,,,,"model3_overdisp",3.79146189914907,0.215003041834225,3.35783289982878,4.22691015206411,9.37325938703984e-21,"matige_toename_p_kleiner_dan_0_01","model3_overdisp",5.2534723334237,10.1155554854861,1.82981921684068,6.38538657745573,13.9765145380098,7.80741368951659e-06,"sterke_toename_p_kleiner_dan_0_05","model2_basis",3.82203883417043,0.215554741477814,3.38729920417606,4.25860652764398,7.66977257898841e-21,"matige_toename_p_kleiner_dan_0_01","model3_overdisp",1.7684464611124,,0.0305769350213603,,TRUE,TRUE,TRUE,FALSE,FALSE,FALSE,FALSE,FALSE,1.7684464611124,"trendwaarden_gewijzigd"
98,5460,"Tureluur","brugbare_tijdreeks",652,593,59,93,0,"brugbare_tijdreeks",-1.05095132421323,,,,,,,"model2_basis",-0.554618509016458,4.69947376832927,-9.72980587042283,9.55314758370482,0.90715405886755,"onzeker","model2_basis",1.74591765035732,-3.39274211322768,2.43716936766031,-8.29410507192287,1.77058174636391,0.183924505182547,"onzeker","model2_basis",-0.554618509016458,4.69947376832927,-9.72980587042283,9.55314758370482,0.90715405886755,"onzeker","model2_basis",2.79686897457055,,0,,FALSE,FALSE,FALSE,FALSE,FALSE,FALSE,FALSE,FALSE,2.79686897457055,"trendwaarden_gewijzigd"
124,6840,"Turkse Tortel","brugbare_tijdreeks",630,575,55,87,16,"brugbare_tijdreeks",-0.952078572841775,,,,,,,"model2_basis",-0.314717198328951,1.51541260492053,-3.33090784208818,2.79558218066738,0.836788227656558,"stabiel","model2_basis",0.630907679764636,5.87325784181969,4.38872784640473,-2.87127325961741,15.4050619442546,0.183072444612835,"onzeker","model2_basis",-0.329209843472289,1.57017934929938,-3.45267235206969,2.89530173898647,0.835262137974881,"stabiel","model2_basis",1.58298625260641,,-0.014492645143338,,FALSE,FALSE,FALSE,FALSE,FALSE,FALSE,FALSE,FALSE,1.58298625260641,"trendwaarden_gewijzigd"
150,9760,"Veldleeuwerik","brugbare_tijdreeks",497,442,55,187,14,"brugbare_tijdreeks",-4.72196441160725,,,,,,,"model3_overdisp",-7.64698976058951,1.33577242699282,-10.3076089830611,-4.90744640010886,2.37980279987425e-06,"matige_afname_p_kleiner_dan_0_01","model2_basis",-5.15314075003885,3.19618893516724,1.10016032566842,0.950367560257059,5.49197262096246,0.00696750939771918,"matige_toename_p_kleiner_dan_0_05","model2_basis",-7.35843291151603,1.34257073886311,-10.0325169651487,-4.60486763550526,4.92589533934465e-06,"matige_afname_p_kleiner_dan_0_01","model2_basis",-0.4311763384316,,0.28855684907348,,TRUE,TRUE,TRUE,FALSE,FALSE,FALSE,FALSE,FALSE,0.4311763384316,"trendwaarden_gewijzigd"
133,7680,"Velduil","te_zeldzaam",660,602,58,0,0,"te_zeldzaam",,,,,,,,,,,,,,,,,,,,,,,,,,,,,,,,,,,,,,FALSE,FALSE,FALSE,FALSE,FALSE,,"geen_wijziging_in_trenduitvoer"
233,16360,"Vink","brugbare_tijdreeks",622,592,30,28,30,"brugbare_tijdreeks",11.4886990885299,,,,,,,"model2_basis",12.0239914329405,0.626649264235312,10.7646184635163,13.2976832371886,1.13718363442619e-22,"sterke_toename_p_kleiner_dan_0_01","model3_overdisp",10.9921418173532,-6.02603529201391,16.7791454345858,-37.2532146230368,40.7419677340166,0.735773295690987,"onzeker","model2_basis",12.1167607999051,0.629701076862416,10.8512834583141,13.3966848204349,1.01040873124902e-22,"sterke_toename_p_kleiner_dan_0_01","model3_overdisp",-0.4965572711767,,0.0927693669645997,,FALSE,TRUE,TRUE,FALSE,FALSE,FALSE,FALSE,FALSE,0.4965572711767,"trendwaarden_gewijzigd"
116,6150,"Visdief","alleen_post_bruikbaar",0,0,0,0,0,"alleen_post_bruikbaar",-11.0480455085754,,,,,,,,-2.67787320162131,9.34322402849601,-20.0051767537515,18.4026163218492,0.779318648441652,"onzeker","model2_basis",-11.0480455085754,,,,,,,,-2.67787320162131,9.34322402849601,-20.0051767537515,18.4026163218492,0.779318648441652,"onzeker","model2_basis",0,,0,,,FALSE,FALSE,FALSE,FALSE,FALSE,FALSE,FALSE,0,"geen_afgeleide_jaarverslagnullen"
202,13150,"Vuurgoudhaan","alleen_post_bruikbaar",0,0,0,0,0,"alleen_post_bruikbaar",-9.42264326031155,,,,,,,,-8.72864442327688,8.44733000976228,-24.5406568715273,10.3966719486236,0.332819662136369,"onzeker","model2_basis",-9.42264326031155,,,,,,,,-8.72864442327688,8.44733000976228,-24.5406568715273,10.3966719486236,0.332819662136369,"onzeker","model2_basis",0,,0,,,FALSE,FALSE,FALSE,FALSE,FALSE,FALSE,FALSE,0,"geen_afgeleide_jaarverslagnullen"
77,4240,"Waterhoen","brugbare_tijdreeks",344,295,49,161,22,"brugbare_tijdreeks",-2.25042704894316,-1.3831292816093,0.440799959346508,-2.28871214191398,-0.469153528990385,0.00470364093330016,"matige_afname_p_kleiner_dan_0_05","model3_overdisp",-4.19536606745702,0.290494080409347,-4.78068120703244,-3.60645298350476,3.80333191501552e-17,"matige_afname_p_kleiner_dan_0_01","model3_overdisp",-2.1863705929171,-1.00857337672622,0.554011248736287,-2.14541806464673,0.141478826048402,0.0826323729234946,"stabiel","model3_overdisp",-4.12495693417463,0.293784805386864,-4.71688336039379,-3.52935328888021,9.61342620535125e-17,"matige_afname_p_kleiner_dan_0_01","model3_overdisp",0.0640564560260599,0.37455590488308,0.0704091332823902,TRUE,FALSE,TRUE,TRUE,FALSE,TRUE,FALSE,TRUE,FALSE,0.37455590488308,"trendwaarden_gewijzigd"
72,4070,"Waterral","brugbare_tijdreeks",612,558,54,133,14,"brugbare_tijdreeks",0.704506851659459,,,,,,,"model3_overdisp",-0.299487066819126,0.74951034063622,-1.802854216657,1.22689615715392,0.692031512241274,"stabiel","model2_basis",5.02909743479256,16.2615507477243,24.3253442252778,-24.6663427965077,79.4250894491165,0.479027423026273,"onzeker","model2_basis",-0.216456738701476,0.771519697657487,-1.76363598231656,1.35508989305759,0.780726175723552,"stabiel","model2_basis",4.3245905831331,,0.08303032811765,,FALSE,FALSE,FALSE,FALSE,FALSE,FALSE,FALSE,FALSE,4.3245905831331,"trendwaarden_gewijzigd"
93,5190,"Watersnip","alleen_post_bruikbaar",0,0,0,0,0,"alleen_post_bruikbaar",-1.63680675558139,,,,,,,,-0.913205399094041,2.72955598766046,-6.5979326536715,5.11751124176874,0.744046707397785,"onzeker","model2_basis",-1.63680675558139,,,,,,,,-0.913205399094041,2.72955598766046,-6.5979326536715,5.11751124176874,0.744046707397785,"onzeker","model2_basis",0,,0,,,FALSE,FALSE,FALSE,FALSE,FALSE,FALSE,FALSE,0,"geen_afgeleide_jaarverslagnullen"
53,2310,"Wespendief","te_weinig_data",0,0,0,0,0,"te_weinig_data",,,,,,,,,,,,,,,,,,,,,,,,,,,,,,,,,,,,,,FALSE,FALSE,FALSE,FALSE,FALSE,,"geen_afgeleide_jaarverslagnullen"
218,15080,"Wielewaal","brugbare_tijdreeks",638,587,51,23,24,"brugbare_tijdreeks",-2.9933821746043,,,,,,,"model3_basis",-3.87549845415535,0.890142133233029,-5.65781209917369,-2.05951332027395,0.000117501239253802,"matige_afname_p_kleiner_dan_0_01","model2_basis",1.06379580330467,11.5346866410824,8.34909332272809,-4.46590306507197,30.2151454113583,0.158271013729487,"onzeker","model2_basis",-3.83917814642182,0.895802415317774,-5.63272522513631,-2.01154286148075,0.000143826047586544,"matige_afname_p_kleiner_dan_0_01","model2_basis",4.05717797790897,,0.0363203077335301,,FALSE,TRUE,TRUE,FALSE,FALSE,FALSE,FALSE,FALSE,4.05717797790897,"trendwaarden_gewijzigd"
36,1860,"Wilde Eend","brugbare_tijdreeks",189,152,37,128,14,"brugbare_tijdreeks",-2.5204960890886,-5.04138012231078,0.401770660728679,-5.86698402503205,-4.20853517034521,8.483480649526e-12,"matige_afname_p_kleiner_dan_0_01","model3_overdisp",-2.02703809905129,0.165446063505259,-2.3608471020211,-1.69208786894917,5.61218420201246e-15,"matige_afname_p_kleiner_dan_0_01","model3_overdisp",-2.60478644591692,-5.19524319616874,0.379461101690111,-5.97518647996865,-4.40883022098451,1.37891715666349e-12,"matige_afname_p_kleiner_dan_0_01","model3_overdisp",-2.01598196396939,0.166594367510437,-2.35210390628945,-1.67870302836398,8.282417751468e-15,"matige_afname_p_kleiner_dan_0_01","model3_overdisp",-0.08429035682832,-0.15386307385796,0.0110561350818998,TRUE,TRUE,TRUE,TRUE,FALSE,FALSE,FALSE,FALSE,FALSE,0.15386307385796,"trendwaarden_gewijzigd"
164,10660,"Winterkoning","brugbare_tijdreeks",154,149,5,149,5,"brugbare_tijdreeks",2.71008423449082,6.65941735168118,0.975383478501141,4.66520341502821,8.69162757645463,2.74112323941667e-07,"matige_toename_p_kleiner_dan_0_01","model3_overdisp",-0.151127252498884,0.112725785036778,-0.378694840840033,0.0769601745171489,0.187921324550688,"stabiel","model3_overdisp",3.94815828355393,12.4396971276559,1.16542191282276,10.0599292939339,14.8709214267668,4.20075694930695e-11,"sterke_toename_p_kleiner_dan_0_01","model3_overdisp",-0.145065735940064,0.11292991424787,-0.373044959491797,0.0834351790188759,0.206657244934197,"stabiel","model3_overdisp",1.23807404906311,5.78027977597472,0.00606151655882001,TRUE,TRUE,FALSE,FALSE,FALSE,FALSE,FALSE,TRUE,FALSE,5.78027977597472,"trendwaarden_gewijzigd"
35,1840,"Wintertaling","brugbare_tijdreeks",478,422,56,221,3,"brugbare_tijdreeks",-4.92550683119678,-3.05226602634964,0.946042363404714,-4.98527072245344,-1.07993577321306,0.00406425816106347,"matige_afname_p_kleiner_dan_0_05","model3_overdisp",-2.47628904758272,3.13529797363014,-8.61148489695662,4.07078162071928,0.440011746920391,"onzeker","model2_basis",-6.07508733214703,-5.24837891957438,1.31645117637726,-7.9268147375491,-2.49202662232766,0.000712694001707338,"matige_afname_p_kleiner_dan_0_01","model3_overdisp",-2.41761451179695,3.35490982224562,-8.96793009484067,4.60403644000382,0.480696477276727,"onzeker","model2_basis",-1.14958050095025,-2.19611289322474,0.0586745357857699,TRUE,TRUE,FALSE,FALSE,FALSE,FALSE,FALSE,TRUE,FALSE,2.19611289322474,"trendwaarden_gewijzigd"
162,10201,"Witte Kwikstaart","brugbare_tijdreeks",577,525,52,262,26,"brugbare_tijdreeks",-0.141953766547387,,,,,,,"model3_overdisp",0.559261752735662,0.705853024642416,-0.857249015413164,1.99601104297871,0.431574867062998,"stabiel","model2_basis",1.13315492902832,2.7525970620542,1.70091250290177,-0.69862317756233,6.32376449196634,0.113969435318195,"onzeker","model2_basis",0.87094749806691,0.690604558448924,-0.515204086620191,2.27641274971278,0.212619525499042,"stabiel","model2_basis",1.27510869557571,,0.311685745331248,,FALSE,FALSE,FALSE,FALSE,FALSE,FALSE,FALSE,FALSE,1.27510869557571,"trendwaarden_gewijzigd"
8,980,"Woudaap","alleen_post_bruikbaar",0,0,0,0,0,"alleen_post_bruikbaar",5.02539804699058,,,,,,,,8.09051995715289,11.4981841730817,-12.9444499070322,34.2081061130581,0.469720840740331,"onzeker","model2_basis",5.02539804699058,,,,,,,,8.09051995715289,11.4981841730817,-12.9444499070322,34.2081061130581,0.469720840740331,"onzeker","model2_basis",0,,0,,,FALSE,FALSE,FALSE,FALSE,FALSE,FALSE,FALSE,0,"geen_afgeleide_jaarverslagnullen"
97,5410,"Wulp","brugbare_tijdreeks",352,300,52,187,14,"brugbare_tijdreeks",-16.5888109831492,-0.409945009881751,0.423258026165233,-1.27968656314787,0.467459103835632,0.343404547730785,"stabiel","model3_overdisp",-25.1258738106707,87.7825156435995,-92.997290353813,700.566502949065,0.806316646290736,"onzeker","model2_basis",-16.7471965197888,-0.19889417559964,0.56680680595265,-1.36189646914665,0.977820611257552,0.7289813751221,"stabiel","model3_overdisp",-25.329348289366,95.3006127692784,-94.3388316400139,884.903799417213,0.820147605013853,"onzeker","model2_basis",-0.158385536639599,0.211050834282111,-0.203474478695298,FALSE,FALSE,FALSE,FALSE,FALSE,FALSE,FALSE,FALSE,FALSE,0.211050834282111,"trendwaarden_gewijzigd"
177,12000,"Zanglijster","brugbare_tijdreeks",442,417,25,262,25,"brugbare_tijdreeks",2.89274838663252,1.333093387119,1.51374453056869,-1.75809072775229,4.52154168692742,0.384934683507659,"stabiel","model3_overdisp",4.83093853275436,0.283348839098236,4.25983050893377,5.40517493663544,2.61081703708145e-20,"matige_toename_p_kleiner_dan_0_01","model3_overdisp",4.2364898083421,9.79280482111355,2.12252255986216,5.47803484600693,14.2840782736054,7.90735000162098e-05,"sterke_toename_p_kleiner_dan_0_05","model3_overdisp",4.88338052789679,0.283851686882634,4.31126097033425,5.45863800925683,1.87848397098248e-20,"matige_toename_p_kleiner_dan_0_01","model3_overdisp",1.34374142170958,8.45971143399455,0.0524419951424298,FALSE,TRUE,TRUE,TRUE,FALSE,TRUE,FALSE,TRUE,FALSE,8.45971143399455,"trendwaarden_gewijzigd"
108,5920,"Zilvermeeuw","brugbare_tijdreeks",524,470,54,63,13,"brugbare_tijdreeks",-27.0309064473683,11.1515299280617,1.58841824971654,7.6157378002174,14.8034930382073,4.11132127614191e-05,"sterke_toename_p_kleiner_dan_0_05","model3_overdisp",-31.1628242480188,0.39236441501447,-31.951272167289,-30.3652409614729,2.55394549944763e-42,"sterke_afname_p_kleiner_dan_0_01","model2_basis",-26.9222051708683,13.4334235545628,1.53127208046806,10.0218018418833,16.9508348699898,6.31319354179161e-06,"sterke_toename_p_kleiner_dan_0_01","model3_overdisp",-31.2113590322609,0.391676170848032,-31.9984286895262,-30.4151796054203,2.27323327098693e-42,"sterke_afname_p_kleiner_dan_0_01","model2_basis",0.1087012765,2.2818936265011,-0.0485347842421007,TRUE,TRUE,TRUE,TRUE,FALSE,FALSE,FALSE,TRUE,FALSE,2.2818936265011,"trendwaarden_gewijzigd"
39,1910,"Zomertaling","brugbare_tijdreeks",630,572,58,179,0,"brugbare_tijdreeks",-2.59242442017722,,,,,,,"model3_overdisp",2.49687099398184,2.24043259155659,-1.94769264725519,7.14290002134119,0.266674087113656,"onzeker","model2_basis",-12.9876269362476,-25.7466519333597,56.0134658969934,-84.3484742656935,252.269790990439,0.69660519429243,"onzeker","model2_basis",2.49687099398184,2.24043259155659,-1.94769264725519,7.14290002134119,0.266674087113656,"onzeker","model2_basis",-10.3952025160704,,0,,FALSE,FALSE,FALSE,FALSE,FALSE,FALSE,FALSE,FALSE,10.3952025160704,"trendwaarden_gewijzigd"
226,15671,"Zwarte Kraai","brugbare_tijdreeks",493,486,7,255,7,"brugbare_tijdreeks",0.802387664151483,,,,,,,"model3_overdisp",-0.934562994527,0.181250037978935,-1.30020653851419,-0.567564886395644,7.7664355210635e-06,"matige_afname_p_kleiner_dan_0_01","model3_overdisp",1.93189301095327,5.18275103618711,2.26182933991305,0.568910854142923,10.0082622112315,0.0291644901455074,"matige_toename_p_kleiner_dan_0_05","model2_basis",-0.901449647384944,0.181788459247459,-1.26817758605566,-0.533359540188294,1.44988664454846e-05,"matige_afname_p_kleiner_dan_0_01","model3_overdisp",1.12950534680179,,0.0331133471420559,,TRUE,TRUE,TRUE,FALSE,FALSE,FALSE,FALSE,FALSE,1.12950534680179,"trendwaarden_gewijzigd"
212,14610,"Zwarte Mees","brugbare_tijdreeks",653,597,56,10,7,"brugbare_tijdreeks",-2.60792879093187,,,,,,,"model2_basis",-2.88066239724782,1.42589594926687,-5.7201686211239,0.0443636613321141,0.0533576218333848,"onzeker","model2_basis",-1.12860239290545,28.1277072680829,31.6447407446775,-28.5486342845536,129.760609967271,0.349012848335944,"onzeker","model2_basis",-2.83223351578757,1.45807294797659,-5.73487122181658,0.159783006794978,0.0627047247260875,"onzeker","model2_basis",1.47932639802642,,0.04842888146025,,FALSE,FALSE,FALSE,FALSE,FALSE,FALSE,FALSE,FALSE,1.47932639802642,"trendwaarden_gewijzigd"
169,11210,"Zwarte Roodstaart","brugbare_tijdreeks",649,591,58,21,5,"brugbare_tijdreeks",0.486394598026973,,,,,,,"model2_basis",0.273001631246506,2.49183877780261,-4.63881242240225,5.43781082799779,0.913189744414825,"onzeker","model2_basis",-3.71086310808414,-15.2039561703056,4.53003290115572,-24.0969394252487,-5.26904982854808,0.00538497603325955,"sterke_afname_p_kleiner_dan_0_05","model2_basis",0.502206067683875,2.52646530658842,-4.47642615917022,5.74032166449197,0.843056051950674,"onzeker","model2_basis",-4.19725770611111,,0.229204436437369,,TRUE,FALSE,FALSE,FALSE,FALSE,FALSE,FALSE,FALSE,4.19725770611111,"trendwaarden_gewijzigd"
143,8630,"Zwarte Specht","alleen_post_bruikbaar",657,602,55,0,10,"alleen_post_bruikbaar",-22.4524235513131,,,,,,,,-22.4524235513129,11.66867909383,-42.7871833360557,5.10978070504204,0.0988311731130671,"onzeker","model2_basis",-22.6164758158283,,,,,,,,-22.6164758158282,11.8659287819265,-43.2381877468356,5.49715693456336,0.102313288689086,"onzeker","model2_basis",-0.164052264515199,,-0.164052264515298,,,FALSE,FALSE,FALSE,FALSE,FALSE,FALSE,FALSE,0.164052264515298,"trendwaarden_gewijzigd"
195,12770,"Zwartkop","brugbare_tijdreeks",402,380,22,253,22,"brugbare_tijdreeks",3.31743807610585,,,,,,,"model3_overdisp",3.32677392893252,0.11775891246148,3.08904817907818,3.56504787991143,2.58864204976237e-28,"matige_toename_p_kleiner_dan_0_01","model3_overdisp",5.30365434857922,12.2489347056816,1.33561763999891,9.51972576795099,15.0461549662451,1.325447503999e-09,"sterke_toename_p_kleiner_dan_0_01","model2_basis",3.34868584554004,0.119427686358133,3.10759513274057,3.59034028724545,3.43397105564552e-28,"matige_toename_p_kleiner_dan_0_01","model3_overdisp",1.98621627247337,,0.0219119166075199,,TRUE,TRUE,TRUE,FALSE,FALSE,FALSE,FALSE,FALSE,1.98621627247337,"trendwaarden_gewijzigd"
