"soort_id","euring_code","soort_naam","analyse_categorie","basisjaar_index_gebrugged","basisjaar_toelichting","eerste_jaar","laatste_jaar","n_jaren_index","brugfactor","brugmethode","trend_contract","overall_trend_formaliteit","overall_periode","overall_eerste_jaar","overall_laatste_jaar","overall_n_kalenderjaren","overall_n_modeltijdpunten","overall_trend_pct_per_jaar","overall_trend_methode","overall_trend_status","trend_pre_formaliteit","trend_pre_periode","trend_pre_eerste_jaar","trend_pre_laatste_jaar","trend_pre_n_kalenderjaren","trend_pre_n_modeltijdpunten","trend_pre_pct_per_jaar","trend_pre_se_pct","trend_pre_ci95_laag_pct","trend_pre_ci95_hoog_pct","trend_pre_p","trend_pre_methode","trend_pre_status","trend_pre_klasse","trend_pre_duiding_type","trend_pre_model","trend_pre_model_fallback_reden","trend_post_formaliteit","trend_post_periode","trend_post_eerste_jaar","trend_post_laatste_jaar","trend_post_n_kalenderjaren","trend_post_n_modeltijdpunten","trend_post_pct_per_jaar","trend_post_se_pct","trend_post_ci95_laag_pct","trend_post_ci95_hoog_pct","trend_post_p","trend_post_methode","trend_post_status","trend_post_klasse","trend_post_duiding_type","trend_post_model","trend_post_model_fallback_reden"
1,70,"Dodaars","brugbare_tijdreeks",1958,"index_gebrugged = 100 in het eerste analysejaar vanaf eerste positieve jaar",1958,2025,68,1.55626874169269,"1981_1983_naar_1984_1986","trim-trend-v2","beschrijvend","1958-2025",1958,2025,68,68,1.79564051261367,"loglineaire samenvatting van geschatte indices; geen formele inferentie","gebrugde_reeks_zonder_bootstrap","formeel","1958-1983",1958,1983,26,26,-2.85804330805334,0.592603094984428,-4.07344860452842,-1.62723862513925,7.77639613702568e-05,"rtrim::overall(imputed); volledige variantie-covariantiematrix","beschikbaar","matige_afname_p_kleiner_dan_0_01","rtrim_overall_classificatie","model3_overdisp","voorkeursmodel_gekozen","formeel","1984-2025",1984,2025,42,42,1.58991879215407,0.312333376031003,0.960626633446227,2.22313335739026,7.79957034034086e-06,"rtrim::overall(imputed); volledige variantie-covariantiematrix","beschikbaar","matige_toename_p_kleiner_dan_0_01","rtrim_overall_classificatie","model3_overdisp","voorkeursmodel_gekozen"
2,90,"Fuut","brugbare_tijdreeks",1964,"index_gebrugged = 100 in het eerste analysejaar vanaf eerste positieve jaar",1964,2025,62,37.3435966192995,"1981_1983_naar_1984_1986","trim-trend-v2","beschrijvend","1958-2025",1964,2025,62,62,1.56447398646564,"loglineaire samenvatting van geschatte indices; geen formele inferentie","gebrugde_reeks_zonder_bootstrap","formeel","1958-1983",1964,1983,20,20,17.6484903675778,2.07160187129562,13.3757364854837,22.0822701120201,3.01852898760768e-08,"rtrim::overall(imputed); volledige variantie-covariantiematrix","beschikbaar","sterke_toename_p_kleiner_dan_0_01","rtrim_overall_classificatie","model3_overdisp","voorkeursmodel_gekozen","formeel","1984-2025",1984,2025,42,42,-2.5855690611571,0.181628111220123,-2.95196239843084,-2.21779244936369,4.65391830983577e-17,"rtrim::overall(imputed); volledige variantie-covariantiematrix","beschikbaar","matige_afname_p_kleiner_dan_0_01","rtrim_overall_classificatie","model3_overdisp","voorkeursmodel_gekozen"
4,120,"Geoorde Fuut","brugbare_tijdreeks",1960,"index_gebrugged = 100 in het eerste analysejaar vanaf eerste positieve jaar",1960,2025,66,16.3338270947903,"1981_1983_naar_1984_1986","trim-trend-v2","beschrijvend","1958-2025",1960,2025,66,66,3.67021729609061,"loglineaire samenvatting van geschatte indices; geen formele inferentie","gebrugde_reeks_zonder_bootstrap","formeel","1958-1983",1960,1983,24,24,26.7649235252774,54.2085792189773,-47.7791165164331,207.718766217853,0.584762764772039,"rtrim::overall(imputed); volledige variantie-covariantiematrix","beschikbaar","onzeker","rtrim_overall_classificatie","model2_basis","model3_varianten_mislukt_fallback_naar_model2","formeel","1984-2025",1984,2025,42,42,-7.34435340956257,26.5017893589331,-48.0224069437053,65.1686494177197,0.791076862956167,"rtrim::overall(imputed); volledige variantie-covariantiematrix","beschikbaar","onzeker","rtrim_overall_classificatie","model2_basis","model3_varianten_mislukt_fallback_naar_model2"
17,1520,"Knobbelzwaan","brugbare_tijdreeks",1975,"index_gebrugged = 100 in het eerste analysejaar vanaf eerste positieve jaar",1975,2025,51,5.45468468095033,"1981_1983_naar_1984_1986","trim-trend-v2","beschrijvend","1958-2025",1975,2025,51,51,2.80547351794864,"loglineaire samenvatting van geschatte indices; geen formele inferentie","gebrugde_reeks_zonder_bootstrap","formeel","1958-1983",1975,1983,9,9,47.351769811008,27.2299523469882,-4.81230636893368,128.10242835162,0.0741184138578385,"rtrim::overall(imputed); volledige variantie-covariantiematrix","beschikbaar","onzeker","rtrim_overall_classificatie","model2_basis","model3_varianten_mislukt_fallback_naar_model2","formeel","1984-2025",1984,2025,42,42,0.349253804099958,0.35414563209802,-0.363954664499544,1.06756751666983,0.329136621365008,"rtrim::overall(imputed); volledige variantie-covariantiematrix","beschikbaar","stabiel","rtrim_overall_classificatie","model3_overdisp","voorkeursmodel_gekozen"
27,1700,"Nijlgans","brugbare_tijdreeks",1973,"index_gebrugged = 100 in het eerste analysejaar vanaf eerste positieve jaar",1973,2025,53,1.29065616291223,"1981_1983_naar_1984_1986","trim-trend-v2","beschrijvend","1958-2025",1973,2025,53,53,2.44916572855298,"loglineaire samenvatting van geschatte indices; geen formele inferentie","gebrugde_reeks_zonder_bootstrap","formeel","1958-1983",1973,1983,11,11,35.9405949359533,44.3977070433859,-35.0637750266875,184.584534427984,0.371689552574331,"rtrim::overall(imputed); volledige variantie-covariantiematrix","beschikbaar","onzeker","rtrim_overall_classificatie","model2_basis","model3_varianten_mislukt_fallback_naar_model2","formeel","1984-2025",1984,2025,42,42,0.586253955656035,0.390001403747322,-0.198887969139205,1.37757264371099,0.139513116043189,"rtrim::overall(imputed); volledige variantie-covariantiematrix","beschikbaar","stabiel","rtrim_overall_classificatie","model3_overdisp","voorkeursmodel_gekozen"
29,1730,"Bergeend","brugbare_tijdreeks",1958,"index_gebrugged = 100 in het eerste analysejaar vanaf eerste positieve jaar",1958,2025,68,2.08192594837171,"1981_1983_naar_1984_1986","trim-trend-v2","beschrijvend","1958-2025",1958,2025,68,68,-8.00918832493405,"loglineaire samenvatting van geschatte indices; geen formele inferentie","gebrugde_reeks_zonder_bootstrap","formeel","1958-1983",1958,1983,26,26,4.70708794650077,0.895011029991113,2.87607456033816,6.57069015406457,1.58833687706841e-05,"rtrim::overall(imputed); volledige variantie-covariantiematrix","beschikbaar","matige_toename_p_kleiner_dan_0_01","rtrim_overall_classificatie","model3_overdisp","voorkeursmodel_gekozen","formeel","1984-2025",1984,2025,42,42,-13.4274156253894,87.5703067690359,-88.7921376725488,568.710245212613,0.887365758258902,"rtrim::overall(imputed); volledige variantie-covariantiematrix","beschikbaar","onzeker","rtrim_overall_classificatie","model2_basis","model3_varianten_mislukt_fallback_naar_model2"
34,1820,"Krakeend","brugbare_tijdreeks",1970,"index_gebrugged = 100 in het eerste analysejaar vanaf eerste positieve jaar",1970,2025,56,6.3457047221272,"1981_1983_naar_1984_1986","trim-trend-v2","beschrijvend","1958-2025",1970,2025,56,56,0.521638404143987,"loglineaire samenvatting van geschatte indices; geen formele inferentie","gebrugde_reeks_zonder_bootstrap","formeel","1958-1983",1970,1983,14,14,13.2905115131209,1.82818270981465,9.37645542693184,17.3446327987721,5.31442230277586e-06,"rtrim::overall(imputed); volledige variantie-covariantiematrix","beschikbaar","sterke_toename_p_kleiner_dan_0_01","rtrim_overall_classificatie","model3_overdisp","voorkeursmodel_gekozen","formeel","1984-2025",1984,2025,42,42,-1.13475127966072,0.229058361854495,-1.59661330140647,-0.67072148163928,1.49956932997896e-05,"rtrim::overall(imputed); volledige variantie-covariantiematrix","beschikbaar","matige_afname_p_kleiner_dan_0_01","rtrim_overall_classificatie","model3_overdisp","voorkeursmodel_gekozen"
35,1840,"Wintertaling","brugbare_tijdreeks",1958,"index_gebrugged = 100 in het eerste analysejaar vanaf eerste positieve jaar",1958,2025,68,7.79346330849839,"1981_1983_naar_1984_1986","trim-trend-v2","beschrijvend","1958-2025",1958,2025,68,68,-5.42519890345778,"loglineaire samenvatting van geschatte indices; geen formele inferentie","gebrugde_reeks_zonder_bootstrap","formeel","1958-1983",1958,1983,26,26,-5.30896026070242,1.31650105864121,-7.98747166703347,-2.5524766098974,0.000638915444898985,"rtrim::overall(imputed); volledige variantie-covariantiematrix","beschikbaar","matige_afname_p_kleiner_dan_0_01","rtrim_overall_classificatie","model3_overdisp","voorkeursmodel_gekozen","formeel","1984-2025",1984,2025,42,42,-1.42688996916025,3.95888021807996,-9.11196685518289,6.90800191120795,0.72234158741845,"rtrim::overall(imputed); volledige variantie-covariantiematrix","beschikbaar","onzeker","rtrim_overall_classificatie","model2_basis","model3_varianten_mislukt_fallback_naar_model2"
36,1860,"Wilde Eend","brugbare_tijdreeks",1958,"index_gebrugged = 100 in het eerste analysejaar vanaf eerste positieve jaar",1958,2025,68,0.447190917694645,"1981_1983_naar_1984_1986","trim-trend-v2","beschrijvend","1958-2025",1958,2025,68,68,-2.03128514038812,"loglineaire samenvatting van geschatte indices; geen formele inferentie","gebrugde_reeks_zonder_bootstrap","formeel","1958-1983",1958,1983,26,26,-5.15227827708844,0.382639290043024,-5.93872831235521,-4.35925270178407,1.95332952771427e-12,"rtrim::overall(imputed); volledige variantie-covariantiematrix","beschikbaar","matige_afname_p_kleiner_dan_0_01","rtrim_overall_classificatie","model3_overdisp","voorkeursmodel_gekozen","formeel","1984-2025",1984,2025,42,42,-1.71714721096645,0.171909773576342,-2.06397641941304,-1.3690897466092,2.56070836890782e-12,"rtrim::overall(imputed); volledige variantie-covariantiematrix","beschikbaar","matige_afname_p_kleiner_dan_0_01","rtrim_overall_classificatie","model3_overdisp","voorkeursmodel_gekozen"
39,1910,"Zomertaling","brugbare_tijdreeks",1958,"index_gebrugged = 100 in het eerste analysejaar vanaf eerste positieve jaar",1958,2025,64,0.00175017479649152,"1981_1983_naar_1984_1986","trim-trend-v2","beschrijvend","1958-2025",1958,2025,68,64,-15.0688437649847,"loglineaire samenvatting van geschatte indices; geen formele inferentie","gebrugde_reeks_zonder_bootstrap","formeel","1958-1983",1958,1983,26,26,-26.7585524475482,63.1809611207544,-87.6536411482004,334.485155013669,0.721261302379147,"rtrim::overall(imputed); volledige variantie-covariantiematrix","beschikbaar","onzeker","rtrim_overall_classificatie","model2_basis","model3_varianten_mislukt_fallback_naar_model2","formeel","1984-2025",1988,2025,38,38,2.49687099398184,2.24043259155659,-1.94769264725519,7.14290002134119,0.266674087113656,"rtrim::overall(imputed); volledige variantie-covariantiematrix","beschikbaar","onzeker","rtrim_overall_classificatie","model2_basis","model3_varianten_mislukt_fallback_naar_model2"
40,1940,"Slobeend","brugbare_tijdreeks",1958,"index_gebrugged = 100 in het eerste analysejaar vanaf eerste positieve jaar",1958,2025,68,0.767984044653252,"1981_1983_naar_1984_1986","trim-trend-v2","beschrijvend","1958-2025",1958,2025,68,68,-6.176618102844,"loglineaire samenvatting van geschatte indices; geen formele inferentie","gebrugde_reeks_zonder_bootstrap","formeel","1958-1983",1958,1983,26,26,-4.64126207040804,0.593723467047805,-5.85880743570772,-3.40796996687206,7.1736555528882e-08,"rtrim::overall(imputed); volledige variantie-covariantiematrix","beschikbaar","matige_afname_p_kleiner_dan_0_01","rtrim_overall_classificatie","model3_overdisp","voorkeursmodel_gekozen","formeel","1984-2025",1984,2025,42,42,-7.11810000920431,7.15554958310015,-20.5103589400016,8.53046045821893,0.343573223787228,"rtrim::overall(imputed); volledige variantie-covariantiematrix","beschikbaar","onzeker","rtrim_overall_classificatie","model2_basis","model3_varianten_mislukt_fallback_naar_model2"
42,1980,"Tafeleend","brugbare_tijdreeks",1959,"index_gebrugged = 100 in het eerste analysejaar vanaf eerste positieve jaar",1959,2025,67,7.1228433250456,"1981_1983_naar_1984_1986","trim-trend-v2","beschrijvend","1958-2025",1959,2025,67,67,1.24408053003116,"loglineaire samenvatting van geschatte indices; geen formele inferentie","gebrugde_reeks_zonder_bootstrap","formeel","1958-1983",1959,1983,25,25,12.2973888761635,1.23518703906594,9.77106043976517,14.8818595528116,2.78586866066711e-10,"rtrim::overall(imputed); volledige variantie-covariantiematrix","beschikbaar","sterke_toename_p_kleiner_dan_0_01","rtrim_overall_classificatie","model3_overdisp","voorkeursmodel_gekozen","formeel","1984-2025",1984,2025,42,42,-2.72430089916389,0.223737883709144,-3.17544263952814,-2.27105712109922,7.64310039466833e-15,"rtrim::overall(imputed); volledige variantie-covariantiematrix","beschikbaar","matige_afname_p_kleiner_dan_0_01","rtrim_overall_classificatie","model3_overdisp","voorkeursmodel_gekozen"
44,2030,"Kuifeend","brugbare_tijdreeks",1958,"index_gebrugged = 100 in het eerste analysejaar vanaf eerste positieve jaar",1958,2025,68,20.8651036838429,"1981_1983_naar_1984_1986","trim-trend-v2","beschrijvend","1958-2025",1958,2025,68,68,-1.69807709087012,"loglineaire samenvatting van geschatte indices; geen formele inferentie","gebrugde_reeks_zonder_bootstrap","formeel","1958-1983",1958,1983,26,26,5.74384055928683,1.16165887488599,3.37327018130373,8.168773190753,3.36140957424512e-05,"rtrim::overall(imputed); volledige variantie-covariantiematrix","beschikbaar","matige_toename_p_kleiner_dan_0_01","rtrim_overall_classificatie","model3_overdisp","voorkeursmodel_gekozen","formeel","1984-2025",1984,2025,42,42,-3.31014184856411,0.205501336271616,-3.72458477975334,-2.89391483840914,7.8828936502934e-19,"rtrim::overall(imputed); volledige variantie-covariantiematrix","beschikbaar","matige_afname_p_kleiner_dan_0_01","rtrim_overall_classificatie","model3_overdisp","voorkeursmodel_gekozen"
64,3040,"Torenvalk","brugbare_tijdreeks",1958,"index_gebrugged = 100 in het eerste analysejaar vanaf eerste positieve jaar",1958,2025,68,0.1368015632379,"1981_1983_naar_1984_1986","trim-trend-v2","beschrijvend","1958-2025",1958,2025,68,68,-7.32077006812446,"loglineaire samenvatting van geschatte indices; geen formele inferentie","gebrugde_reeks_zonder_bootstrap","formeel","1958-1983",1958,1983,26,26,-9.32195157180771,3.40025620842918,-16.075046317306,-2.02546315564867,0.0153672506212669,"rtrim::overall(imputed); volledige variantie-covariantiematrix","beschikbaar","matige_afname_p_kleiner_dan_0_05","rtrim_overall_classificatie","model2_basis","model3_varianten_mislukt_fallback_naar_model2","formeel","1984-2025",1984,2025,42,42,-7.75338226797768,8.55885811069667,-23.5264070660733,11.2729003114843,0.389585059277897,"rtrim::overall(imputed); volledige variantie-covariantiematrix","beschikbaar","onzeker","rtrim_overall_classificatie","model2_basis","model3_varianten_mislukt_fallback_naar_model2"
66,3100,"Boomvalk","brugbare_tijdreeks",1959,"index_gebrugged = 100 in het eerste analysejaar vanaf eerste positieve jaar",1959,2025,66,0.443638095426386,"1981_1983_naar_1984_1986","trim-trend-v2","beschrijvend","1958-2025",1959,2025,67,66,-5.70257452978261,"loglineaire samenvatting van geschatte indices; geen formele inferentie","gebrugde_reeks_zonder_bootstrap","formeel","1958-1983",1959,1983,25,25,4.93925915816953,5.40600792762261,-5.66865040571367,16.7400674328154,0.35906706787064,"rtrim::overall(imputed); volledige variantie-covariantiematrix","beschikbaar","onzeker","rtrim_overall_classificatie","model2_basis","model3_varianten_mislukt_fallback_naar_model2","formeel","1984-2025",1985,2025,41,41,-10.3115684964575,10.2271532363173,-28.7856198768773,12.9549219084449,0.345766906802577,"rtrim::overall(imputed); volledige variantie-covariantiematrix","beschikbaar","onzeker","rtrim_overall_classificatie","model2_basis","model3_varianten_mislukt_fallback_naar_model2"
72,4070,"Waterral","brugbare_tijdreeks",1960,"index_gebrugged = 100 in het eerste analysejaar vanaf eerste positieve jaar",1960,2025,66,4.03949243094412,"1981_1983_naar_1984_1986","trim-trend-v2","beschrijvend","1958-2025",1960,2025,66,66,5.5186098875456,"loglineaire samenvatting van geschatte indices; geen formele inferentie","gebrugde_reeks_zonder_bootstrap","formeel","1958-1983",1960,1983,24,24,16.5340087255852,25.8664918766015,-26.4580826201411,84.6589764516256,0.497806539565339,"rtrim::overall(imputed); volledige variantie-covariantiematrix","beschikbaar","onzeker","rtrim_overall_classificatie","model2_basis","model3_varianten_mislukt_fallback_naar_model2","formeel","1984-2025",1984,2025,42,42,-0.00121803377134411,0.826598537763714,-1.65795839323976,1.68343295856421,0.998831609829827,"rtrim::overall(imputed); volledige variantie-covariantiematrix","beschikbaar","stabiel","rtrim_overall_classificatie","model2_basis","model3_varianten_mislukt_fallback_naar_model2"
77,4240,"Waterhoen","brugbare_tijdreeks",1958,"index_gebrugged = 100 in het eerste analysejaar vanaf eerste positieve jaar",1958,2025,68,1.64685266240256,"1981_1983_naar_1984_1986","trim-trend-v2","beschrijvend","1958-2025",1958,2025,68,68,-1.70218374732245,"loglineaire samenvatting van geschatte indices; geen formele inferentie","gebrugde_reeks_zonder_bootstrap","formeel","1958-1983",1958,1983,26,26,-1.05192091659569,0.556855183950177,-2.19456471806002,0.104072192637261,0.0724329617185496,"rtrim::overall(imputed); volledige variantie-covariantiematrix","beschikbaar","stabiel","rtrim_overall_classificatie","model3_overdisp","voorkeursmodel_gekozen","formeel","1984-2025",1984,2025,42,42,-4.01669102979341,0.291119704164414,-4.60326621837195,-3.42650910922084,1.68232802370857e-16,"rtrim::overall(imputed); volledige variantie-covariantiematrix","beschikbaar","matige_afname_p_kleiner_dan_0_01","rtrim_overall_classificatie","model3_overdisp","voorkeursmodel_gekozen"
78,4290,"Meerkoet","brugbare_tijdreeks",1958,"index_gebrugged = 100 in het eerste analysejaar vanaf eerste positieve jaar",1958,2025,68,4.56701565369182,"1981_1983_naar_1984_1986","trim-trend-v2","beschrijvend","1958-2025",1958,2025,68,68,0.322761454271658,"loglineaire samenvatting van geschatte indices; geen formele inferentie","gebrugde_reeks_zonder_bootstrap","formeel","1958-1983",1958,1983,26,26,4.81597395897282,0.466705580262759,3.85715339336099,5.7836464606045,1.66665361628138e-10,"rtrim::overall(imputed); volledige variantie-covariantiematrix","beschikbaar","matige_toename_p_kleiner_dan_0_01","rtrim_overall_classificatie","model3_overdisp","voorkeursmodel_gekozen","formeel","1984-2025",1984,2025,42,42,-2.03606112600627,0.121299146352798,-2.28090935148952,-1.79059940061093,1.49079109976442e-19,"rtrim::overall(imputed); volledige variantie-covariantiematrix","beschikbaar","matige_afname_p_kleiner_dan_0_01","rtrim_overall_classificatie","model3_overdisp","voorkeursmodel_gekozen"
80,4500,"Scholekster","brugbare_tijdreeks",1958,"index_gebrugged = 100 in het eerste analysejaar vanaf eerste positieve jaar",1958,2025,68,0.771413935614812,"1981_1983_naar_1984_1986","trim-trend-v2","beschrijvend","1958-2025",1958,2025,68,68,-6.95653878411917,"loglineaire samenvatting van geschatte indices; geen formele inferentie","gebrugde_reeks_zonder_bootstrap","formeel","1958-1983",1958,1983,26,26,2.31025758362928,0.725756654814161,0.823281175030899,3.81916443144725,0.00366140088612739,"rtrim::overall(imputed); volledige variantie-covariantiematrix","beschikbaar","matige_toename_p_kleiner_dan_0_05","rtrim_overall_classificatie","model3_overdisp","voorkeursmodel_gekozen","formeel","1984-2025",1984,2025,42,42,-12.4087546753035,3.88469964221645,-19.9184319282516,-4.19485479283694,0.00478938143090591,"rtrim::overall(imputed); volledige variantie-covariantiematrix","beschikbaar","matige_afname_p_kleiner_dan_0_05","rtrim_overall_classificatie","model2_basis","model3_varianten_mislukt_fallback_naar_model2"
84,4690,"Kleine Plevier","brugbare_tijdreeks",1958,"index_gebrugged = 100 in het eerste analysejaar vanaf eerste positieve jaar",1958,2025,56,1,"fallback_1","trim-trend-v2","beschrijvend","1958-2025",1958,2025,68,56,2.73829979693498,"loglineaire samenvatting van geschatte indices; geen formele inferentie","gebrugde_reeks_fallback_zonder_bootstrap","formeel","1958-1983",1958,1983,26,26,-8.96354095013562,14.3078374014815,-34.1825260347839,25.9184890735486,0.555755503134062,"rtrim::overall(imputed); volledige variantie-covariantiematrix","beschikbaar","onzeker","rtrim_overall_classificatie","model2_basis","model3_varianten_mislukt_fallback_naar_model2","formeel","1984-2025",1996,2025,30,30,7.05575145082755,12.7926246111898,-16.1880687500675,36.7458516678745,0.572845924260695,"rtrim::overall(imputed); volledige variantie-covariantiematrix","beschikbaar","onzeker","rtrim_overall_classificatie","model2_basis","model3_varianten_mislukt_fallback_naar_model2"
88,4930,"Kievit","brugbare_tijdreeks",1958,"index_gebrugged = 100 in het eerste analysejaar vanaf eerste positieve jaar",1958,2025,68,0.515239363122542,"1981_1983_naar_1984_1986","trim-trend-v2","beschrijvend","1958-2025",1958,2025,68,68,-2.24137439265031,"loglineaire samenvatting van geschatte indices; geen formele inferentie","gebrugde_reeks_zonder_bootstrap","formeel","1958-1983",1958,1983,26,26,-5.95314838345549,0.590559744613902,-7.16413956501951,-4.72636050829747,7.66225976216033e-10,"rtrim::overall(imputed); volledige variantie-covariantiematrix","beschikbaar","matige_afname_p_kleiner_dan_0_01","rtrim_overall_classificatie","model3_overdisp","voorkeursmodel_gekozen","formeel","1984-2025",1984,2025,42,42,0.731100683015651,0.591806941761331,-0.457912589187814,1.93431651614837,0.222246274582491,"rtrim::overall(imputed); volledige variantie-covariantiematrix","beschikbaar","stabiel","rtrim_overall_classificatie","model3_overdisp","voorkeursmodel_gekozen"
94,5290,"Houtsnip","brugbare_tijdreeks",1965,"index_gebrugged = 100 in het eerste analysejaar vanaf eerste positieve jaar",1965,2025,61,2.64156321272718,"1981_1983_naar_1984_1986","trim-trend-v2","beschrijvend","1958-2025",1965,2025,61,61,-3.13580815104536,"loglineaire samenvatting van geschatte indices; geen formele inferentie","gebrugde_reeks_zonder_bootstrap","formeel","1958-1983",1965,1983,19,19,5.39986200865279,1.99932497009521,1.26494859446959,9.7036147811737,0.0130381598329026,"rtrim::overall(imputed); volledige variantie-covariantiematrix","beschikbaar","matige_toename_p_kleiner_dan_0_05","rtrim_overall_classificatie","model2_basis","model3_varianten_mislukt_fallback_naar_model2","formeel","1984-2025",1984,2025,42,42,-2.88225665401701,0.68566897773065,-4.2582051891444,-1.48653374161729,0.000172739150467216,"rtrim::overall(imputed); volledige variantie-covariantiematrix","beschikbaar","matige_afname_p_kleiner_dan_0_01","rtrim_overall_classificatie","model2_basis","model3_varianten_mislukt_fallback_naar_model2"
97,5410,"Wulp","brugbare_tijdreeks",1958,"index_gebrugged = 100 in het eerste analysejaar vanaf eerste positieve jaar",1958,2025,68,0.763259661952289,"1981_1983_naar_1984_1986","trim-trend-v2","beschrijvend","1958-2025",1958,2025,68,68,-17.6796752244788,"loglineaire samenvatting van geschatte indices; geen formele inferentie","gebrugde_reeks_zonder_bootstrap","formeel","1958-1983",1958,1983,26,26,-0.143187103244702,0.576108959132337,-1.32516646624959,1.05295063393258,0.805965898587891,"rtrim::overall(imputed); volledige variantie-covariantiematrix","beschikbaar","stabiel","rtrim_overall_classificatie","model3_overdisp","voorkeursmodel_gekozen","formeel","1984-2025",1984,2025,42,42,-27.4496820170344,730.626112349353,-99.9999998949874,50123044157.2633,0.974738987345218,"rtrim::overall(imputed); volledige variantie-covariantiematrix","beschikbaar","onzeker","rtrim_overall_classificatie","model2_basis","model3_varianten_mislukt_fallback_naar_model2"
98,5460,"Tureluur","brugbare_tijdreeks",1958,"index_gebrugged = 100 in het eerste analysejaar vanaf eerste positieve jaar",1958,2025,56,1,"fallback_1","trim-trend-v2","beschrijvend","1958-2025",1958,2025,68,56,2.03904003179607,"loglineaire samenvatting van geschatte indices; geen formele inferentie","gebrugde_reeks_fallback_zonder_bootstrap","formeel","1958-1983",1958,1983,26,26,-3.39274211322768,2.43716936766031,-8.29410507192287,1.77058174636391,0.183924505182547,"rtrim::overall(imputed); volledige variantie-covariantiematrix","beschikbaar","onzeker","rtrim_overall_classificatie","model2_basis","model3_varianten_mislukt_fallback_naar_model2","formeel","1984-2025",1996,2025,30,30,-1.19698822613236,1.87812443358413,-4.97021460457813,2.72605683541112,0.531546961873424,"rtrim::overall(imputed); volledige variantie-covariantiematrix","beschikbaar","stabiel","rtrim_overall_classificatie","model2_basis","model3_varianten_mislukt_fallback_naar_model2"
106,5900,"Stormmeeuw","brugbare_tijdreeks",1958,"index_gebrugged = 100 in het eerste analysejaar vanaf eerste positieve jaar",1958,2025,68,20.7862796217772,"1981_1983_naar_1984_1986","trim-trend-v2","beschrijvend","1958-2025",1958,2025,68,68,-12.2872272507524,"loglineaire samenvatting van geschatte indices; geen formele inferentie","gebrugde_reeks_zonder_bootstrap","formeel","1958-1983",1958,1983,26,26,11.2570787950789,2.01455675926712,7.17597146235658,15.4935888438573,4.45504148030268e-06,"rtrim::overall(imputed); volledige variantie-covariantiematrix","beschikbaar","sterke_toename_p_kleiner_dan_0_05","rtrim_overall_classificatie","model3_overdisp","voorkeursmodel_gekozen","formeel","1984-2025",1984,2025,42,42,-23.5293884125577,210.751859156215,-99.7086258132678,19969.5693127171,0.92294362345146,"rtrim::overall(imputed); volledige variantie-covariantiematrix","beschikbaar","onzeker","rtrim_overall_classificatie","model2_basis","model3_varianten_mislukt_fallback_naar_model2"
107,5910,"Kleine Mantelmeeuw","brugbare_tijdreeks",1958,"index_gebrugged = 100 in het eerste analysejaar vanaf eerste positieve jaar",1958,2025,68,115.044745165238,"1981_1983_naar_1984_1986","trim-trend-v2","beschrijvend","1958-2025",1958,2025,68,68,-16.6075842780981,"loglineaire samenvatting van geschatte indices; geen formele inferentie","gebrugde_reeks_zonder_bootstrap","formeel","1958-1983",1958,1983,26,26,23.5826947889102,1.57184964829383,20.3807669310793,26.869788593662,1.0995368473604e-14,"rtrim::overall(imputed); volledige variantie-covariantiematrix","beschikbaar","sterke_toename_p_kleiner_dan_0_01","rtrim_overall_classificatie","model2_basis","model3_varianten_mislukt_fallback_naar_model2","formeel","1984-2025",1984,2025,42,42,-26.9662709098252,9544.42732838531,-100,3.72731313222582e+116,0.998093341930462,"rtrim::overall(imputed); volledige variantie-covariantiematrix","beschikbaar","onzeker","rtrim_overall_classificatie","model2_basis","model3_varianten_mislukt_fallback_naar_model2"
108,5920,"Zilvermeeuw","brugbare_tijdreeks",1973,"index_gebrugged = 100 in het eerste analysejaar vanaf eerste positieve jaar",1973,2025,53,5.99007937971548,"1981_1983_naar_1984_1986","trim-trend-v2","beschrijvend","1958-2025",1973,2025,53,53,-26.7425980237014,"loglineaire samenvatting van geschatte indices; geen formele inferentie","gebrugde_reeks_zonder_bootstrap","formeel","1958-1983",1973,1983,11,11,18.2330047729732,1.87306345159551,14.0708664352447,22.5470083159355,2.24748685314184e-06,"rtrim::overall(imputed); volledige variantie-covariantiematrix","beschikbaar","sterke_toename_p_kleiner_dan_0_01","rtrim_overall_classificatie","model3_overdisp","voorkeursmodel_gekozen","formeel","1984-2025",1984,2025,42,42,-31.2613249376424,0.390513964537795,-32.0460692583412,-30.4675182471565,1.92568834012197e-42,"rtrim::overall(imputed); volledige variantie-covariantiematrix","beschikbaar","sterke_afname_p_kleiner_dan_0_01","rtrim_overall_classificatie","model2_basis","model3_varianten_mislukt_fallback_naar_model2"
122,6680,"Holenduif","brugbare_tijdreeks",1977,"index_gebrugged = 100 in het eerste analysejaar vanaf eerste positieve jaar",1977,2025,49,0.541548797718046,"1981_1983_naar_1984_1986","trim-trend-v2","beschrijvend","1958-2025",1977,2025,49,49,-2.54383529502689,"loglineaire samenvatting van geschatte indices; geen formele inferentie","gebrugde_reeks_zonder_bootstrap","formeel","1958-1983",1977,1983,7,7,5.73282370522632,13.0786369071974,-23.0660786202696,45.3121043122324,0.671100360632015,"rtrim::overall(imputed); volledige variantie-covariantiematrix","beschikbaar","onzeker","rtrim_overall_classificatie","model2_basis","model3_varianten_mislukt_fallback_naar_model2","formeel","1984-2025",1984,2025,42,42,-1.85435905731032,0.400674150046828,-2.66082012005513,-1.0412164153029,4.39790278163183e-05,"rtrim::overall(imputed); volledige variantie-covariantiematrix","beschikbaar","matige_afname_p_kleiner_dan_0_01","rtrim_overall_classificatie","model3_overdisp","voorkeursmodel_gekozen"
123,6700,"Houtduif","brugbare_tijdreeks",1958,"index_gebrugged = 100 in het eerste analysejaar vanaf eerste positieve jaar",1958,2025,68,15.1566866940249,"1981_1983_naar_1984_1986","trim-trend-v2","beschrijvend","1958-2025",1958,2025,68,68,-1.00764062636075,"loglineaire samenvatting van geschatte indices; geen formele inferentie","gebrugde_reeks_zonder_bootstrap","formeel","1958-1983",1958,1983,26,26,11.2243356896903,0.73230553331275,9.72315407501467,12.7460557792142,2.12977347949988e-14,"rtrim::overall(imputed); volledige variantie-covariantiematrix","beschikbaar","sterke_toename_p_kleiner_dan_0_01","rtrim_overall_classificatie","model3_overdisp","voorkeursmodel_gekozen","formeel","1984-2025",1984,2025,42,42,-6.97636259738118,0.190185984664751,-7.35994976021815,-6.5911871462055,8.44205114311512e-32,"rtrim::overall(imputed); volledige variantie-covariantiematrix","beschikbaar","sterke_afname_p_kleiner_dan_0_01","rtrim_overall_classificatie","model3_overdisp","voorkeursmodel_gekozen"
124,6840,"Turkse Tortel","brugbare_tijdreeks",1961,"index_gebrugged = 100 in het eerste analysejaar vanaf eerste positieve jaar",1961,2025,65,1.49388703084927,"1981_1983_naar_1984_1986","trim-trend-v2","beschrijvend","1958-2025",1961,2025,65,65,-1.48259614279952,"loglineaire samenvatting van geschatte indices; geen formele inferentie","gebrugde_reeks_zonder_bootstrap","formeel","1958-1983",1961,1983,23,23,5.51356632753468,4.34098189394891,-3.13859028352504,14.9385778272588,0.206176962294509,"rtrim::overall(imputed); volledige variantie-covariantiematrix","beschikbaar","onzeker","rtrim_overall_classificatie","model2_basis","model3_varianten_mislukt_fallback_naar_model2","formeel","1984-2025",1984,2025,42,42,-3.23610283373503,4.77211987324096,-12.4158296090229,6.90575423624844,0.508580166356328,"rtrim::overall(imputed); volledige variantie-covariantiematrix","beschikbaar","onzeker","rtrim_overall_classificatie","model2_basis","model3_varianten_mislukt_fallback_naar_model2"
125,6870,"Tortelduif","brugbare_tijdreeks",1958,"index_gebrugged = 100 in het eerste analysejaar vanaf eerste positieve jaar",1958,2025,68,11.8696771958448,"1981_1983_naar_1984_1986","trim-trend-v2","beschrijvend","1958-2025",1958,2025,68,68,-7.18129167412835,"loglineaire samenvatting van geschatte indices; geen formele inferentie","gebrugde_reeks_zonder_bootstrap","formeel","1958-1983",1958,1983,26,26,9.95293053653768,0.828138790265328,8.2569520386951,11.6754786265494,4.54018968404232e-12,"rtrim::overall(imputed); volledige variantie-covariantiematrix","beschikbaar","sterke_toename_p_kleiner_dan_0_01","rtrim_overall_classificatie","model3_overdisp","voorkeursmodel_gekozen","formeel","1984-2025",1984,2025,42,42,-15.7986303803875,4.57658267717993,-24.5583113934638,-6.0218457887972,0.00297240211313648,"rtrim::overall(imputed); volledige variantie-covariantiematrix","beschikbaar","sterke_afname_p_kleiner_dan_0_05","rtrim_overall_classificatie","model2_basis","model3_varianten_mislukt_fallback_naar_model2"
127,7240,"Koekoek","brugbare_tijdreeks",1959,"index_gebrugged = 100 in het eerste analysejaar vanaf eerste positieve jaar",1959,2025,67,15.0186694028961,"1981_1983_naar_1984_1986","trim-trend-v2","beschrijvend","1958-2025",1959,2025,67,67,2.7824429905789,"loglineaire samenvatting van geschatte indices; geen formele inferentie","gebrugde_reeks_zonder_bootstrap","formeel","1958-1983",1959,1983,25,25,17.8735219590217,2.81305164778782,12.1955899589052,23.8387995830594,5.02619485369497e-07,"rtrim::overall(imputed); volledige variantie-covariantiematrix","beschikbaar","sterke_toename_p_kleiner_dan_0_01","rtrim_overall_classificatie","model2_basis","model3_varianten_mislukt_fallback_naar_model2","formeel","1984-2025",1984,2025,42,42,-2.43446124633062,0.172733916517662,-2.78294567010294,-2.08472764468053,6.33317044603958e-17,"rtrim::overall(imputed); volledige variantie-covariantiematrix","beschikbaar","matige_afname_p_kleiner_dan_0_01","rtrim_overall_classificatie","model3_overdisp","voorkeursmodel_gekozen"
131,7610,"Bosuil","brugbare_tijdreeks",1973,"index_gebrugged = 100 in het eerste analysejaar vanaf eerste positieve jaar",1973,2025,53,1.52046731126327,"1981_1983_naar_1984_1986","trim-trend-v2","beschrijvend","1958-2025",1973,2025,53,53,-2.59899369965905,"loglineaire samenvatting van geschatte indices; geen formele inferentie","gebrugde_reeks_zonder_bootstrap","formeel","1958-1983",1973,1983,11,11,-8.34907301564377,15.5434785283001,-37.5517610854441,34.5096765432385,0.619587429335219,"rtrim::overall(imputed); volledige variantie-covariantiematrix","beschikbaar","onzeker","rtrim_overall_classificatie","model2_basis","model3_varianten_mislukt_fallback_naar_model2","formeel","1984-2025",1984,2025,42,42,-2.76757284895525,0.390207320554178,-3.55302162393462,-1.97572750470533,1.91491402179406e-08,"rtrim::overall(imputed); volledige variantie-covariantiematrix","beschikbaar","matige_afname_p_kleiner_dan_0_01","rtrim_overall_classificatie","model3_overdisp","voorkeursmodel_gekozen"
132,7670,"Ransuil","brugbare_tijdreeks",1958,"index_gebrugged = 100 in het eerste analysejaar vanaf eerste positieve jaar",1958,2025,68,0.128489469797808,"1981_1983_naar_1984_1986","trim-trend-v2","beschrijvend","1958-2025",1958,2025,68,68,-5.31504984281377,"loglineaire samenvatting van geschatte indices; geen formele inferentie","gebrugde_reeks_zonder_bootstrap","formeel","1958-1983",1958,1983,26,26,-11.224541902425,23.0300825055007,-48.0285378568729,51.6424906178348,0.650401304890232,"rtrim::overall(imputed); volledige variantie-covariantiematrix","beschikbaar","onzeker","rtrim_overall_classificatie","model2_basis","model3_varianten_mislukt_fallback_naar_model2","formeel","1984-2025",1984,2025,42,42,-0.126429343090795,3.41946687216541,-6.8037389591168,7.02929499913023,0.970708645181455,"rtrim::overall(imputed); volledige variantie-covariantiematrix","beschikbaar","onzeker","rtrim_overall_classificatie","model2_basis","model3_varianten_mislukt_fallback_naar_model2"
142,8560,"Groene Specht","brugbare_tijdreeks",1962,"index_gebrugged = 100 in het eerste analysejaar vanaf eerste positieve jaar",1962,2025,64,4.24633888951562,"1981_1983_naar_1984_1986","trim-trend-v2","beschrijvend","1958-2025",1962,2025,64,64,0.531196964415259,"loglineaire samenvatting van geschatte indices; geen formele inferentie","gebrugde_reeks_zonder_bootstrap","formeel","1958-1983",1962,1983,22,22,11.2393477852068,2.0796434087756,6.9847855505609,15.6631051041381,1.41500587496557e-05,"rtrim::overall(imputed); volledige variantie-covariantiematrix","beschikbaar","sterke_toename_p_kleiner_dan_0_05","rtrim_overall_classificatie","model2_basis","model3_varianten_mislukt_fallback_naar_model2","formeel","1984-2025",1984,2025,42,42,-3.54281680195676,0.216571214705977,-3.97953193430765,-3.10411542531165,4.80766626623672e-19,"rtrim::overall(imputed); volledige variantie-covariantiematrix","beschikbaar","matige_afname_p_kleiner_dan_0_01","rtrim_overall_classificatie","model3_overdisp","voorkeursmodel_gekozen"
144,8760,"Grote Bonte Specht","brugbare_tijdreeks",1973,"index_gebrugged = 100 in het eerste analysejaar vanaf eerste positieve jaar",1973,2025,53,2.35598096699978,"1981_1983_naar_1984_1986","trim-trend-v2","beschrijvend","1958-2025",1973,2025,53,53,5.35834413711114,"loglineaire samenvatting van geschatte indices; geen formele inferentie","gebrugde_reeks_zonder_bootstrap","formeel","1958-1983",1973,1983,11,11,14.0524582397565,3.65230849282331,6.08252324190173,22.6211710751745,0.00265261087053573,"rtrim::overall(imputed); volledige variantie-covariantiematrix","beschikbaar","sterke_toename_p_kleiner_dan_0_05","rtrim_overall_classificatie","model3_overdisp","voorkeursmodel_gekozen","formeel","1984-2025",1984,2025,42,42,3.94077632144949,0.186954100476148,3.5636139406688,4.31931226825462,1.40105309946205e-23,"rtrim::overall(imputed); volledige variantie-covariantiematrix","beschikbaar","matige_toename_p_kleiner_dan_0_01","rtrim_overall_classificatie","model3_overdisp","voorkeursmodel_gekozen"
146,8870,"Kleine Bonte Specht","brugbare_tijdreeks",1974,"index_gebrugged = 100 in het eerste analysejaar vanaf eerste positieve jaar",1974,2025,51,1,"fallback_1","trim-trend-v2","beschrijvend","1958-2025",1974,2025,52,51,7.69665626436606,"loglineaire samenvatting van geschatte indices; geen formele inferentie","gebrugde_reeks_fallback_zonder_bootstrap","formeel","1958-1983",1974,1983,10,10,0.441336211325405,8.58949225005507,-17.5353165162519,22.336757915341,0.960194308896229,"rtrim::overall(imputed); volledige variantie-covariantiematrix","beschikbaar","onzeker","rtrim_overall_classificatie","model2_basis","model3_varianten_mislukt_fallback_naar_model2","formeel","1984-2025",1985,2025,41,41,9.87998105699264,1.14947204346111,7.57938023261171,12.2297805674201,4.54331739870589e-11,"rtrim::overall(imputed); volledige variantie-covariantiematrix","beschikbaar","sterke_toename_p_kleiner_dan_0_01","rtrim_overall_classificatie","model2_basis","model3_varianten_mislukt_fallback_naar_model2"
148,9740,"Boomleeuwerik","brugbare_tijdreeks",1961,"index_gebrugged = 100 in het eerste analysejaar vanaf eerste positieve jaar",1961,2025,65,1.10673162533795,"1981_1983_naar_1984_1986","trim-trend-v2","beschrijvend","1958-2025",1961,2025,65,65,4.85683979054183,"loglineaire samenvatting van geschatte indices; geen formele inferentie","gebrugde_reeks_zonder_bootstrap","formeel","1958-1983",1961,1983,23,23,0.750668227935636,1.43565492599034,-2.19113618690335,3.78095351125403,0.605196458497523,"rtrim::overall(imputed); volledige variantie-covariantiematrix","beschikbaar","stabiel","rtrim_overall_classificatie","model3_overdisp","voorkeursmodel_gekozen","formeel","1984-2025",1984,2025,42,42,11.2565728482705,0.614207166241859,10.0221134833666,12.5048829734929,6.82954731690394e-22,"rtrim::overall(imputed); volledige variantie-covariantiematrix","beschikbaar","sterke_toename_p_kleiner_dan_0_01","rtrim_overall_classificatie","model2_basis","model3_varianten_mislukt_fallback_naar_model2"
150,9760,"Veldleeuwerik","brugbare_tijdreeks",1958,"index_gebrugged = 100 in het eerste analysejaar vanaf eerste positieve jaar",1958,2025,68,1.6636269483803,"1981_1983_naar_1984_1986","trim-trend-v2","beschrijvend","1958-2025",1958,2025,68,68,-4.07629461258511,"loglineaire samenvatting van geschatte indices; geen formele inferentie","gebrugde_reeks_zonder_bootstrap","formeel","1958-1983",1958,1983,26,26,3.67634312176153,1.11025599585166,1.4100247238932,5.9933093633169,0.00252916856902481,"rtrim::overall(imputed); volledige variantie-covariantiematrix","beschikbaar","matige_toename_p_kleiner_dan_0_05","rtrim_overall_classificatie","model2_basis","model3_varianten_mislukt_fallback_naar_model2","formeel","1984-2025",1984,2025,42,42,-6.19829707398536,1.3706733937175,-8.92802458247074,-3.38675062793528,8.35280818155187e-05,"rtrim::overall(imputed); volledige variantie-covariantiematrix","beschikbaar","matige_afname_p_kleiner_dan_0_01","rtrim_overall_classificatie","model2_basis","model3_varianten_mislukt_fallback_naar_model2"
151,9810,"Oeverzwaluw","brugbare_tijdreeks",1966,"index_gebrugged = 100 in het eerste analysejaar vanaf eerste positieve jaar",1966,2025,29,1,"fallback_1","trim-trend-v2","beschrijvend","1958-2025",1966,2025,60,29,2.20058366094715,"loglineaire samenvatting van geschatte indices; geen formele inferentie","gebrugde_reeks_fallback_zonder_bootstrap","formeel","1958-1983",1966,1983,18,18,-4.98845251886274,7.64030321678803,-19.8798505633332,12.6707104047053,0.533546734888173,"rtrim::overall(imputed); volledige variantie-covariantiematrix","beschikbaar","onzeker","rtrim_overall_classificatie","model2_basis","model3_varianten_mislukt_fallback_naar_model2","formeel","1984-2025",2015,2025,11,11,-13.4103547247361,14.1435844708927,-40.159741303213,25.2963612154071,0.400958748997499,"rtrim::overall(imputed); volledige variantie-covariantiematrix","beschikbaar","onzeker","rtrim_overall_classificatie","model2_basis","model3_varianten_mislukt_fallback_naar_model2"
152,9920,"Boerenzwaluw","brugbare_tijdreeks",1971,"index_gebrugged = 100 in het eerste analysejaar vanaf eerste positieve jaar",1971,2025,54,0.0176331061189668,"1981_1983_naar_1984_1986","trim-trend-v2","beschrijvend","1958-2025",1971,2025,55,54,-1.38058255684791,"loglineaire samenvatting van geschatte indices; geen formele inferentie","gebrugde_reeks_zonder_bootstrap","formeel","1958-1983",1971,1983,13,13,-28.5293501277209,13.225632326297,-52.439864429818,7.40200236873214,0.0968425501539502,"rtrim::overall(imputed); volledige variantie-covariantiematrix","beschikbaar","onzeker","rtrim_overall_classificatie","model2_basis","model3_varianten_mislukt_fallback_naar_model2","formeel","1984-2025",1985,2025,41,41,3.47441813337439,0.700623999591045,2.06693252172143,4.90131273183694,1.08925429091203e-05,"rtrim::overall(imputed); volledige variantie-covariantiematrix","beschikbaar","matige_toename_p_kleiner_dan_0_01","rtrim_overall_classificatie","model2_basis","model3_varianten_mislukt_fallback_naar_model2"
155,10090,"Boompieper","brugbare_tijdreeks",1958,"index_gebrugged = 100 in het eerste analysejaar vanaf eerste positieve jaar",1958,2025,68,0.696766741823165,"1981_1983_naar_1984_1986","trim-trend-v2","beschrijvend","1958-2025",1958,2025,68,68,-0.351964522973736,"loglineaire samenvatting van geschatte indices; geen formele inferentie","gebrugde_reeks_zonder_bootstrap","formeel","1958-1983",1958,1983,26,26,-2.17734816108852,0.569524199505424,-3.34575447473464,-0.994817549990712,0.000914228713103675,"rtrim::overall(imputed); volledige variantie-covariantiematrix","beschikbaar","matige_afname_p_kleiner_dan_0_01","rtrim_overall_classificatie","model3_overdisp","voorkeursmodel_gekozen","formeel","1984-2025",1984,2025,42,42,3.29873778063241,0.243824403868339,2.80712383499602,3.79270257767415,9.5487900677652e-17,"rtrim::overall(imputed); volledige variantie-covariantiematrix","beschikbaar","matige_toename_p_kleiner_dan_0_01","rtrim_overall_classificatie","model3_overdisp","voorkeursmodel_gekozen"
156,10110,"Graspieper","brugbare_tijdreeks",1958,"index_gebrugged = 100 in het eerste analysejaar vanaf eerste positieve jaar",1958,2025,68,10.4834299596994,"1981_1983_naar_1984_1986","trim-trend-v2","beschrijvend","1958-2025",1958,2025,68,68,5.07221322340248,"loglineaire samenvatting van geschatte indices; geen formele inferentie","gebrugde_reeks_zonder_bootstrap","formeel","1958-1983",1958,1983,26,26,10.9007230762492,1.42871949461883,7.99084764185054,13.8890067760576,2.94551339031124e-08,"rtrim::overall(imputed); volledige variantie-covariantiematrix","beschikbaar","sterke_toename_p_kleiner_dan_0_01","rtrim_overall_classificatie","model2_basis","model3_varianten_mislukt_fallback_naar_model2","formeel","1984-2025",1984,2025,42,42,2.02814519045886,0.313501214282575,1.39649893888723,2.66372626218012,8.38752529271353e-08,"rtrim::overall(imputed); volledige variantie-covariantiematrix","beschikbaar","matige_toename_p_kleiner_dan_0_01","rtrim_overall_classificatie","model3_overdisp","voorkeursmodel_gekozen"
158,10171,"Gele Kwikstaart","brugbare_tijdreeks",1975,"index_gebrugged = 100 in het eerste analysejaar vanaf eerste positieve jaar",1975,2025,51,1.25070008778912,"1981_1983_naar_1984_1986","trim-trend-v2","beschrijvend","1958-2025",1975,2025,51,51,-3.79332238416695,"loglineaire samenvatting van geschatte indices; geen formele inferentie","gebrugde_reeks_zonder_bootstrap","formeel","1958-1983",1975,1983,9,9,-3.23691762238364,9.21642748866326,-22.7504307469604,21.2057776082544,0.739893673586288,"rtrim::overall(imputed); volledige variantie-covariantiematrix","beschikbaar","onzeker","rtrim_overall_classificatie","model2_basis","model3_varianten_mislukt_fallback_naar_model2","formeel","1984-2025",1984,2025,42,42,1.99728803096333,3.37293889541957,-4.59686213086565,9.0472179221383,0.553194306885657,"rtrim::overall(imputed); volledige variantie-covariantiematrix","beschikbaar","onzeker","rtrim_overall_classificatie","model2_basis","model3_varianten_mislukt_fallback_naar_model2"
162,10201,"Witte Kwikstaart","brugbare_tijdreeks",1958,"index_gebrugged = 100 in het eerste analysejaar vanaf eerste positieve jaar",1958,2025,68,1.21495696693973,"1981_1983_naar_1984_1986","trim-trend-v2","beschrijvend","1958-2025",1958,2025,68,68,1.98460079846112,"loglineaire samenvatting van geschatte indices; geen formele inferentie","gebrugde_reeks_zonder_bootstrap","formeel","1958-1983",1958,1983,26,26,2.5893701971351,1.70357445293108,-0.867065810430145,6.16632064293481,0.13677060324333,"rtrim::overall(imputed); volledige variantie-covariantiematrix","beschikbaar","onzeker","rtrim_overall_classificatie","model2_basis","model3_varianten_mislukt_fallback_naar_model2","formeel","1984-2025",1984,2025,42,42,2.70823971858225,0.587954912495993,1.52678621115623,3.90344164100593,3.38825640216943e-05,"rtrim::overall(imputed); volledige variantie-covariantiematrix","beschikbaar","matige_toename_p_kleiner_dan_0_01","rtrim_overall_classificatie","model2_basis","model3_varianten_mislukt_fallback_naar_model2"
164,10660,"Winterkoning","brugbare_tijdreeks",1958,"index_gebrugged = 100 in het eerste analysejaar vanaf eerste positieve jaar",1958,2025,68,105.750284857415,"1981_1983_naar_1984_1986","trim-trend-v2","beschrijvend","1958-2025",1958,2025,68,68,4.28545966940435,"loglineaire samenvatting van geschatte indices; geen formele inferentie","gebrugde_reeks_zonder_bootstrap","formeel","1958-1983",1958,1983,26,26,12.375753298175,1.24876321598565,9.82776325999957,14.9828563788264,1.88030576310314e-10,"rtrim::overall(imputed); volledige variantie-covariantiematrix","beschikbaar","sterke_toename_p_kleiner_dan_0_01","rtrim_overall_classificatie","model3_overdisp","voorkeursmodel_gekozen","formeel","1984-2025",1984,2025,42,42,-0.021035187635543,0.11944582603232,-0.262152988662201,0.220665519436447,0.861113298221341,"rtrim::overall(imputed); volledige variantie-covariantiematrix","beschikbaar","stabiel","rtrim_overall_classificatie","model3_overdisp","voorkeursmodel_gekozen"
165,10840,"Heggenmus","brugbare_tijdreeks",1958,"index_gebrugged = 100 in het eerste analysejaar vanaf eerste positieve jaar",1958,2025,68,17.8381648147328,"1981_1983_naar_1984_1986","trim-trend-v2","beschrijvend","1958-2025",1958,2025,68,68,1.63813693202428,"loglineaire samenvatting van geschatte indices; geen formele inferentie","gebrugde_reeks_zonder_bootstrap","formeel","1958-1983",1958,1983,26,26,9.81602247775062,0.612275756229573,8.55959029826174,11.0869961806306,9.05041470254161e-15,"rtrim::overall(imputed); volledige variantie-covariantiematrix","beschikbaar","sterke_toename_p_kleiner_dan_0_01","rtrim_overall_classificatie","model3_overdisp","voorkeursmodel_gekozen","formeel","1984-2025",1984,2025,42,42,-2.16320289576986,0.0951502646148079,-2.35531988164775,-1.97070791760178,2.61009007084186e-24,"rtrim::overall(imputed); volledige variantie-covariantiematrix","beschikbaar","matige_afname_p_kleiner_dan_0_01","rtrim_overall_classificatie","model3_overdisp","voorkeursmodel_gekozen"
166,10990,"Roodborst","brugbare_tijdreeks",1960,"index_gebrugged = 100 in het eerste analysejaar vanaf eerste positieve jaar",1960,2025,66,3.70111026257095,"1981_1983_naar_1984_1986","trim-trend-v2","beschrijvend","1958-2025",1960,2025,66,66,1.48879920141103,"loglineaire samenvatting van geschatte indices; geen formele inferentie","gebrugde_reeks_zonder_bootstrap","formeel","1958-1983",1960,1983,24,24,5.73668929879585,0.699819856775167,4.29526682942425,7.1980330819372,2.45782606584626e-08,"rtrim::overall(imputed); volledige variantie-covariantiematrix","beschikbaar","matige_toename_p_kleiner_dan_0_01","rtrim_overall_classificatie","model2_basis","model3_varianten_mislukt_fallback_naar_model2","formeel","1984-2025",1984,2025,42,42,-0.418096276672597,0.118578423700052,-0.657464061294166,-0.178151730689213,0.00109780870330744,"rtrim::overall(imputed); volledige variantie-covariantiematrix","beschikbaar","matige_afname_p_kleiner_dan_0_05","rtrim_overall_classificatie","model3_overdisp","voorkeursmodel_gekozen"
167,11040,"Nachtegaal","brugbare_tijdreeks",1958,"index_gebrugged = 100 in het eerste analysejaar vanaf eerste positieve jaar",1958,2025,68,2.13529372355922,"1981_1983_naar_1984_1986","trim-trend-v2","beschrijvend","1958-2025",1958,2025,68,68,0.950556544451353,"loglineaire samenvatting van geschatte indices; geen formele inferentie","gebrugde_reeks_zonder_bootstrap","formeel","1958-1983",1958,1983,26,26,3.60218381066792,0.356446045532135,2.86912111176334,4.34047043794594,2.82752055130767e-10,"rtrim::overall(imputed); volledige variantie-covariantiematrix","beschikbaar","matige_toename_p_kleiner_dan_0_01","rtrim_overall_classificatie","model3_overdisp","voorkeursmodel_gekozen","formeel","1984-2025",1984,2025,42,42,-1.1865604838043,0.10534983598405,-1.39925121288442,-0.973410961593346,6.73335492163434e-14,"rtrim::overall(imputed); volledige variantie-covariantiematrix","beschikbaar","matige_afname_p_kleiner_dan_0_01","rtrim_overall_classificatie","model3_overdisp","voorkeursmodel_gekozen"
169,11210,"Zwarte Roodstaart","brugbare_tijdreeks",1960,"index_gebrugged = 100 in het eerste analysejaar vanaf eerste positieve jaar",1960,2025,66,0.035552021843431,"1981_1983_naar_1984_1986","trim-trend-v2","beschrijvend","1958-2025",1960,2025,66,66,-3.81127932426593,"loglineaire samenvatting van geschatte indices; geen formele inferentie","gebrugde_reeks_zonder_bootstrap","formeel","1958-1983",1960,1983,24,24,-15.4004125181397,4.57172162376169,-24.3696034969976,-5.36754356673494,0.00528917443979263,"rtrim::overall(imputed); volledige variantie-covariantiematrix","beschikbaar","sterke_afname_p_kleiner_dan_0_05","rtrim_overall_classificatie","model2_basis","model3_varianten_mislukt_fallback_naar_model2","formeel","1984-2025",1984,2025,42,42,0.498816434501159,2.51516802227855,-4.45810754524959,5.71291655667199,0.843412938261951,"rtrim::overall(imputed); volledige variantie-covariantiematrix","beschikbaar","onzeker","rtrim_overall_classificatie","model2_basis","model3_varianten_mislukt_fallback_naar_model2"
170,11220,"Gekraagde Roodstaart","brugbare_tijdreeks",1958,"index_gebrugged = 100 in het eerste analysejaar vanaf eerste positieve jaar",1958,2025,68,0.539101278068089,"1981_1983_naar_1984_1986","trim-trend-v2","beschrijvend","1958-2025",1958,2025,68,68,0.0386336820417998,"loglineaire samenvatting van geschatte indices; geen formele inferentie","gebrugde_reeks_zonder_bootstrap","formeel","1958-1983",1958,1983,26,26,-1.41632973810256,0.545941737315984,-2.5366833315286,-0.283097533346555,0.0165847771157847,"rtrim::overall(imputed); volledige variantie-covariantiematrix","beschikbaar","matige_afname_p_kleiner_dan_0_05","rtrim_overall_classificatie","model3_overdisp","voorkeursmodel_gekozen","formeel","1984-2025",1984,2025,42,42,0.421565946458191,0.140770706265593,0.137460381598542,0.706477563035901,0.00461774832648753,"rtrim::overall(imputed); volledige variantie-covariantiematrix","beschikbaar","matige_toename_p_kleiner_dan_0_05","rtrim_overall_classificatie","model3_overdisp","voorkeursmodel_gekozen"
171,11370,"Paapje","brugbare_tijdreeks",1958,"index_gebrugged = 100 in het eerste analysejaar vanaf eerste positieve jaar",1958,2025,67,0.00942924343794659,"1981_1983_naar_1984_1986","trim-trend-v2","beschrijvend","1958-2025",1958,2025,68,67,-20.8334712601891,"loglineaire samenvatting van geschatte indices; geen formele inferentie","gebrugde_reeks_zonder_bootstrap","formeel","1958-1983",1958,1983,26,26,-20.2245646736398,26.362069215333,-59.6660642379502,57.785744467275,0.500668827624247,"rtrim::overall(imputed); volledige variantie-covariantiematrix","beschikbaar","onzeker","rtrim_overall_classificatie","model2_basis","model3_varianten_mislukt_fallback_naar_model2","formeel","1984-2025",1985,2025,41,41,-12.866597771006,34.6842289664363,-61.0495581081109,94.9202477618264,0.731199562760587,"rtrim::overall(imputed); volledige variantie-covariantiematrix","beschikbaar","onzeker","rtrim_overall_classificatie","model2_basis","model3_varianten_mislukt_fallback_naar_model2"
172,11390,"Roodborsttapuit","brugbare_tijdreeks",1958,"index_gebrugged = 100 in het eerste analysejaar vanaf eerste positieve jaar",1958,2025,68,0.540760300476092,"1981_1983_naar_1984_1986","trim-trend-v2","beschrijvend","1958-2025",1958,2025,68,68,2.97288293796993,"loglineaire samenvatting van geschatte indices; geen formele inferentie","gebrugde_reeks_zonder_bootstrap","formeel","1958-1983",1958,1983,26,26,-4.74056199794797,1.0362209663847,-6.85538831108595,-2.5777190550378,0.000162040640879375,"rtrim::overall(imputed); volledige variantie-covariantiematrix","beschikbaar","matige_afname_p_kleiner_dan_0_01","rtrim_overall_classificatie","model3_overdisp","voorkeursmodel_gekozen","formeel","1984-2025",1984,2025,42,42,6.11039090862067,0.458226005075652,5.18831131870745,7.04055343816352,9.91636792383262e-17,"rtrim::overall(imputed); volledige variantie-covariantiematrix","beschikbaar","sterke_toename_p_kleiner_dan_0_05","rtrim_overall_classificatie","model3_overdisp","voorkeursmodel_gekozen"
173,11460,"Tapuit","brugbare_tijdreeks",1958,"index_gebrugged = 100 in het eerste analysejaar vanaf eerste positieve jaar",1958,2025,68,6.97829967569498,"1981_1983_naar_1984_1986","trim-trend-v2","beschrijvend","1958-2025",1958,2025,68,68,-16.6183008204379,"loglineaire samenvatting van geschatte indices; geen formele inferentie","gebrugde_reeks_zonder_bootstrap","formeel","1958-1983",1958,1983,26,26,5.9972189781959,0.661769417991342,4.64015600821863,7.37188150053179,1.87521959978643e-09,"rtrim::overall(imputed); volledige variantie-covariantiematrix","beschikbaar","matige_toename_p_kleiner_dan_0_01","rtrim_overall_classificatie","model3_overdisp","voorkeursmodel_gekozen","formeel","1984-2025",1984,2025,42,42,-27.3267708212545,205.930664452462,-99.7633213318638,22214.6356232991,0.910875342214005,"rtrim::overall(imputed); volledige variantie-covariantiematrix","beschikbaar","onzeker","rtrim_overall_classificatie","model2_basis","model3_varianten_mislukt_fallback_naar_model2"
175,11870,"Merel","brugbare_tijdreeks",1958,"index_gebrugged = 100 in het eerste analysejaar vanaf eerste positieve jaar",1958,2025,68,10.572858323052,"1981_1983_naar_1984_1986","trim-trend-v2","beschrijvend","1958-2025",1958,2025,68,68,1.71404574283827,"loglineaire samenvatting van geschatte indices; geen formele inferentie","gebrugde_reeks_zonder_bootstrap","formeel","1958-1983",1958,1983,26,26,6.30241053475848,0.592538830078368,5.08647816158792,7.53241219221747,7.90090685304592e-11,"rtrim::overall(imputed); volledige variantie-covariantiematrix","beschikbaar","sterke_toename_p_kleiner_dan_0_05","rtrim_overall_classificatie","model3_overdisp","voorkeursmodel_gekozen","formeel","1984-2025",1984,2025,42,42,-0.183651424414011,0.1125598239628,-0.410884272498102,0.044099901687189,0.11093313866602,"rtrim::overall(imputed); volledige variantie-covariantiematrix","beschikbaar","stabiel","rtrim_overall_classificatie","model3_overdisp","voorkeursmodel_gekozen"
177,12000,"Zanglijster","brugbare_tijdreeks",1960,"index_gebrugged = 100 in het eerste analysejaar vanaf eerste positieve jaar",1960,2025,66,5.28294990524713,"1981_1983_naar_1984_1986","trim-trend-v2","beschrijvend","1958-2025",1960,2025,66,66,4.20871108191854,"loglineaire samenvatting van geschatte indices; geen formele inferentie","gebrugde_reeks_zonder_bootstrap","formeel","1958-1983",1960,1983,24,24,9.55756183316727,2.14046122319664,5.20724499547092,14.0877641586849,0.000116885794879766,"rtrim::overall(imputed); volledige variantie-covariantiematrix","beschikbaar","sterke_toename_p_kleiner_dan_0_05","rtrim_overall_classificatie","model3_overdisp","voorkeursmodel_gekozen","formeel","1984-2025",1984,2025,42,42,4.17641198219116,0.263054676322541,3.64611296308459,4.70942424390401,3.56849108927506e-19,"rtrim::overall(imputed); volledige variantie-covariantiematrix","beschikbaar","matige_toename_p_kleiner_dan_0_01","rtrim_overall_classificatie","model3_overdisp","voorkeursmodel_gekozen"
179,12020,"Grote Lijster","brugbare_tijdreeks",1959,"index_gebrugged = 100 in het eerste analysejaar vanaf eerste positieve jaar",1959,2025,66,0.0131858056012004,"1981_1983_naar_1984_1986","trim-trend-v2","beschrijvend","1958-2025",1959,2025,67,66,-3.34111483346469,"loglineaire samenvatting van geschatte indices; geen formele inferentie","gebrugde_reeks_zonder_bootstrap","formeel","1958-1983",1959,1983,25,25,-15.7131217370677,13.9067120687244,-40.0858335732444,18.5742583266223,0.310940181706732,"rtrim::overall(imputed); volledige variantie-covariantiematrix","beschikbaar","onzeker","rtrim_overall_classificatie","model2_basis","model3_varianten_mislukt_fallback_naar_model2","formeel","1984-2025",1985,2025,41,41,3.7883480578484,0.836591720263687,2.10990146853127,5.49438436092171,4.21136012514672e-05,"rtrim::overall(imputed); volledige variantie-covariantiematrix","beschikbaar","matige_toename_p_kleiner_dan_0_01","rtrim_overall_classificatie","model2_basis","model3_varianten_mislukt_fallback_naar_model2"
182,12360,"Sprinkhaanrietzanger","brugbare_tijdreeks",1958,"index_gebrugged = 100 in het eerste analysejaar vanaf eerste positieve jaar",1958,2025,68,0.864310926215392,"1981_1983_naar_1984_1986","trim-trend-v2","beschrijvend","1958-2025",1958,2025,68,68,1.00637507558166,"loglineaire samenvatting van geschatte indices; geen formele inferentie","gebrugde_reeks_zonder_bootstrap","formeel","1958-1983",1958,1983,26,26,-5.2379940580095,0.693526628542247,-6.65860656906988,-3.79576048653421,1.36314460276302e-07,"rtrim::overall(imputed); volledige variantie-covariantiematrix","beschikbaar","matige_afname_p_kleiner_dan_0_01","rtrim_overall_classificatie","model3_overdisp","voorkeursmodel_gekozen","formeel","1984-2025",1984,2025,42,42,0.0548898914896512,0.254037790437102,-0.457224559045899,0.569639000434985,0.829985559106206,"rtrim::overall(imputed); volledige variantie-covariantiematrix","beschikbaar","stabiel","rtrim_overall_classificatie","model3_overdisp","voorkeursmodel_gekozen"
186,12430,"Rietzanger","brugbare_tijdreeks",1959,"index_gebrugged = 100 in het eerste analysejaar vanaf eerste positieve jaar",1959,2025,67,9.69115148315334,"1981_1983_naar_1984_1986","trim-trend-v2","beschrijvend","1958-2025",1959,2025,67,67,3.31068009469069,"loglineaire samenvatting van geschatte indices; geen formele inferentie","gebrugde_reeks_zonder_bootstrap","formeel","1958-1983",1959,1983,25,25,9.94158753374683,8.8397585690957,-6.90499131156871,29.8367424820119,0.250536135911772,"rtrim::overall(imputed); volledige variantie-covariantiematrix","beschikbaar","onzeker","rtrim_overall_classificatie","model2_basis","model3_varianten_mislukt_fallback_naar_model2","formeel","1984-2025",1984,2025,42,42,1.93199715756123,0.512085135358268,0.902270981999975,2.97223187754192,0.000470424460744389,"rtrim::overall(imputed); volledige variantie-covariantiematrix","beschikbaar","matige_toename_p_kleiner_dan_0_01","rtrim_overall_classificatie","model3_overdisp","voorkeursmodel_gekozen"
187,12500,"Bosrietzanger","brugbare_tijdreeks",1962,"index_gebrugged = 100 in het eerste analysejaar vanaf eerste positieve jaar",1962,2025,64,49.0490527152428,"1981_1983_naar_1984_1986","trim-trend-v2","beschrijvend","1958-2025",1962,2025,64,64,2.03208544457736,"loglineaire samenvatting van geschatte indices; geen formele inferentie","gebrugde_reeks_zonder_bootstrap","formeel","1958-1983",1962,1983,22,22,22.7190428266236,6.18766810155256,10.4673833337906,36.329503042334,0.000610962246572962,"rtrim::overall(imputed); volledige variantie-covariantiematrix","beschikbaar","sterke_toename_p_kleiner_dan_0_05","rtrim_overall_classificatie","model2_basis","model3_varianten_mislukt_fallback_naar_model2","formeel","1984-2025",1984,2025,42,42,-3.08313130593689,0.26560509547056,-3.61845531984245,-2.54483398629303,3.59557701963448e-14,"rtrim::overall(imputed); volledige variantie-covariantiematrix","beschikbaar","matige_afname_p_kleiner_dan_0_01","rtrim_overall_classificatie","model3_overdisp","voorkeursmodel_gekozen"
188,12510,"Kleine Karekiet","brugbare_tijdreeks",1964,"index_gebrugged = 100 in het eerste analysejaar vanaf eerste positieve jaar",1964,2025,62,35.933564378406,"1981_1983_naar_1984_1986","trim-trend-v2","beschrijvend","1958-2025",1964,2025,62,62,2.83291829241206,"loglineaire samenvatting van geschatte indices; geen formele inferentie","gebrugde_reeks_zonder_bootstrap","formeel","1958-1983",1964,1983,20,20,18.681183105002,1.18647573481012,16.2144851250162,21.2002377160732,1.36828989774579e-12,"rtrim::overall(imputed); volledige variantie-covariantiematrix","beschikbaar","sterke_toename_p_kleiner_dan_0_01","rtrim_overall_classificatie","model3_overdisp","voorkeursmodel_gekozen","formeel","1984-2025",1984,2025,42,42,-3.33672548034897,0.140452996788787,-3.62017517583682,-3.05244216921574,6.35907692394279e-25,"rtrim::overall(imputed); volledige variantie-covariantiematrix","beschikbaar","matige_afname_p_kleiner_dan_0_01","rtrim_overall_classificatie","model3_overdisp","voorkeursmodel_gekozen"
190,12590,"Spotvogel","brugbare_tijdreeks",1964,"index_gebrugged = 100 in het eerste analysejaar vanaf eerste positieve jaar",1964,2025,62,0.411524359100941,"1981_1983_naar_1984_1986","trim-trend-v2","beschrijvend","1958-2025",1964,2025,62,62,-1.87752575185075,"loglineaire samenvatting van geschatte indices; geen formele inferentie","gebrugde_reeks_zonder_bootstrap","formeel","1958-1983",1964,1983,20,20,-0.403473667011978,5.37123281277312,-11.0722068233766,11.545195301272,0.941068820282539,"rtrim::overall(imputed); volledige variantie-covariantiematrix","beschikbaar","onzeker","rtrim_overall_classificatie","model2_basis","model3_varianten_mislukt_fallback_naar_model2","formeel","1984-2025",1984,2025,42,42,-0.704515104009673,5.97542961809879,-12.07578079242,12.1373997925686,0.907063132569591,"rtrim::overall(imputed); volledige variantie-covariantiematrix","beschikbaar","onzeker","rtrim_overall_classificatie","model2_basis","model3_varianten_mislukt_fallback_naar_model2"
192,12740,"Braamsluiper","brugbare_tijdreeks",1958,"index_gebrugged = 100 in het eerste analysejaar vanaf eerste positieve jaar",1958,2025,68,35.3614959145317,"1981_1983_naar_1984_1986","trim-trend-v2","beschrijvend","1958-2025",1958,2025,68,68,3.79727050856093,"loglineaire samenvatting van geschatte indices; geen formele inferentie","gebrugde_reeks_zonder_bootstrap","formeel","1958-1983",1958,1983,26,26,11.3662487659403,1.15203394603052,9.01376975934598,13.7694934463453,2.24320105702837e-10,"rtrim::overall(imputed); volledige variantie-covariantiematrix","beschikbaar","sterke_toename_p_kleiner_dan_0_01","rtrim_overall_classificatie","model3_overdisp","voorkeursmodel_gekozen","formeel","1984-2025",1984,2025,42,42,0.880470362649732,0.149630064797818,0.578509547503581,1.18333773660546,6.32231213064784e-07,"rtrim::overall(imputed); volledige variantie-covariantiematrix","beschikbaar","matige_toename_p_kleiner_dan_0_01","rtrim_overall_classificatie","model3_overdisp","voorkeursmodel_gekozen"
193,12750,"Grasmus","brugbare_tijdreeks",1958,"index_gebrugged = 100 in het eerste analysejaar vanaf eerste positieve jaar",1958,2025,68,0.45177161032346,"1981_1983_naar_1984_1986","trim-trend-v2","beschrijvend","1958-2025",1958,2025,68,68,1.4427476902712,"loglineaire samenvatting van geschatte indices; geen formele inferentie","gebrugde_reeks_zonder_bootstrap","formeel","1958-1983",1958,1983,26,26,-7.52771358010074,0.338229135723876,-8.22315596695526,-6.82700145316603,3.84999347281238e-17,"rtrim::overall(imputed); volledige variantie-covariantiematrix","beschikbaar","sterke_afname_p_kleiner_dan_0_01","rtrim_overall_classificatie","model3_overdisp","voorkeursmodel_gekozen","formeel","1984-2025",1984,2025,42,42,1.31979378999503,0.125911003165873,1.065637464295,1.57458925912217,4.02246715358979e-13,"rtrim::overall(imputed); volledige variantie-covariantiematrix","beschikbaar","matige_toename_p_kleiner_dan_0_01","rtrim_overall_classificatie","model3_overdisp","voorkeursmodel_gekozen"
194,12760,"Tuinfluiter","brugbare_tijdreeks",1960,"index_gebrugged = 100 in het eerste analysejaar vanaf eerste positieve jaar",1960,2025,66,7.65241160163701,"1981_1983_naar_1984_1986","trim-trend-v2","beschrijvend","1958-2025",1960,2025,66,66,5.49268148455218,"loglineaire samenvatting van geschatte indices; geen formele inferentie","gebrugde_reeks_zonder_bootstrap","formeel","1958-1983",1960,1983,24,24,9.93174646793016,1.83257901376868,6.19615528651658,13.798742043759,1.03286796339774e-05,"rtrim::overall(imputed); volledige variantie-covariantiematrix","beschikbaar","sterke_toename_p_kleiner_dan_0_05","rtrim_overall_classificatie","model2_basis","model3_varianten_mislukt_fallback_naar_model2","formeel","1984-2025",1984,2025,42,42,3.83183977353929,0.214089732029685,3.4000485969452,4.26543407907494,5.47418506277996e-21,"rtrim::overall(imputed); volledige variantie-covariantiematrix","beschikbaar","matige_toename_p_kleiner_dan_0_01","rtrim_overall_classificatie","model3_overdisp","voorkeursmodel_gekozen"
195,12770,"Zwartkop","brugbare_tijdreeks",1959,"index_gebrugged = 100 in het eerste analysejaar vanaf eerste positieve jaar",1959,2025,67,9.99643665510153,"1981_1983_naar_1984_1986","trim-trend-v2","beschrijvend","1958-2025",1959,2025,67,67,5.45011535952273,"loglineaire samenvatting van geschatte indices; geen formele inferentie","gebrugde_reeks_zonder_bootstrap","formeel","1958-1983",1959,1983,25,25,12.0141983188461,1.35838264379839,9.2391235226043,14.8597702032775,2.64512710632243e-09,"rtrim::overall(imputed); volledige variantie-covariantiematrix","beschikbaar","sterke_toename_p_kleiner_dan_0_01","rtrim_overall_classificatie","model2_basis","model3_varianten_mislukt_fallback_naar_model2","formeel","1984-2025",1984,2025,42,42,3.22538537223418,0.125028934662826,2.97300150972184,3.47838782032841,8.34867708990391e-27,"rtrim::overall(imputed); volledige variantie-covariantiematrix","beschikbaar","matige_toename_p_kleiner_dan_0_01","rtrim_overall_classificatie","model3_overdisp","voorkeursmodel_gekozen"
198,13110,"Tjiftjaf","brugbare_tijdreeks",1958,"index_gebrugged = 100 in het eerste analysejaar vanaf eerste positieve jaar",1958,2025,68,6.21603495466804,"1981_1983_naar_1984_1986","trim-trend-v2","beschrijvend","1958-2025",1958,2025,68,68,8.08899079609897,"loglineaire samenvatting van geschatte indices; geen formele inferentie","gebrugde_reeks_zonder_bootstrap","formeel","1958-1983",1958,1983,26,26,9.52453456288809,1.51342357877654,6.44510201813306,12.6930543894241,8.25506376912762e-07,"rtrim::overall(imputed); volledige variantie-covariantiematrix","beschikbaar","sterke_toename_p_kleiner_dan_0_05","rtrim_overall_classificatie","model2_basis","model3_varianten_mislukt_fallback_naar_model2","formeel","1984-2025",1984,2025,42,42,4.34192876999662,0.167317824500656,4.00431421584464,4.68063927471598,5.44969188491263e-27,"rtrim::overall(imputed); volledige variantie-covariantiematrix","beschikbaar","matige_toename_p_kleiner_dan_0_01","rtrim_overall_classificatie","model3_overdisp","voorkeursmodel_gekozen"
200,13120,"Fitis","brugbare_tijdreeks",1958,"index_gebrugged = 100 in het eerste analysejaar vanaf eerste positieve jaar",1958,2025,68,3.81473874730287,"1981_1983_naar_1984_1986","trim-trend-v2","beschrijvend","1958-2025",1958,2025,68,68,0.125103335270982,"loglineaire samenvatting van geschatte indices; geen formele inferentie","gebrugde_reeks_zonder_bootstrap","formeel","1958-1983",1958,1983,26,26,4.67970857081961,0.295188000932274,4.0722399350734,5.29072299498781,1.95852144018667e-14,"rtrim::overall(imputed); volledige variantie-covariantiematrix","beschikbaar","matige_toename_p_kleiner_dan_0_01","rtrim_overall_classificatie","model3_overdisp","voorkeursmodel_gekozen","formeel","1984-2025",1984,2025,42,42,-2.83268675620664,0.083167681419279,-3.00062960770815,-2.66445313166964,6.36995060450734e-31,"rtrim::overall(imputed); volledige variantie-covariantiematrix","beschikbaar","matige_afname_p_kleiner_dan_0_01","rtrim_overall_classificatie","model3_overdisp","voorkeursmodel_gekozen"
203,13350,"Grauwe Vliegenvanger","brugbare_tijdreeks",1963,"index_gebrugged = 100 in het eerste analysejaar vanaf eerste positieve jaar",1963,2025,62,0.0249108601473749,"1981_1983_naar_1984_1986","trim-trend-v2","beschrijvend","1958-2025",1963,2025,63,62,-2.47975920439115,"loglineaire samenvatting van geschatte indices; geen formele inferentie","gebrugde_reeks_zonder_bootstrap","formeel","1958-1983",1963,1983,21,21,-13.7373879226206,5.2468272550193,-24.048846510993,-2.02600091531896,0.0252046523803899,"rtrim::overall(imputed); volledige variantie-covariantiematrix","beschikbaar","matige_afname_p_kleiner_dan_0_05","rtrim_overall_classificatie","model2_basis","model3_varianten_mislukt_fallback_naar_model2","formeel","1984-2025",1985,2025,41,41,3.79879007492516,0.71712979553588,2.35834630156797,5.25950457694466,3.56001610422551e-06,"rtrim::overall(imputed); volledige variantie-covariantiematrix","beschikbaar","matige_toename_p_kleiner_dan_0_01","rtrim_overall_classificatie","model2_basis","model3_varianten_mislukt_fallback_naar_model2"
205,13490,"Bonte Vliegenvanger","brugbare_tijdreeks",1974,"index_gebrugged = 100 in het eerste analysejaar vanaf eerste positieve jaar",1974,2025,52,0.387927748036733,"1981_1983_naar_1984_1986","trim-trend-v2","beschrijvend","1958-2025",1974,2025,52,52,-14.9097638663274,"loglineaire samenvatting van geschatte indices; geen formele inferentie","gebrugde_reeks_zonder_bootstrap","formeel","1958-1983",1974,1983,10,10,0.91040119405601,11.1022351614455,-21.7017880268012,30.0528940894705,0.936373237334509,"rtrim::overall(imputed); volledige variantie-covariantiematrix","beschikbaar","onzeker","rtrim_overall_classificatie","model2_basis","model3_varianten_mislukt_fallback_naar_model2","formeel","1984-2025",1984,2025,42,42,-15.5965323647954,89.4075664237993,-90.0784623563457,618.028354546778,0.873630444288663,"rtrim::overall(imputed); volledige variantie-covariantiematrix","beschikbaar","onzeker","rtrim_overall_classificatie","model2_basis","model3_varianten_mislukt_fallback_naar_model2"
207,14370,"Staartmees","brugbare_tijdreeks",1959,"index_gebrugged = 100 in het eerste analysejaar vanaf eerste positieve jaar",1959,2025,67,15.7047216996041,"1981_1983_naar_1984_1986","trim-trend-v2","beschrijvend","1958-2025",1959,2025,67,67,4.01932000866327,"loglineaire samenvatting van geschatte indices; geen formele inferentie","gebrugde_reeks_zonder_bootstrap","formeel","1958-1983",1959,1983,25,25,13.8536943377365,1.77655743052766,10.2372863947792,17.5887409630998,2.19777257408073e-08,"rtrim::overall(imputed); volledige variantie-covariantiematrix","beschikbaar","sterke_toename_p_kleiner_dan_0_01","rtrim_overall_classificatie","model3_overdisp","voorkeursmodel_gekozen","formeel","1984-2025",1984,2025,42,42,-0.561438931042069,0.164818598448221,-0.893992420135103,-0.227769547708023,0.0015529790889727,"rtrim::overall(imputed); volledige variantie-covariantiematrix","beschikbaar","matige_afname_p_kleiner_dan_0_05","rtrim_overall_classificatie","model3_overdisp","voorkeursmodel_gekozen"
208,14400,"Glanskop","brugbare_tijdreeks",1963,"index_gebrugged = 100 in het eerste analysejaar vanaf eerste positieve jaar",1963,2025,63,2.80648926773909,"1981_1983_naar_1984_1986","trim-trend-v2","beschrijvend","1958-2025",1963,2025,63,63,1.4941460030067,"loglineaire samenvatting van geschatte indices; geen formele inferentie","gebrugde_reeks_zonder_bootstrap","formeel","1958-1983",1963,1983,21,21,5.51440185126388,2.20569029264474,0.997376100198055,10.233447916358,0.0188343879752867,"rtrim::overall(imputed); volledige variantie-covariantiematrix","beschikbaar","matige_toename_p_kleiner_dan_0_05","rtrim_overall_classificatie","model2_basis","model3_varianten_mislukt_fallback_naar_model2","formeel","1984-2025",1984,2025,42,42,0.0131260222832275,0.255673410913239,-0.502276611187369,0.531198464323723,0.959308233665853,"rtrim::overall(imputed); volledige variantie-covariantiematrix","beschikbaar","stabiel","rtrim_overall_classificatie","model3_overdisp","voorkeursmodel_gekozen"
209,14420,"Matkop","brugbare_tijdreeks",1965,"index_gebrugged = 100 in het eerste analysejaar vanaf eerste positieve jaar",1965,2025,61,3.16201479695439,"1981_1983_naar_1984_1986","trim-trend-v2","beschrijvend","1958-2025",1965,2025,61,61,-8.99266761117623,"loglineaire samenvatting van geschatte indices; geen formele inferentie","gebrugde_reeks_zonder_bootstrap","formeel","1958-1983",1965,1983,19,19,11.0218311661779,8.59981902793943,-5.7171551104961,30.7326588409245,0.194779487500952,"rtrim::overall(imputed); volledige variantie-covariantiematrix","beschikbaar","onzeker","rtrim_overall_classificatie","model2_basis","model3_varianten_mislukt_fallback_naar_model2","formeel","1984-2025",1984,2025,42,42,-16.7359508094924,24.685251880642,-54.2665653212249,51.5937286647054,0.540221063256949,"rtrim::overall(imputed); volledige variantie-covariantiematrix","beschikbaar","onzeker","rtrim_overall_classificatie","model2_basis","model3_varianten_mislukt_fallback_naar_model2"
210,14540,"Kuifmees","brugbare_tijdreeks",1973,"index_gebrugged = 100 in het eerste analysejaar vanaf eerste positieve jaar",1973,2025,53,0.0440684907592979,"1981_1983_naar_1984_1986","trim-trend-v2","beschrijvend","1958-2025",1973,2025,53,53,0.7076815994703,"loglineaire samenvatting van geschatte indices; geen formele inferentie","gebrugde_reeks_zonder_bootstrap","formeel","1958-1983",1973,1983,11,11,-8.1669494124009,33.5860941618762,-59.8495477281596,110.042694491371,0.82100941678244,"rtrim::overall(imputed); volledige variantie-covariantiematrix","beschikbaar","onzeker","rtrim_overall_classificatie","model2_basis","model3_varianten_mislukt_fallback_naar_model2","formeel","1984-2025",1984,2025,42,42,1.86225264589137,0.693134989030344,0.470963477143171,3.27280793376579,0.00982109937770398,"rtrim::overall(imputed); volledige variantie-covariantiematrix","beschikbaar","matige_toename_p_kleiner_dan_0_05","rtrim_overall_classificatie","model3_overdisp","voorkeursmodel_gekozen"
212,14610,"Zwarte Mees","brugbare_tijdreeks",1975,"index_gebrugged = 100 in het eerste analysejaar vanaf eerste positieve jaar",1975,2025,51,2.92046685791059,"1981_1983_naar_1984_1986","trim-trend-v2","beschrijvend","1958-2025",1975,2025,51,51,0.415963121702068,"loglineaire samenvatting van geschatte indices; geen formele inferentie","gebrugde_reeks_zonder_bootstrap","formeel","1958-1983",1975,1983,9,9,28.1277072680829,31.6447407446775,-28.5486342845536,129.760609967271,0.349012848335944,"rtrim::overall(imputed); volledige variantie-covariantiematrix","beschikbaar","onzeker","rtrim_overall_classificatie","model2_basis","model3_varianten_mislukt_fallback_naar_model2","formeel","1984-2025",1984,2025,42,42,-1.06334995984509,1.58625330723051,-4.21790150587525,2.19509569179575,0.508743090231516,"rtrim::overall(imputed); volledige variantie-covariantiematrix","beschikbaar","stabiel","rtrim_overall_classificatie","model2_basis","model3_varianten_mislukt_fallback_naar_model2"
213,14620,"Pimpelmees","brugbare_tijdreeks",1961,"index_gebrugged = 100 in het eerste analysejaar vanaf eerste positieve jaar",1961,2025,65,10.3275890096819,"1981_1983_naar_1984_1986","trim-trend-v2","beschrijvend","1958-2025",1961,2025,65,65,5.05951461873924,"loglineaire samenvatting van geschatte indices; geen formele inferentie","gebrugde_reeks_zonder_bootstrap","formeel","1958-1983",1961,1983,23,23,12.9527840904028,1.35052706756247,10.1788393370359,15.7965677487813,1.3996169101688e-09,"rtrim::overall(imputed); volledige variantie-covariantiematrix","beschikbaar","sterke_toename_p_kleiner_dan_0_01","rtrim_overall_classificatie","model2_basis","model3_varianten_mislukt_fallback_naar_model2","formeel","1984-2025",1984,2025,42,42,1.33421655280304,0.124547005506324,1.08281004701569,1.58624834028884,2.09688361102017e-13,"rtrim::overall(imputed); volledige variantie-covariantiematrix","beschikbaar","matige_toename_p_kleiner_dan_0_01","rtrim_overall_classificatie","model3_overdisp","voorkeursmodel_gekozen"
214,14640,"Koolmees","brugbare_tijdreeks",1958,"index_gebrugged = 100 in het eerste analysejaar vanaf eerste positieve jaar",1958,2025,68,16.0184511517358,"1981_1983_naar_1984_1986","trim-trend-v2","beschrijvend","1958-2025",1958,2025,68,68,3.09387560119494,"loglineaire samenvatting van geschatte indices; geen formele inferentie","gebrugde_reeks_zonder_bootstrap","formeel","1958-1983",1958,1983,26,26,9.41242002869422,0.736591605203357,7.90268262118277,10.9432811653315,1.30924228306599e-12,"rtrim::overall(imputed); volledige variantie-covariantiematrix","beschikbaar","sterke_toename_p_kleiner_dan_0_01","rtrim_overall_classificatie","model3_overdisp","voorkeursmodel_gekozen","formeel","1984-2025",1984,2025,42,42,0.00147646857688866,0.0914349299201758,-0.183149776301761,0.186444207403924,0.987196699572939,"rtrim::overall(imputed); volledige variantie-covariantiematrix","beschikbaar","stabiel","rtrim_overall_classificatie","model3_overdisp","voorkeursmodel_gekozen"
215,14790,"Boomklever","brugbare_tijdreeks",1964,"index_gebrugged = 100 in het eerste analysejaar vanaf eerste positieve jaar",1964,2025,61,4.67480031503613e-07,"1981_1983_naar_1984_1986","trim-trend-v2","beschrijvend","1958-2025",1964,2025,62,61,-15.9763332581211,"loglineaire samenvatting van geschatte indices; geen formele inferentie","gebrugde_reeks_zonder_bootstrap","formeel","1958-1983",1964,1983,20,20,-55.2177765509764,14.9063502746013,-77.7466665899839,-9.88102770546568,0.0266776955538424,"rtrim::overall(imputed); volledige variantie-covariantiematrix","beschikbaar","sterke_afname_p_kleiner_dan_0_05","rtrim_overall_classificatie","model2_basis","model3_varianten_mislukt_fallback_naar_model2","formeel","1984-2025",1985,2025,41,41,-0.0315233429885486,0.408235912415891,-0.853857519371748,0.797631406346144,0.938854189928026,"rtrim::overall(imputed); volledige variantie-covariantiematrix","beschikbaar","stabiel","rtrim_overall_classificatie","model3_overdisp","voorkeursmodel_gekozen"
217,14870,"Boomkruiper","brugbare_tijdreeks",1973,"index_gebrugged = 100 in het eerste analysejaar vanaf eerste positieve jaar",1973,2025,53,3.64630209745516,"1981_1983_naar_1984_1986","trim-trend-v2","beschrijvend","1958-2025",1973,2025,53,53,6.78971388064022,"loglineaire samenvatting van geschatte indices; geen formele inferentie","gebrugde_reeks_zonder_bootstrap","formeel","1958-1983",1973,1983,11,11,25.343633681307,9.43902428629443,5.7107820313892,48.6227440808122,0.014964957640525,"rtrim::overall(imputed); volledige variantie-covariantiematrix","beschikbaar","sterke_toename_p_kleiner_dan_0_05","rtrim_overall_classificatie","model2_basis","model3_varianten_mislukt_fallback_naar_model2","formeel","1984-2025",1984,2025,42,42,4.54797417275636,0.298003113007633,3.94741893454011,5.15199911323021,1.32045218370837e-18,"rtrim::overall(imputed); volledige variantie-covariantiematrix","beschikbaar","matige_toename_p_kleiner_dan_0_01","rtrim_overall_classificatie","model3_overdisp","voorkeursmodel_gekozen"
218,15080,"Wielewaal","brugbare_tijdreeks",1959,"index_gebrugged = 100 in het eerste analysejaar vanaf eerste positieve jaar",1959,2025,67,1.48855613022138,"1981_1983_naar_1984_1986","trim-trend-v2","beschrijvend","1958-2025",1959,2025,67,67,1.54076146212891,"loglineaire samenvatting van geschatte indices; geen formele inferentie","gebrugde_reeks_zonder_bootstrap","formeel","1958-1983",1959,1983,25,25,11.5346866410824,8.34909332272809,-4.46590306507197,30.2151454113583,0.158271013729487,"rtrim::overall(imputed); volledige variantie-covariantiematrix","beschikbaar","onzeker","rtrim_overall_classificatie","model2_basis","model3_varianten_mislukt_fallback_naar_model2","formeel","1984-2025",1984,2025,42,42,-3.26438333419743,0.8568943693354,-4.98082100479487,-1.51693973081672,0.000565460729981514,"rtrim::overall(imputed); volledige variantie-covariantiematrix","beschikbaar","matige_afname_p_kleiner_dan_0_01","rtrim_overall_classificatie","model2_basis","model3_varianten_mislukt_fallback_naar_model2"
219,15150,"Grauwe Klauwier","brugbare_tijdreeks",1959,"index_gebrugged = 100 in het eerste analysejaar vanaf eerste positieve jaar",1959,2025,67,0.0701714538239631,"1981_1983_naar_1984_1986","trim-trend-v2","beschrijvend","1958-2025",1959,2025,67,67,-9.50779127223941,"loglineaire samenvatting van geschatte indices; geen formele inferentie","gebrugde_reeks_zonder_bootstrap","formeel","1958-1983",1959,1983,25,25,-12.1223388149239,2.95299644357427,-18.0235910431285,-5.79627195646132,0.000824873195193974,"rtrim::overall(imputed); volledige variantie-covariantiematrix","beschikbaar","sterke_afname_p_kleiner_dan_0_05","rtrim_overall_classificatie","model2_basis","model3_varianten_mislukt_fallback_naar_model2","formeel","1984-2025",1984,2025,42,42,14.571999032358,18.2310888586237,-16.9366972995652,58.0330005611723,0.39770283349148,"rtrim::overall(imputed); volledige variantie-covariantiematrix","beschikbaar","onzeker","rtrim_overall_classificatie","model2_basis","model3_varianten_mislukt_fallback_naar_model2"
222,15390,"Gaai","brugbare_tijdreeks",1959,"index_gebrugged = 100 in het eerste analysejaar vanaf eerste positieve jaar",1959,2025,67,4.04552487025915,"1981_1983_naar_1984_1986","trim-trend-v2","beschrijvend","1958-2025",1959,2025,67,67,2.93326980356041,"loglineaire samenvatting van geschatte indices; geen formele inferentie","gebrugde_reeks_zonder_bootstrap","formeel","1958-1983",1959,1983,25,25,7.19938472137784,1.09199789646049,4.96404983820626,9.48232373232103,5.84591228376048e-07,"rtrim::overall(imputed); volledige variantie-covariantiematrix","beschikbaar","matige_toename_p_kleiner_dan_0_01","rtrim_overall_classificatie","model3_overdisp","voorkeursmodel_gekozen","formeel","1984-2025",1984,2025,42,42,-0.442777137864414,0.132522844929892,-0.7102558382869,-0.174577871025083,0.00185509637303319,"rtrim::overall(imputed); volledige variantie-covariantiematrix","beschikbaar","matige_afname_p_kleiner_dan_0_05","rtrim_overall_classificatie","model3_overdisp","voorkeursmodel_gekozen"
223,15490,"Ekster","brugbare_tijdreeks",1958,"index_gebrugged = 100 in het eerste analysejaar vanaf eerste positieve jaar",1958,2025,68,29.7516508841166,"1981_1983_naar_1984_1986","trim-trend-v2","beschrijvend","1958-2025",1958,2025,68,68,0.79717634575931,"loglineaire samenvatting van geschatte indices; geen formele inferentie","gebrugde_reeks_zonder_bootstrap","formeel","1958-1983",1958,1983,26,26,9.14837372490751,1.1976348904221,6.70435512621399,11.6483715467892,3.31414713505274e-08,"rtrim::overall(imputed); volledige variantie-covariantiematrix","beschikbaar","sterke_toename_p_kleiner_dan_0_05","rtrim_overall_classificatie","model3_overdisp","voorkeursmodel_gekozen","formeel","1984-2025",1984,2025,42,42,-6.42582251664042,0.237356977521298,-6.9043113069829,-5.9448744123845,8.66082541687182e-27,"rtrim::overall(imputed); volledige variantie-covariantiematrix","beschikbaar","sterke_afname_p_kleiner_dan_0_01","rtrim_overall_classificatie","model3_overdisp","voorkeursmodel_gekozen"
224,15600,"Kauw","brugbare_tijdreeks",1960,"index_gebrugged = 100 in het eerste analysejaar vanaf eerste positieve jaar",1960,2025,66,12.8701975851197,"1981_1983_naar_1984_1986","trim-trend-v2","beschrijvend","1958-2025",1960,2025,66,66,0.486772938398716,"loglineaire samenvatting van geschatte indices; geen formele inferentie","gebrugde_reeks_zonder_bootstrap","formeel","1958-1983",1960,1983,24,24,13.8215405576181,2.38923538526518,8.97287338391997,18.8859455808493,3.30331329485552e-06,"rtrim::overall(imputed); volledige variantie-covariantiematrix","beschikbaar","sterke_toename_p_kleiner_dan_0_01","rtrim_overall_classificatie","model2_basis","model3_varianten_mislukt_fallback_naar_model2","formeel","1984-2025",1984,2025,42,42,-7.38433307935246,0.492236374944423,-8.37385582561302,-6.38412391521204,1.88396818895468e-17,"rtrim::overall(imputed); volledige variantie-covariantiematrix","beschikbaar","sterke_afname_p_kleiner_dan_0_01","rtrim_overall_classificatie","model3_overdisp","voorkeursmodel_gekozen"
226,15671,"Zwarte Kraai","brugbare_tijdreeks",1962,"index_gebrugged = 100 in het eerste analysejaar vanaf eerste positieve jaar",1962,2025,64,1.38166932719061,"1981_1983_naar_1984_1986","trim-trend-v2","beschrijvend","1958-2025",1962,2025,64,64,2.44439135869332,"loglineaire samenvatting van geschatte indices; geen formele inferentie","gebrugde_reeks_zonder_bootstrap","formeel","1958-1983",1962,1983,22,22,4.93190829123971,2.32451333635856,0.193383989559259,9.89453533966394,0.0419550762515376,"rtrim::overall(imputed); volledige variantie-covariantiematrix","beschikbaar","matige_toename_p_kleiner_dan_0_05","rtrim_overall_classificatie","model2_basis","model3_varianten_mislukt_fallback_naar_model2","formeel","1984-2025",1984,2025,42,42,-0.411093136345864,0.179250639104237,-0.77271405060324,-0.0481543417859331,0.027456858646466,"rtrim::overall(imputed); volledige variantie-covariantiematrix","beschikbaar","matige_afname_p_kleiner_dan_0_05","rtrim_overall_classificatie","model3_overdisp","voorkeursmodel_gekozen"
229,15820,"Spreeuw","brugbare_tijdreeks",1967,"index_gebrugged = 100 in het eerste analysejaar vanaf eerste positieve jaar",1967,2025,59,2.34820578668754,"1981_1983_naar_1984_1986","trim-trend-v2","beschrijvend","1958-2025",1967,2025,59,59,-2.96208392127083,"loglineaire samenvatting van geschatte indices; geen formele inferentie","gebrugde_reeks_zonder_bootstrap","formeel","1958-1983",1967,1983,17,17,13.7185316633862,3.63734457139183,6.22408651798994,21.7417336084736,0.00111492519927378,"rtrim::overall(imputed); volledige variantie-covariantiematrix","beschikbaar","sterke_toename_p_kleiner_dan_0_05","rtrim_overall_classificatie","model3_overdisp","voorkeursmodel_gekozen","formeel","1984-2025",1984,2025,42,42,-5.87909055066704,0.495078652179878,-6.87438202821046,-4.87316177323939,2.8080346387234e-14,"rtrim::overall(imputed); volledige variantie-covariantiematrix","beschikbaar","matige_afname_p_kleiner_dan_0_01","rtrim_overall_classificatie","model3_overdisp","voorkeursmodel_gekozen"
231,15910,"Huismus","brugbare_tijdreeks",1960,"index_gebrugged = 100 in het eerste analysejaar vanaf eerste positieve jaar",1960,2025,65,1.17931420646082,"1981_1983_naar_1984_1986","trim-trend-v2","beschrijvend","1958-2025",1960,2025,66,65,-2.02717182143106,"loglineaire samenvatting van geschatte indices; geen formele inferentie","gebrugde_reeks_zonder_bootstrap","formeel","1958-1983",1960,1983,24,24,0.832568421476743,2.06870084976027,-3.36766517850622,5.21536991994849,0.690018674712754,"rtrim::overall(imputed); volledige variantie-covariantiematrix","beschikbaar","onzeker","rtrim_overall_classificatie","model2_basis","model3_varianten_mislukt_fallback_naar_model2","formeel","1984-2025",1985,2025,41,41,-1.65144302619311,0.512155290119274,-2.6819381121914,-0.610036089900379,0.00274795467650362,"rtrim::overall(imputed); volledige variantie-covariantiematrix","beschikbaar","matige_afname_p_kleiner_dan_0_05","rtrim_overall_classificatie","model2_basis","model3_varianten_mislukt_fallback_naar_model2"
232,15980,"Ringmus","brugbare_tijdreeks",1966,"index_gebrugged = 100 in het eerste analysejaar vanaf eerste positieve jaar",1966,2025,60,15.4798327472542,"1981_1983_naar_1984_1986","trim-trend-v2","beschrijvend","1958-2025",1966,2025,60,60,-15.9941056192389,"loglineaire samenvatting van geschatte indices; geen formele inferentie","gebrugde_reeks_zonder_bootstrap","formeel","1958-1983",1966,1983,18,18,19.1404513760238,2.01780690319764,14.9387706987931,23.4957279235259,1.72013672331485e-08,"rtrim::overall(imputed); volledige variantie-covariantiematrix","beschikbaar","sterke_toename_p_kleiner_dan_0_01","rtrim_overall_classificatie","model2_basis","model3_varianten_mislukt_fallback_naar_model2","formeel","1984-2025",1984,2025,42,42,-24.3395688817604,31.7921439509164,-67.6372101739709,76.8852706386182,0.510642546499756,"rtrim::overall(imputed); volledige variantie-covariantiematrix","beschikbaar","onzeker","rtrim_overall_classificatie","model2_basis","model3_varianten_mislukt_fallback_naar_model2"
233,16360,"Vink","brugbare_tijdreeks",1973,"index_gebrugged = 100 in het eerste analysejaar vanaf eerste positieve jaar",1973,2025,53,0.118924950017019,"1981_1983_naar_1984_1986","trim-trend-v2","beschrijvend","1958-2025",1973,2025,53,53,9.27243402630193,"loglineaire samenvatting van geschatte indices; geen formele inferentie","gebrugde_reeks_zonder_bootstrap","formeel","1958-1983",1973,1983,11,11,-8.0243661824029,16.9246389774103,-39.3415366545458,39.4614493936513,0.660183662189203,"rtrim::overall(imputed); volledige variantie-covariantiematrix","beschikbaar","onzeker","rtrim_overall_classificatie","model2_basis","model3_varianten_mislukt_fallback_naar_model2","formeel","1984-2025",1984,2025,42,42,10.7478099822321,0.581778170645866,9.57821227743607,11.9298915445637,5.54669279613486e-22,"rtrim::overall(imputed); volledige variantie-covariantiematrix","beschikbaar","sterke_toename_p_kleiner_dan_0_01","rtrim_overall_classificatie","model3_overdisp","voorkeursmodel_gekozen"
236,16490,"Groenling","brugbare_tijdreeks",1961,"index_gebrugged = 100 in het eerste analysejaar vanaf eerste positieve jaar",1961,2025,65,5.08622242462669,"1981_1983_naar_1984_1986","trim-trend-v2","beschrijvend","1958-2025",1961,2025,65,65,-0.027818600423235,"loglineaire samenvatting van geschatte indices; geen formele inferentie","gebrugde_reeks_zonder_bootstrap","formeel","1958-1983",1961,1983,23,23,9.8242431375188,1.97180789131586,5.79925392713563,14.0023576067517,3.57639948518058e-05,"rtrim::overall(imputed); volledige variantie-covariantiematrix","beschikbaar","sterke_toename_p_kleiner_dan_0_05","rtrim_overall_classificatie","model2_basis","model3_varianten_mislukt_fallback_naar_model2","formeel","1984-2025",1984,2025,42,42,0.968814821079489,0.430697916061455,0.102083365836547,1.84305084955656,0.029318579025512,"rtrim::overall(imputed); volledige variantie-covariantiematrix","beschikbaar","matige_toename_p_kleiner_dan_0_05","rtrim_overall_classificatie","model3_overdisp","voorkeursmodel_gekozen"
237,16530,"Putter","brugbare_tijdreeks",1973,"index_gebrugged = 100 in het eerste analysejaar vanaf eerste positieve jaar",1973,2025,51,0.712838989821564,"1981_1983_naar_1984_1986","trim-trend-v2","beschrijvend","1958-2025",1973,2025,53,51,6.00014227333239,"loglineaire samenvatting van geschatte indices; geen formele inferentie","gebrugde_reeks_zonder_bootstrap","formeel","1958-1983",1973,1983,11,11,5.51109588902341,14.8233219651657,-23.2153921271828,44.9846741959307,0.711434424552766,"rtrim::overall(imputed); volledige variantie-covariantiematrix","beschikbaar","onzeker","rtrim_overall_classificatie","model2_basis","model3_varianten_mislukt_fallback_naar_model2","formeel","1984-2025",1986,2025,40,40,7.46449460624614,0.657934232193788,6.14079630947997,8.80470094932237,3.1455630999118e-14,"rtrim::overall(imputed); volledige variantie-covariantiematrix","beschikbaar","sterke_toename_p_kleiner_dan_0_01","rtrim_overall_classificatie","model2_basis","model3_varianten_mislukt_fallback_naar_model2"
239,16600,"Kneu","brugbare_tijdreeks",1958,"index_gebrugged = 100 in het eerste analysejaar vanaf eerste positieve jaar",1958,2025,68,5.08534690453694,"1981_1983_naar_1984_1986","trim-trend-v2","beschrijvend","1958-2025",1958,2025,68,68,-0.297063998548042,"loglineaire samenvatting van geschatte indices; geen formele inferentie","gebrugde_reeks_zonder_bootstrap","formeel","1958-1983",1958,1983,26,26,6.29062759793317,0.709222398383922,4.83689738264621,7.76451609328754,2.74434719295598e-09,"rtrim::overall(imputed); volledige variantie-covariantiematrix","beschikbaar","matige_toename_p_kleiner_dan_0_01","rtrim_overall_classificatie","model3_overdisp","voorkeursmodel_gekozen","formeel","1984-2025",1984,2025,42,42,-2.00354098588562,0.19803872230942,-2.40297590391629,-1.60247130229504,1.85019632163232e-12,"rtrim::overall(imputed); volledige variantie-covariantiematrix","beschikbaar","matige_afname_p_kleiner_dan_0_01","rtrim_overall_classificatie","model3_overdisp","voorkeursmodel_gekozen"
240,16630,"Barmsijs","brugbare_tijdreeks",1970,"index_gebrugged = 100 in het eerste analysejaar vanaf eerste positieve jaar",1970,2025,56,26.5403709617591,"1981_1983_naar_1984_1986","trim-trend-v2","beschrijvend","1958-2025",1970,2025,56,56,-18.9302716776772,"loglineaire samenvatting van geschatte indices; geen formele inferentie","gebrugde_reeks_zonder_bootstrap","formeel","1958-1983",1970,1983,14,14,22.0862038462041,3.28526387720322,15.1340250350393,29.4581785448809,8.09891273409892e-06,"rtrim::overall(imputed); volledige variantie-covariantiematrix","beschikbaar","sterke_toename_p_kleiner_dan_0_01","rtrim_overall_classificatie","model2_basis","model3_varianten_mislukt_fallback_naar_model2","formeel","1984-2025",1984,2025,42,42,-14.8762538023922,181.043475217546,-98.84323365193,6164.05857916266,0.940011578448924,"rtrim::overall(imputed); volledige variantie-covariantiematrix","beschikbaar","onzeker","rtrim_overall_classificatie","model2_basis","model3_varianten_mislukt_fallback_naar_model2"
246,17100,"Goudvink","brugbare_tijdreeks",1967,"index_gebrugged = 100 in het eerste analysejaar vanaf eerste positieve jaar",1967,2025,59,8.08356596469652,"1981_1983_naar_1984_1986","trim-trend-v2","beschrijvend","1958-2025",1967,2025,59,59,-0.848164895496784,"loglineaire samenvatting van geschatte indices; geen formele inferentie","gebrugde_reeks_zonder_bootstrap","formeel","1958-1983",1967,1983,17,17,16.2756767904945,2.65952566737369,10.7429918672378,22.0847729064045,8.5422627073839e-06,"rtrim::overall(imputed); volledige variantie-covariantiematrix","beschikbaar","sterke_toename_p_kleiner_dan_0_01","rtrim_overall_classificatie","model3_overdisp","voorkeursmodel_gekozen","formeel","1984-2025",1984,2025,42,42,-5.06304919155784,0.348352548660945,-5.76449181177665,-4.35638537861753,3.58422260893988e-17,"rtrim::overall(imputed); volledige variantie-covariantiematrix","beschikbaar","matige_afname_p_kleiner_dan_0_01","rtrim_overall_classificatie","model3_overdisp","voorkeursmodel_gekozen"
251,18770,"Rietgors","brugbare_tijdreeks",1958,"index_gebrugged = 100 in het eerste analysejaar vanaf eerste positieve jaar",1958,2025,68,92.3355114267563,"1981_1983_naar_1984_1986","trim-trend-v2","beschrijvend","1958-2025",1958,2025,68,68,0.388263294728297,"loglineaire samenvatting van geschatte indices; geen formele inferentie","gebrugde_reeks_zonder_bootstrap","formeel","1958-1983",1958,1983,26,26,11.7629231043548,1.33212059528675,9.04710279599381,14.546380972616,1.86966724527167e-09,"rtrim::overall(imputed); volledige variantie-covariantiematrix","beschikbaar","sterke_toename_p_kleiner_dan_0_01","rtrim_overall_classificatie","model3_overdisp","voorkeursmodel_gekozen","formeel","1984-2025",1984,2025,42,42,-4.37182038004557,0.211533459974363,-4.79839120426526,-3.94333821556202,1.33496646572117e-22,"rtrim::overall(imputed); volledige variantie-covariantiematrix","beschikbaar","matige_afname_p_kleiner_dan_0_01","rtrim_overall_classificatie","model3_overdisp","voorkeursmodel_gekozen"
