"soort_id","euring_code","soort_naam","n_getelde_cellen","n_positieve_cellen","n_jaren_geteld","n_afgeleide_jaarverslagnullen","pre_afgeleide_jaarverslagnullen","post_afgeleide_jaarverslagnullen","pre_afgeleide_jaarverslagnullen_in_model","post_afgeleide_jaarverslagnullen_in_model","pre_model_gelukt","post_model_gelukt","pre_model","post_model","pre_model_overdispersion","post_model_overdispersion","pre_model_serial_correlation","post_model_serial_correlation","pre_model_aic","post_model_aic","pre_model_fallback_reden","post_model_fallback_reden","pre_fout","post_fout","pre_waarschuwingen","post_waarschuwingen","pre_modelpogingen","post_modelpogingen","pre_positieve_jaren","post_positieve_jaren","pre_actieve_plots","post_actieve_plots","n_actieve_plots","modelselectie_methode","analyse_categorie"
1,70,"Dodaars",1626,825,68,429,382,47,176,11,TRUE,TRUE,"model3_overdisp","model3_overdisp",TRUE,TRUE,FALSE,FALSE,NA,NA,"voorkeursmodel_gekozen","voorkeursmodel_gekozen",NA,NA,NA,NA,"model3_overdisp:ok:aic=NA || model3_overdisp_serialcor:ok:aic=NA || model3_basis:ok:aic=NA || model2_basis:ok:aic=NA","model3_overdisp:ok:aic=NA || model3_overdisp_serialcor:ok:aic=NA || model3_basis:ok:aic=NA || model2_basis:ok:aic=NA",26,42,20,29,31,"vaste_voorkeurhierarchie_eerste_werkende_model","brugbare_tijdreeks"
2,90,"Fuut",1447,731,68,517,472,45,131,4,TRUE,TRUE,"model3_overdisp","model3_overdisp",TRUE,TRUE,FALSE,FALSE,NA,NA,"voorkeursmodel_gekozen","voorkeursmodel_gekozen",NA,NA,"Overdispersion 0.9 <1; consider setting overdisp=FALSE","Overdispersion 0.6 <1; consider setting overdisp=FALSE","model3_overdisp:ok:aic=NA || model3_overdisp_serialcor:ok:aic=NA || model3_basis:ok:aic=NA || model2_basis:ok:aic=NA","model3_overdisp:ok:aic=NA || model3_overdisp_serialcor:ok:aic=NA || model3_basis:ok:aic=NA || model2_basis:ok:aic=NA",20,42,16,24,24,"vaste_voorkeurhierarchie_eerste_werkende_model","brugbare_tijdreeks"
4,120,"Geoorde Fuut",1291,204,68,607,552,55,178,6,TRUE,TRUE,"model2_basis","model2_basis",FALSE,FALSE,FALSE,FALSE,NA,NA,"model3_varianten_mislukt_fallback_naar_model2","model3_varianten_mislukt_fallback_naar_model2",NA,NA,NA,NA,"model3_overdisp:fout:Found zero or less counts for year 2, 3, 4, 5, 9 || model3_overdisp_serialcor:fout:Found zero or less counts for year 2, 3, 4, 5, 9 || model3_basis:fout:Found zero or less counts for year 2, 3, 4, 5, 9 || model2_basis:ok:aic=NA","model3_overdisp:fout:Found zero or less counts for year 35, 36, 38, 40, 41 || model3_overdisp_serialcor:fout:Found zero or less counts for year 35, 36, 38, 40, 41 || model3_basis:fout:Found zero or less counts for year 35, 36, 38, 40, 41 || model2_basis:ok:aic=NA",19,37,11,17,18,"vaste_voorkeurhierarchie_eerste_werkende_model","brugbare_tijdreeks"
17,1520,"Knobbelzwaan",1572,424,68,629,577,52,36,11,TRUE,TRUE,"model2_basis","model3_overdisp",FALSE,TRUE,FALSE,FALSE,NA,NA,"model3_varianten_mislukt_fallback_naar_model2","voorkeursmodel_gekozen",NA,NA,NA,"Overdispersion 0.7 <1; consider setting overdisp=FALSE","model3_overdisp:fout:Found zero or less counts for year 4 || model3_overdisp_serialcor:fout:Found zero or less counts for year 4 || model3_basis:fout:Found zero or less counts for year 4 || model2_basis:ok:aic=NA","model3_overdisp:ok:aic=NA || model3_overdisp_serialcor:ok:aic=NA || model3_basis:ok:aic=NA || model2_basis:ok:aic=NA",8,42,8,25,26,"vaste_voorkeurhierarchie_eerste_werkende_model","brugbare_tijdreeks"
27,1700,"Nijlgans",1803,414,68,608,557,51,103,22,TRUE,TRUE,"model2_basis","model3_overdisp",FALSE,TRUE,FALSE,FALSE,NA,NA,"model3_varianten_mislukt_fallback_naar_model2","voorkeursmodel_gekozen",NA,NA,NA,"Overdispersion 0.7 <1; consider setting overdisp=FALSE","model3_overdisp:fout:Found zero or less counts for year 2, 3, 4, 5 || model3_overdisp_serialcor:fout:Found zero or less counts for year 2, 3, 4, 5 || model3_basis:fout:Found zero or less counts for year 2, 3, 4, 5 || model2_basis:ok:aic=NA","model3_overdisp:ok:aic=NA || model3_overdisp_serialcor:ok:aic=NA || model3_basis:ok:aic=NA || model2_basis:ok:aic=NA",7,42,14,32,33,"vaste_voorkeurhierarchie_eerste_werkende_model","brugbare_tijdreeks"
29,1730,"Bergeend",1640,432,68,410,358,52,229,21,TRUE,TRUE,"model3_overdisp","model2_basis",TRUE,FALSE,FALSE,FALSE,NA,NA,"voorkeursmodel_gekozen","model3_varianten_mislukt_fallback_naar_model2",NA,NA,NA,"Data ends with 1 years without positive observations.","model3_overdisp:ok:aic=NA || model3_overdisp_serialcor:ok:aic=NA || model3_basis:ok:aic=NA || model2_basis:ok:aic=NA","model3_overdisp:fout:Found zero or less counts for year 19, 21, 22, 23, 24, 25, 30, 31, 32, 33, 39, 40, 42 || model3_overdisp_serialcor:fout:Found zero or less counts for year 19, 21, 22, 23, 24, 25, 30, 31, 32, 33, 39, 40, 42 || model3_basis:fout:Found zero or less counts for year 19, 21, 22, 23, 24, 25, 30, 31, 32, 33, 39, 40, 42 || model2_basis:ok:aic=NA",26,29,26,27,34,"vaste_voorkeurhierarchie_eerste_werkende_model","brugbare_tijdreeks"
34,1820,"Krakeend",1615,807,68,458,411,47,101,18,TRUE,TRUE,"model3_overdisp","model3_overdisp",TRUE,TRUE,FALSE,FALSE,NA,NA,"voorkeursmodel_gekozen","voorkeursmodel_gekozen",NA,NA,NA,NA,"model3_overdisp:ok:aic=NA || model3_overdisp_serialcor:ok:aic=NA || model3_basis:ok:aic=NA || model2_basis:ok:aic=NA","model3_overdisp:ok:aic=NA || model3_overdisp_serialcor:ok:aic=NA || model3_basis:ok:aic=NA || model2_basis:ok:aic=NA",14,42,26,29,33,"vaste_voorkeurhierarchie_eerste_werkende_model","brugbare_tijdreeks"
35,1840,"Wintertaling",1428,206,68,478,422,56,221,3,TRUE,TRUE,"model3_overdisp","model2_basis",TRUE,FALSE,FALSE,FALSE,NA,NA,"voorkeursmodel_gekozen","model3_varianten_mislukt_fallback_naar_model2",NA,NA,NA,NA,"model3_overdisp:ok:aic=NA || model3_overdisp_serialcor:ok:aic=NA || model3_basis:ok:aic=NA || model2_basis:ok:aic=NA","model3_overdisp:fout:Found zero or less counts for year 2, 3, 4, 5, 6, 11, 17, 18, 19, 21, 23, 26, 28, 29, 32, 33, 34, 35, 36, 37, 39, 41 || model3_overdisp_serialcor:fout:Found zero or less counts for year 2, 3, 4, 5, 6, 11, 17, 18, 19, 21, 23, 26, 28, 29, 32, 33, 34, 35, 36, 37, 39, 41 || model3_basis:fout:Found zero or less counts for year 2, 3, 4, 5, 6, 11, 17, 18, 19, 21, 23, 26, 28, 29, 32, 33, 34, 35, 36, 37, 39, 41 || model2_basis:ok:aic=NA",26,20,20,9,22,"vaste_voorkeurhierarchie_eerste_werkende_model","brugbare_tijdreeks"
36,1860,"Wilde Eend",1802,1293,68,189,152,37,128,14,TRUE,TRUE,"model3_overdisp","model3_overdisp",TRUE,TRUE,FALSE,FALSE,NA,NA,"voorkeursmodel_gekozen","voorkeursmodel_gekozen",NA,NA,NA,NA,"model3_overdisp:ok:aic=NA || model3_overdisp_serialcor:ok:aic=NA || model3_basis:ok:aic=NA || model2_basis:ok:aic=NA","model3_overdisp:ok:aic=NA || model3_overdisp_serialcor:ok:aic=NA || model3_basis:ok:aic=NA || model2_basis:ok:aic=NA",26,42,40,36,46,"vaste_voorkeurhierarchie_eerste_werkende_model","brugbare_tijdreeks"
39,1910,"Zomertaling",1118,38,68,630,572,58,179,0,TRUE,TRUE,"model2_basis","model2_basis",FALSE,FALSE,FALSE,FALSE,NA,NA,"model3_varianten_mislukt_fallback_naar_model2","model3_varianten_mislukt_fallback_naar_model2",NA,NA,"Data ends with 7 years without positive observations.","Data ends with 13 years without positive observations.","model3_overdisp:fout:Found zero or less counts for year 12, 13, 15, 16, 17, 18, 20, 21, 22, 23, 24, 25, 26 || model3_overdisp_serialcor:fout:Found zero or less counts for year 12, 13, 15, 16, 17, 18, 20, 21, 22, 23, 24, 25, 26 || model3_basis:fout:Found zero or less counts for year 12, 13, 15, 16, 17, 18, 20, 21, 22, 23, 24, 25, 26 || model2_basis:ok:aic=NA","model3_overdisp:fout:Found zero or less counts for year 2, 4, 5, 6, 7, 8, 10, 11, 12, 13, 14, 15, 17, 18, 19, 20, 21, 23, 24, 26, 27, 28, 29, 30, 31, 32, 33, 34, 35, 36, 37, 38 || model3_overdisp_serialcor:fout:Found zero or less counts for year 2, 4, 5, 6, 7, 8, 10, 11, 12, 13, 14, 15, 17, 18, 19, 20, 21, 23, 24, 26, 27, 28, 29, 30, 31, 32, 33, 34, 35, 36, 37, 38 || model3_basis:fout:Found zero or less counts for year 2, 4, 5, 6, 7, 8, 10, 11, 12, 13, 14, 15, 17, 18, 19, 20, 21, 23, 24, 26, 27, 28, 29, 30, 31, 32, 33, 34, 35, 36, 37, 38 || model2_basis:ok:aic=NA",13,6,9,4,10,"vaste_voorkeurhierarchie_eerste_werkende_model","brugbare_tijdreeks"
40,1940,"Slobeend",1445,467,68,357,301,56,161,11,TRUE,TRUE,"model3_overdisp","model2_basis",TRUE,FALSE,FALSE,FALSE,NA,NA,"voorkeursmodel_gekozen","model3_varianten_mislukt_fallback_naar_model2",NA,NA,NA,"Data ends with 1 years without positive observations.","model3_overdisp:ok:aic=NA || model3_overdisp_serialcor:ok:aic=NA || model3_basis:ok:aic=NA || model2_basis:ok:aic=NA","model3_overdisp:fout:Found zero or less counts for year 22, 23, 24, 28, 42 || model3_overdisp_serialcor:fout:Found zero or less counts for year 22, 23, 24, 28, 42 || model3_basis:fout:Found zero or less counts for year 22, 23, 24, 28, 42 || model2_basis:ok:aic=NA",26,37,27,20,29,"vaste_voorkeurhierarchie_eerste_werkende_model","brugbare_tijdreeks"
42,1980,"Tafeleend",1609,867,68,386,339,47,125,7,TRUE,TRUE,"model3_overdisp","model3_overdisp",TRUE,TRUE,FALSE,FALSE,NA,NA,"voorkeursmodel_gekozen","voorkeursmodel_gekozen",NA,NA,NA,NA,"model3_overdisp:ok:aic=NA || model3_overdisp_serialcor:ok:aic=NA || model3_basis:ok:aic=NA || model2_basis:ok:aic=NA","model3_overdisp:ok:aic=NA || model3_overdisp_serialcor:ok:aic=NA || model3_basis:ok:aic=NA || model2_basis:ok:aic=NA",25,42,22,27,28,"vaste_voorkeurhierarchie_eerste_werkende_model","brugbare_tijdreeks"
44,2030,"Kuifeend",1588,1021,68,297,253,44,116,6,TRUE,TRUE,"model3_overdisp","model3_overdisp",TRUE,TRUE,FALSE,FALSE,NA,NA,"voorkeursmodel_gekozen","voorkeursmodel_gekozen",NA,NA,NA,NA,"model3_overdisp:ok:aic=NA || model3_overdisp_serialcor:ok:aic=NA || model3_basis:ok:aic=NA || model2_basis:ok:aic=NA","model3_overdisp:ok:aic=NA || model3_overdisp_serialcor:ok:aic=NA || model3_basis:ok:aic=NA || model2_basis:ok:aic=NA",26,42,27,28,30,"vaste_voorkeurhierarchie_eerste_werkende_model","brugbare_tijdreeks"
64,3040,"Torenvalk",1951,144,68,617,564,53,258,26,TRUE,TRUE,"model2_basis","model2_basis",FALSE,FALSE,FALSE,FALSE,NA,NA,"model3_varianten_mislukt_fallback_naar_model2","model3_varianten_mislukt_fallback_naar_model2",NA,NA,NA,"Data ends with 1 years without positive observations.","model3_overdisp:fout:Found zero or less counts for year 6, 7, 8, 9, 10, 11, 12, 13, 15, 23, 24, 25 || model3_overdisp_serialcor:fout:Found zero or less counts for year 6, 7, 8, 9, 10, 11, 12, 13, 15, 23, 24, 25 || model3_basis:fout:Found zero or less counts for year 6, 7, 8, 9, 10, 11, 12, 13, 15, 23, 24, 25 || model2_basis:ok:aic=NA","model3_overdisp:fout:Found zero or less counts for year 24, 25, 26, 27, 28, 29, 30, 31, 32, 33, 35, 40, 42 || model3_overdisp_serialcor:fout:Found zero or less counts for year 24, 25, 26, 27, 28, 29, 30, 31, 32, 33, 35, 40, 42 || model3_basis:fout:Found zero or less counts for year 24, 25, 26, 27, 28, 29, 30, 31, 32, 33, 35, 40, 42 || model2_basis:ok:aic=NA",14,29,16,27,30,"vaste_voorkeurhierarchie_eerste_werkende_model","brugbare_tijdreeks"
66,3100,"Boomvalk",1634,96,68,641,584,57,113,15,TRUE,TRUE,"model2_basis","model2_basis",FALSE,FALSE,FALSE,FALSE,NA,NA,"model3_varianten_mislukt_fallback_naar_model2","model3_varianten_mislukt_fallback_naar_model2",NA,NA,NA,NA,"model3_overdisp:fout:Found zero or less counts for year 2, 5, 6, 7, 8, 9, 10, 12, 13, 14, 22, 23, 24 || model3_overdisp_serialcor:fout:Found zero or less counts for year 2, 5, 6, 7, 8, 9, 10, 12, 13, 14, 22, 23, 24 || model3_basis:fout:Found zero or less counts for year 2, 5, 6, 7, 8, 9, 10, 12, 13, 14, 22, 23, 24 || model2_basis:ok:aic=NA","model3_overdisp:fout:Found zero or less counts for year 25, 26, 27, 28, 29, 30, 31, 34, 35, 36, 37, 38, 39, 40 || model3_overdisp_serialcor:fout:Found zero or less counts for year 25, 26, 27, 28, 29, 30, 31, 34, 35, 36, 37, 38, 39, 40 || model3_basis:fout:Found zero or less counts for year 25, 26, 27, 28, 29, 30, 31, 34, 35, 36, 37, 38, 39, 40 || model2_basis:ok:aic=NA",12,27,7,20,22,"vaste_voorkeurhierarchie_eerste_werkende_model","brugbare_tijdreeks"
72,4070,"Waterral",1560,269,68,612,558,54,133,14,TRUE,TRUE,"model2_basis","model2_basis",FALSE,FALSE,FALSE,FALSE,NA,NA,"model3_varianten_mislukt_fallback_naar_model2","model3_varianten_mislukt_fallback_naar_model2",NA,NA,NA,NA,"model3_overdisp:fout:Found zero or less counts for year 2, 4, 5, 6, 9, 10, 19 || model3_overdisp_serialcor:fout:Found zero or less counts for year 2, 4, 5, 6, 9, 10, 19 || model3_basis:fout:Found zero or less counts for year 2, 4, 5, 6, 9, 10, 19 || model2_basis:ok:aic=NA","model3_overdisp:fout:Found zero or less counts for year 8 || model3_overdisp_serialcor:fout:Found zero or less counts for year 8 || model3_basis:fout:Found zero or less counts for year 8 || model2_basis:ok:aic=NA",17,41,9,24,24,"vaste_voorkeurhierarchie_eerste_werkende_model","brugbare_tijdreeks"
77,4240,"Waterhoen",1686,782,68,344,295,49,161,22,TRUE,TRUE,"model3_overdisp","model3_overdisp",TRUE,TRUE,FALSE,FALSE,NA,NA,"voorkeursmodel_gekozen","voorkeursmodel_gekozen",NA,NA,NA,NA,"model3_overdisp:ok:aic=NA || model3_overdisp_serialcor:ok:aic=NA || model3_basis:ok:aic=NA || model2_basis:ok:aic=NA","model3_overdisp:ok:aic=NA || model3_overdisp_serialcor:ok:aic=NA || model3_basis:ok:aic=NA || model2_basis:ok:aic=NA",26,42,28,34,39,"vaste_voorkeurhierarchie_eerste_werkende_model","brugbare_tijdreeks"
78,4290,"Meerkoet",1645,1278,68,252,215,37,86,8,TRUE,TRUE,"model3_overdisp","model3_overdisp",TRUE,TRUE,FALSE,FALSE,NA,NA,"voorkeursmodel_gekozen","voorkeursmodel_gekozen",NA,NA,NA,NA,"model3_overdisp:ok:aic=NA || model3_overdisp_serialcor:ok:aic=NA || model3_basis:ok:aic=NA || model2_basis:ok:aic=NA","model3_overdisp:ok:aic=NA || model3_overdisp_serialcor:ok:aic=NA || model3_basis:ok:aic=NA || model2_basis:ok:aic=NA",26,42,28,34,37,"vaste_voorkeurhierarchie_eerste_werkende_model","brugbare_tijdreeks"
80,4500,"Scholekster",1612,397,68,387,342,45,271,20,TRUE,TRUE,"model3_overdisp","model2_basis",TRUE,FALSE,FALSE,FALSE,NA,NA,"voorkeursmodel_gekozen","model3_varianten_mislukt_fallback_naar_model2",NA,NA,"Overdispersion 0.9 <1; consider setting overdisp=FALSE","Data ends with 4 years without positive observations.","model3_overdisp:ok:aic=NA || model3_overdisp_serialcor:ok:aic=NA || model3_basis:ok:aic=NA || model2_basis:ok:aic=NA","model3_overdisp:fout:Found zero or less counts for year 23, 24, 27, 28, 29, 30, 32, 39, 40, 41, 42 || model3_overdisp_serialcor:fout:Found zero or less counts for year 23, 24, 27, 28, 29, 30, 32, 39, 40, 41, 42 || model3_basis:fout:Found zero or less counts for year 23, 24, 27, 28, 29, 30, 32, 39, 40, 41, 42 || model2_basis:ok:aic=NA",26,31,34,32,41,"vaste_voorkeurhierarchie_eerste_werkende_model","brugbare_tijdreeks"
84,4690,"Kleine Plevier",1282,89,68,644,587,57,110,6,TRUE,TRUE,"model2_basis","model2_basis",FALSE,FALSE,FALSE,FALSE,NA,NA,"model3_varianten_mislukt_fallback_naar_model2","model3_varianten_mislukt_fallback_naar_model2",NA,NA,"Data ends with 9 years without positive observations.",NA,"model3_overdisp:fout:Found zero or less counts for year 6, 8, 9, 10, 12, 13, 14, 15, 16, 18, 19, 20, 21, 22, 23, 24, 25, 26 || model3_overdisp_serialcor:fout:Found zero or less counts for year 6, 8, 9, 10, 12, 13, 14, 15, 16, 18, 19, 20, 21, 22, 23, 24, 25, 26 || model3_basis:fout:Found zero or less counts for year 6, 8, 9, 10, 12, 13, 14, 15, 16, 18, 19, 20, 21, 22, 23, 24, 25, 26 || model2_basis:ok:aic=NA","model3_overdisp:fout:Found zero or less counts for year 7, 9, 11, 12 || model3_overdisp_serialcor:fout:Found zero or less counts for year 7, 9, 11, 12 || model3_basis:fout:Found zero or less counts for year 7, 9, 11, 12 || model2_basis:ok:aic=NA",8,26,5,15,19,"vaste_voorkeurhierarchie_eerste_werkende_model","brugbare_tijdreeks"
88,4930,"Kievit",1516,575,68,334,285,49,196,12,TRUE,TRUE,"model3_overdisp","model3_overdisp",TRUE,TRUE,FALSE,FALSE,NA,NA,"voorkeursmodel_gekozen","voorkeursmodel_gekozen",NA,NA,NA,NA,"model3_overdisp:ok:aic=NA || model3_overdisp_serialcor:ok:aic=NA || model3_basis:ok:aic=NA || model2_basis:ok:aic=NA","model3_overdisp:ok:aic=NA || model3_overdisp_serialcor:ok:aic=NA || model3_basis:ok:aic=NA || model2_basis:ok:aic=NA",26,42,32,26,36,"vaste_voorkeurhierarchie_eerste_werkende_model","brugbare_tijdreeks"
94,5290,"Houtsnip",1919,245,68,541,488,53,189,32,TRUE,TRUE,"model2_basis","model2_basis",FALSE,FALSE,FALSE,FALSE,NA,NA,"model3_varianten_mislukt_fallback_naar_model2","model3_varianten_mislukt_fallback_naar_model2",NA,NA,NA,NA,"model3_overdisp:fout:Found zero or less counts for year 4, 5 || model3_overdisp_serialcor:fout:Found zero or less counts for year 4, 5 || model3_basis:fout:Found zero or less counts for year 4, 5 || model2_basis:ok:aic=NA","model3_overdisp:fout:Found zero or less counts for year 30 || model3_overdisp_serialcor:fout:Found zero or less counts for year 30 || model3_basis:fout:Found zero or less counts for year 30 || model2_basis:ok:aic=NA",17,41,22,31,33,"vaste_voorkeurhierarchie_eerste_werkende_model","brugbare_tijdreeks"
97,5410,"Wulp",1501,389,68,352,300,52,187,14,TRUE,TRUE,"model3_overdisp","model2_basis",TRUE,FALSE,FALSE,FALSE,NA,NA,"voorkeursmodel_gekozen","model3_varianten_mislukt_fallback_naar_model2",NA,NA,"Overdispersion 0.9 <1; consider setting overdisp=FALSE","Data ends with 14 years without positive observations.","model3_overdisp:ok:aic=NA || model3_overdisp_serialcor:ok:aic=NA || model3_basis:ok:aic=NA || model2_basis:ok:aic=NA","model3_overdisp:fout:Found zero or less counts for year 16, 17, 18, 19, 20, 21, 22, 23, 24, 25, 26, 27, 29, 30, 31, 32, 33, 34, 35, 36, 37, 38, 39, 40, 41, 42 || model3_overdisp_serialcor:fout:Found zero or less counts for year 16, 17, 18, 19, 20, 21, 22, 23, 24, 25, 26, 27, 29, 30, 31, 32, 33, 34, 35, 36, 37, 38, 39, 40, 41, 42 || model3_basis:fout:Found zero or less counts for year 16, 17, 18, 19, 20, 21, 22, 23, 24, 25, 26, 27, 29, 30, 31, 32, 33, 34, 35, 36, 37, 38, 39, 40, 41, 42 || model2_basis:ok:aic=NA",26,16,28,22,34,"vaste_voorkeurhierarchie_eerste_werkende_model","brugbare_tijdreeks"
98,5460,"Tureluur",1160,28,68,652,593,59,93,0,TRUE,TRUE,"model2_basis","model2_basis",FALSE,FALSE,FALSE,FALSE,NA,NA,"model3_varianten_mislukt_fallback_naar_model2","model3_varianten_mislukt_fallback_naar_model2",NA,NA,"Data ends with 11 years without positive observations.",NA,"model3_overdisp:fout:Found zero or less counts for year 4, 5, 6, 7, 10, 13, 14, 16, 17, 18, 19, 20, 21, 22, 23, 24, 25, 26 || model3_overdisp_serialcor:fout:Found zero or less counts for year 4, 5, 6, 7, 10, 13, 14, 16, 17, 18, 19, 20, 21, 22, 23, 24, 25, 26 || model3_basis:fout:Found zero or less counts for year 4, 5, 6, 7, 10, 13, 14, 16, 17, 18, 19, 20, 21, 22, 23, 24, 25, 26 || model2_basis:ok:aic=NA","model3_overdisp:fout:Found zero or less counts for year 8, 9, 10, 11, 12, 15, 19, 20, 21, 22, 24, 26, 28, 29 || model3_overdisp_serialcor:fout:Found zero or less counts for year 8, 9, 10, 11, 12, 15, 19, 20, 21, 22, 24, 26, 28, 29 || model3_basis:fout:Found zero or less counts for year 8, 9, 10, 11, 12, 15, 19, 20, 21, 22, 24, 26, 28, 29 || model2_basis:ok:aic=NA",8,16,4,5,8,"vaste_voorkeurhierarchie_eerste_werkende_model","brugbare_tijdreeks"
106,5900,"Stormmeeuw",1154,290,68,535,482,53,106,11,TRUE,TRUE,"model3_overdisp","model2_basis",TRUE,FALSE,FALSE,FALSE,NA,NA,"voorkeursmodel_gekozen","model3_varianten_mislukt_fallback_naar_model2",NA,NA,NA,"Data ends with 1 years without positive observations.","model3_overdisp:ok:aic=NA || model3_overdisp_serialcor:ok:aic=NA || model3_basis:ok:aic=NA || model2_basis:ok:aic=NA","model3_overdisp:fout:Found zero or less counts for year 30, 31, 32, 33, 34, 35, 36, 37, 38, 39, 40, 42 || model3_overdisp_serialcor:fout:Found zero or less counts for year 30, 31, 32, 33, 34, 35, 36, 37, 38, 39, 40, 42 || model3_basis:fout:Found zero or less counts for year 30, 31, 32, 33, 34, 35, 36, 37, 38, 39, 40, 42 || model2_basis:ok:aic=NA",26,30,13,17,20,"vaste_voorkeurhierarchie_eerste_werkende_model","brugbare_tijdreeks"
107,5910,"Kleine Mantelmeeuw",1242,196,68,534,480,54,136,13,TRUE,TRUE,"model2_basis","model2_basis",FALSE,FALSE,FALSE,FALSE,NA,NA,"model3_varianten_mislukt_fallback_naar_model2","model3_varianten_mislukt_fallback_naar_model2",NA,NA,NA,NA,"model3_overdisp:fout:Found zero or less counts for year 2 || model3_overdisp_serialcor:fout:Found zero or less counts for year 2 || model3_basis:fout:Found zero or less counts for year 2 || model2_basis:ok:aic=NA","model3_overdisp:fout:Found zero or less counts for year 9, 12, 13, 14, 15, 16, 17, 18, 19, 20, 21, 22, 23, 24, 25, 26, 27, 28, 29, 30, 31, 32, 33, 35, 37, 38, 41 || model3_overdisp_serialcor:fout:Found zero or less counts for year 9, 12, 13, 14, 15, 16, 17, 18, 19, 20, 21, 22, 23, 24, 25, 26, 27, 28, 29, 30, 31, 32, 33, 35, 37, 38, 41 || model3_basis:fout:Found zero or less counts for year 9, 12, 13, 14, 15, 16, 17, 18, 19, 20, 21, 22, 23, 24, 25, 26, 27, 28, 29, 30, 31, 32, 33, 35, 37, 38, 41 || model2_basis:ok:aic=NA",25,15,15,15,18,"vaste_voorkeurhierarchie_eerste_werkende_model","brugbare_tijdreeks"
108,5920,"Zilvermeeuw",1204,217,68,524,470,54,63,13,TRUE,TRUE,"model3_overdisp","model2_basis",TRUE,FALSE,FALSE,FALSE,NA,NA,"voorkeursmodel_gekozen","model3_varianten_mislukt_fallback_naar_model2",NA,NA,NA,NA,"model3_overdisp:ok:aic=NA || model3_overdisp_serialcor:ok:aic=NA || model3_basis:ok:aic=NA || model2_basis:ok:aic=NA","model3_overdisp:fout:Found zero or less counts for year 9, 11, 12, 13, 14, 15, 16, 17, 18, 19, 20, 21, 22, 23, 24, 25, 26, 27, 28, 29, 30, 31, 32, 33, 36, 37, 38, 40 || model3_overdisp_serialcor:fout:Found zero or less counts for year 9, 11, 12, 13, 14, 15, 16, 17, 18, 19, 20, 21, 22, 23, 24, 25, 26, 27, 28, 29, 30, 31, 32, 33, 36, 37, 38, 40 || model3_basis:fout:Found zero or less counts for year 9, 11, 12, 13, 14, 15, 16, 17, 18, 19, 20, 21, 22, 23, 24, 25, 26, 27, 28, 29, 30, 31, 32, 33, 36, 37, 38, 40 || model2_basis:ok:aic=NA",11,14,20,19,24,"vaste_voorkeurhierarchie_eerste_werkende_model","brugbare_tijdreeks"
122,6680,"Holenduif",1820,230,68,645,599,46,17,34,TRUE,TRUE,"model2_basis","model3_overdisp",FALSE,TRUE,FALSE,FALSE,NA,NA,"model3_varianten_mislukt_fallback_naar_model2","voorkeursmodel_gekozen",NA,NA,NA,NA,"model3_overdisp:fout:Found zero or less counts for year 3, 4, 5, 6 || model3_overdisp_serialcor:fout:Found zero or less counts for year 3, 4, 5, 6 || model3_basis:fout:Found zero or less counts for year 3, 4, 5, 6 || model2_basis:ok:aic=NA","model3_overdisp:ok:aic=NA || model3_overdisp_serialcor:ok:aic=NA || model3_basis:ok:aic=NA || model2_basis:ok:aic=NA",3,42,3,40,40,"vaste_voorkeurhierarchie_eerste_werkende_model","brugbare_tijdreeks"
123,6700,"Houtduif",2058,1627,68,95,87,8,65,8,TRUE,TRUE,"model3_overdisp","model3_overdisp",TRUE,TRUE,FALSE,FALSE,NA,NA,"voorkeursmodel_gekozen","voorkeursmodel_gekozen",NA,NA,NA,NA,"model3_overdisp:ok:aic=NA || model3_overdisp_serialcor:ok:aic=NA || model3_basis:ok:aic=NA || model2_basis:ok:aic=NA","model3_overdisp:ok:aic=NA || model3_overdisp_serialcor:ok:aic=NA || model3_basis:ok:aic=NA || model2_basis:ok:aic=NA",26,42,43,52,52,"vaste_voorkeurhierarchie_eerste_werkende_model","brugbare_tijdreeks"
124,6840,"Turkse Tortel",1464,68,68,630,575,55,87,16,TRUE,TRUE,"model2_basis","model2_basis",FALSE,FALSE,FALSE,FALSE,NA,NA,"model3_varianten_mislukt_fallback_naar_model2","model3_varianten_mislukt_fallback_naar_model2",NA,NA,NA,NA,"model3_overdisp:fout:Found zero or less counts for year 2, 3, 4, 5, 6, 7, 8, 9, 10, 11, 12 || model3_overdisp_serialcor:fout:Found zero or less counts for year 2, 3, 4, 5, 6, 7, 8, 9, 10, 11, 12 || model3_basis:fout:Found zero or less counts for year 2, 3, 4, 5, 6, 7, 8, 9, 10, 11, 12 || model2_basis:ok:aic=NA","model3_overdisp:fout:Found zero or less counts for year 2, 5, 6, 9, 10, 13, 15, 22, 23, 29, 32, 33, 34, 41 || model3_overdisp_serialcor:fout:Found zero or less counts for year 2, 5, 6, 9, 10, 13, 15, 22, 23, 29, 32, 33, 34, 41 || model3_basis:fout:Found zero or less counts for year 2, 5, 6, 9, 10, 13, 15, 22, 23, 29, 32, 33, 34, 41 || model2_basis:ok:aic=NA",12,28,10,21,27,"vaste_voorkeurhierarchie_eerste_werkende_model","brugbare_tijdreeks"
125,6870,"Tortelduif",1910,743,68,290,248,42,209,28,TRUE,TRUE,"model3_overdisp","model2_basis",TRUE,FALSE,FALSE,FALSE,NA,NA,"voorkeursmodel_gekozen","model3_varianten_mislukt_fallback_naar_model2",NA,NA,NA,"Data ends with 2 years without positive observations.","model3_overdisp:ok:aic=NA || model3_overdisp_serialcor:ok:aic=NA || model3_basis:ok:aic=NA || model2_basis:ok:aic=NA","model3_overdisp:fout:Found zero or less counts for year 29, 31, 32, 33, 34, 35, 37, 38, 39, 41, 42 || model3_overdisp_serialcor:fout:Found zero or less counts for year 29, 31, 32, 33, 34, 35, 37, 38, 39, 41, 42 || model3_basis:fout:Found zero or less counts for year 29, 31, 32, 33, 34, 35, 37, 38, 39, 41, 42 || model2_basis:ok:aic=NA",26,31,39,43,47,"vaste_voorkeurhierarchie_eerste_werkende_model","brugbare_tijdreeks"
127,7240,"Koekoek",2063,1093,68,488,459,29,362,29,TRUE,TRUE,"model2_basis","model3_overdisp",FALSE,TRUE,FALSE,FALSE,NA,NA,"model3_varianten_mislukt_fallback_naar_model2","voorkeursmodel_gekozen",NA,NA,NA,"Overdispersion 0.6 <1; consider setting overdisp=FALSE","model3_overdisp:fout:Found zero or less counts for year 2, 3, 5, 7, 13 || model3_overdisp_serialcor:fout:Found zero or less counts for year 2, 3, 5, 7, 13 || model3_basis:fout:Found zero or less counts for year 2, 3, 5, 7, 13 || model2_basis:ok:aic=NA","model3_overdisp:ok:aic=NA || model3_overdisp_serialcor:ok:aic=NA || model3_basis:ok:aic=NA || model2_basis:ok:aic=NA",20,42,31,50,50,"vaste_voorkeurhierarchie_eerste_werkende_model","brugbare_tijdreeks"
131,7610,"Bosuil",1672,319,68,619,572,47,48,22,TRUE,TRUE,"model2_basis","model3_overdisp",FALSE,TRUE,FALSE,FALSE,NA,NA,"model3_varianten_mislukt_fallback_naar_model2","voorkeursmodel_gekozen",NA,NA,NA,"Overdispersion 0.8 <1; consider setting overdisp=FALSE","model3_overdisp:fout:Found zero or less counts for year 8, 9, 10 || model3_overdisp_serialcor:fout:Found zero or less counts for year 8, 9, 10 || model3_basis:fout:Found zero or less counts for year 8, 9, 10 || model2_basis:ok:aic=NA","model3_overdisp:ok:aic=NA || model3_overdisp_serialcor:ok:aic=NA || model3_basis:ok:aic=NA || model2_basis:ok:aic=NA",8,42,9,32,32,"vaste_voorkeurhierarchie_eerste_werkende_model","brugbare_tijdreeks"
132,7670,"Ransuil",1213,104,68,586,529,57,248,16,TRUE,TRUE,"model2_basis","model2_basis",FALSE,FALSE,FALSE,FALSE,NA,NA,"model3_varianten_mislukt_fallback_naar_model2","model3_varianten_mislukt_fallback_naar_model2",NA,NA,NA,"Data ends with 1 years without positive observations.","model3_overdisp:fout:Found zero or less counts for year 6, 23, 24, 25 || model3_overdisp_serialcor:fout:Found zero or less counts for year 6, 23, 24, 25 || model3_basis:fout:Found zero or less counts for year 6, 23, 24, 25 || model2_basis:ok:aic=NA","model3_overdisp:fout:Found zero or less counts for year 2, 4, 5, 12, 15, 16, 17, 18, 19, 20, 21, 23, 24, 25, 26, 27, 29, 30, 31, 35, 36, 39, 42 || model3_overdisp_serialcor:fout:Found zero or less counts for year 2, 4, 5, 12, 15, 16, 17, 18, 19, 20, 21, 23, 24, 25, 26, 27, 29, 30, 31, 35, 36, 39, 42 || model3_basis:fout:Found zero or less counts for year 2, 4, 5, 12, 15, 16, 17, 18, 19, 20, 21, 23, 24, 25, 26, 27, 29, 30, 31, 35, 36, 39, 42 || model2_basis:ok:aic=NA",22,19,17,17,28,"vaste_voorkeurhierarchie_eerste_werkende_model","brugbare_tijdreeks"
142,8560,"Groene Specht",1889,796,68,493,467,26,180,9,TRUE,TRUE,"model2_basis","model3_overdisp",FALSE,TRUE,FALSE,FALSE,NA,NA,"model3_varianten_mislukt_fallback_naar_model2","voorkeursmodel_gekozen",NA,NA,NA,"Overdispersion 0.6 <1; consider setting overdisp=FALSE","model3_overdisp:fout:Found zero or less counts for year 2, 3, 7, 9 || model3_overdisp_serialcor:fout:Found zero or less counts for year 2, 3, 7, 9 || model3_basis:fout:Found zero or less counts for year 2, 3, 7, 9 || model2_basis:ok:aic=NA","model3_overdisp:ok:aic=NA || model3_overdisp_serialcor:ok:aic=NA || model3_basis:ok:aic=NA || model2_basis:ok:aic=NA",18,42,25,43,44,"vaste_voorkeurhierarchie_eerste_werkende_model","brugbare_tijdreeks"
144,8760,"Grote Bonte Specht",2045,1012,68,574,551,23,66,9,TRUE,TRUE,"model3_overdisp","model3_overdisp",TRUE,TRUE,FALSE,FALSE,NA,NA,"voorkeursmodel_gekozen","voorkeursmodel_gekozen",NA,NA,"Overdispersion 0.6 <1; consider setting overdisp=FALSE","Overdispersion 0.6 <1; consider setting overdisp=FALSE","model3_overdisp:ok:aic=NA || model3_overdisp_serialcor:ok:aic=NA || model3_basis:ok:aic=NA || model2_basis:ok:aic=NA","model3_overdisp:ok:aic=NA || model3_overdisp_serialcor:ok:aic=NA || model3_basis:ok:aic=NA || model2_basis:ok:aic=NA",11,42,12,47,47,"vaste_voorkeurhierarchie_eerste_werkende_model","brugbare_tijdreeks"
146,8870,"Kleine Bonte Specht",1787,176,68,655,598,57,25,38,TRUE,TRUE,"model2_basis","model2_basis",FALSE,FALSE,FALSE,FALSE,NA,NA,"model3_varianten_mislukt_fallback_naar_model2","model3_varianten_mislukt_fallback_naar_model2",NA,NA,"Data ends with 4 years without positive observations.",NA,"model3_overdisp:fout:Found zero or less counts for year 3, 7, 8, 9, 10 || model3_overdisp_serialcor:fout:Found zero or less counts for year 3, 7, 8, 9, 10 || model3_basis:fout:Found zero or less counts for year 3, 7, 8, 9, 10 || model2_basis:ok:aic=NA","model3_overdisp:fout:Found zero or less counts for year 2, 4, 5, 14, 15, 16, 17, 18, 19, 23 || model3_overdisp_serialcor:fout:Found zero or less counts for year 2, 4, 5, 14, 15, 16, 17, 18, 19, 23 || model3_basis:fout:Found zero or less counts for year 2, 4, 5, 14, 15, 16, 17, 18, 19, 23 || model2_basis:ok:aic=NA",5,31,3,37,37,"vaste_voorkeurhierarchie_eerste_werkende_model","brugbare_tijdreeks"
148,9740,"Boomleeuwerik",2064,900,68,503,457,46,212,44,TRUE,TRUE,"model3_overdisp","model2_basis",TRUE,FALSE,FALSE,FALSE,NA,NA,"voorkeursmodel_gekozen","model3_varianten_mislukt_fallback_naar_model2",NA,NA,"Overdispersion 0.6 <1; consider setting overdisp=FALSE",NA,"model3_overdisp:ok:aic=NA || model3_overdisp_serialcor:ok:aic=NA || model3_basis:ok:aic=NA || model2_basis:ok:aic=NA","model3_overdisp:fout:Found zero or less counts for year 5, 6, 7, 11 || model3_overdisp_serialcor:fout:Found zero or less counts for year 5, 6, 7, 11 || model3_basis:fout:Found zero or less counts for year 5, 6, 7, 11 || model2_basis:ok:aic=NA",23,38,24,50,50,"vaste_voorkeurhierarchie_eerste_werkende_model","brugbare_tijdreeks"
150,9760,"Veldleeuwerik",1351,189,68,497,442,55,187,14,TRUE,TRUE,"model2_basis","model2_basis",FALSE,FALSE,FALSE,FALSE,NA,NA,"model3_varianten_mislukt_fallback_naar_model2","model3_varianten_mislukt_fallback_naar_model2",NA,NA,NA,NA,"model3_overdisp:fout:Found zero or less counts for year 5 || model3_overdisp_serialcor:fout:Found zero or less counts for year 5 || model3_basis:fout:Found zero or less counts for year 5 || model2_basis:ok:aic=NA","model3_overdisp:fout:Found zero or less counts for year 2, 8, 9, 10, 12, 13, 14, 15, 18, 22, 23, 24, 25, 27, 28, 29, 30, 31, 32, 33, 34, 35, 36, 37, 38 || model3_overdisp_serialcor:fout:Found zero or less counts for year 2, 8, 9, 10, 12, 13, 14, 15, 18, 22, 23, 24, 25, 27, 28, 29, 30, 31, 32, 33, 34, 35, 36, 37, 38 || model3_basis:fout:Found zero or less counts for year 2, 8, 9, 10, 12, 13, 14, 15, 18, 22, 23, 24, 25, 27, 28, 29, 30, 31, 32, 33, 34, 35, 36, 37, 38 || model2_basis:ok:aic=NA",25,17,23,18,29,"vaste_voorkeurhierarchie_eerste_werkende_model","brugbare_tijdreeks"
151,9810,"Oeverzwaluw",985,17,68,656,598,58,41,0,TRUE,TRUE,"model2_basis","model2_basis",FALSE,FALSE,FALSE,FALSE,NA,NA,"model3_varianten_mislukt_fallback_naar_model2","model3_varianten_mislukt_fallback_naar_model2",NA,NA,"Data ends with 8 years without positive observations.",NA,"model3_overdisp:fout:Found zero or less counts for year 2, 4, 6, 7, 9, 11, 12, 13, 14, 15, 16, 17, 18 || model3_overdisp_serialcor:fout:Found zero or less counts for year 2, 4, 6, 7, 9, 11, 12, 13, 14, 15, 16, 17, 18 || model3_basis:fout:Found zero or less counts for year 2, 4, 6, 7, 9, 11, 12, 13, 14, 15, 16, 17, 18 || model2_basis:ok:aic=NA","model3_overdisp:fout:Found zero or less counts for year 3, 4, 9, 10 || model3_overdisp_serialcor:fout:Found zero or less counts for year 3, 4, 9, 10 || model3_basis:fout:Found zero or less counts for year 3, 4, 9, 10 || model2_basis:ok:aic=NA",5,7,3,6,9,"vaste_voorkeurhierarchie_eerste_werkende_model","brugbare_tijdreeks"
155,10090,"Boompieper",1964,1101,68,239,198,41,160,31,TRUE,TRUE,"model3_overdisp","model3_overdisp",TRUE,TRUE,FALSE,FALSE,NA,NA,"voorkeursmodel_gekozen","voorkeursmodel_gekozen",NA,NA,"Overdispersion 1.0 <1; consider setting overdisp=FALSE",NA,"model3_overdisp:ok:aic=NA || model3_overdisp_serialcor:ok:aic=NA || model3_basis:ok:aic=NA || model2_basis:ok:aic=NA","model3_overdisp:ok:aic=NA || model3_overdisp_serialcor:ok:aic=NA || model3_basis:ok:aic=NA || model2_basis:ok:aic=NA",26,42,40,47,52,"vaste_voorkeurhierarchie_eerste_werkende_model","brugbare_tijdreeks"
156,10110,"Graspieper",1780,575,68,494,457,37,239,21,TRUE,TRUE,"model2_basis","model3_overdisp",FALSE,TRUE,FALSE,FALSE,NA,NA,"model3_varianten_mislukt_fallback_naar_model2","voorkeursmodel_gekozen",NA,NA,NA,NA,"model3_overdisp:fout:Found zero or less counts for year 4, 6, 12 || model3_overdisp_serialcor:fout:Found zero or less counts for year 4, 6, 12 || model3_basis:fout:Found zero or less counts for year 4, 6, 12 || model2_basis:ok:aic=NA","model3_overdisp:ok:aic=NA || model3_overdisp_serialcor:ok:aic=NA || model3_basis:ok:aic=NA || model2_basis:ok:aic=NA",23,42,23,35,40,"vaste_voorkeurhierarchie_eerste_werkende_model","brugbare_tijdreeks"
158,10171,"Gele Kwikstaart",1132,13,68,655,597,58,12,5,TRUE,TRUE,"model2_basis","model2_basis",FALSE,FALSE,FALSE,FALSE,NA,NA,"model3_varianten_mislukt_fallback_naar_model2","model3_varianten_mislukt_fallback_naar_model2",NA,NA,"Data ends with 1 years without positive observations.",NA,"model3_overdisp:fout:Found zero or less counts for year 3, 4, 5, 9 || model3_overdisp_serialcor:fout:Found zero or less counts for year 3, 4, 5, 9 || model3_basis:fout:Found zero or less counts for year 3, 4, 5, 9 || model2_basis:ok:aic=NA","model3_overdisp:fout:Found zero or less counts for year 2, 3, 4, 6, 8, 9, 10, 11, 12, 13, 14, 15, 16, 17, 18, 19, 20, 21, 22, 23, 24, 25, 27, 28, 30, 31, 32, 33, 34, 35, 36, 38, 39, 40, 41 || model3_overdisp_serialcor:fout:Found zero or less counts for year 2, 3, 4, 6, 8, 9, 10, 11, 12, 13, 14, 15, 16, 17, 18, 19, 20, 21, 22, 23, 24, 25, 27, 28, 30, 31, 32, 33, 34, 35, 36, 38, 39, 40, 41 || model3_basis:fout:Found zero or less counts for year 2, 3, 4, 6, 8, 9, 10, 11, 12, 13, 14, 15, 16, 17, 18, 19, 20, 21, 22, 23, 24, 25, 27, 28, 30, 31, 32, 33, 34, 35, 36, 38, 39, 40, 41 || model2_basis:ok:aic=NA",5,7,2,5,6,"vaste_voorkeurhierarchie_eerste_werkende_model","brugbare_tijdreeks"
162,10201,"Witte Kwikstaart",1861,207,68,577,525,52,262,26,TRUE,TRUE,"model2_basis","model2_basis",FALSE,FALSE,FALSE,FALSE,NA,NA,"model3_varianten_mislukt_fallback_naar_model2","model3_varianten_mislukt_fallback_naar_model2",NA,NA,NA,NA,"model3_overdisp:fout:Found zero or less counts for year 5, 7 || model3_overdisp_serialcor:fout:Found zero or less counts for year 5, 7 || model3_basis:fout:Found zero or less counts for year 5, 7 || model2_basis:ok:aic=NA","model3_overdisp:fout:Found zero or less counts for year 21, 24 || model3_overdisp_serialcor:fout:Found zero or less counts for year 21, 24 || model3_basis:fout:Found zero or less counts for year 21, 24 || model2_basis:ok:aic=NA",24,40,18,35,37,"vaste_voorkeurhierarchie_eerste_werkende_model","brugbare_tijdreeks"
164,10660,"Winterkoning",2060,1844,68,154,149,5,149,5,TRUE,TRUE,"model3_overdisp","model3_overdisp",TRUE,TRUE,FALSE,FALSE,NA,NA,"voorkeursmodel_gekozen","voorkeursmodel_gekozen",NA,NA,NA,NA,"model3_overdisp:ok:aic=NA || model3_overdisp_serialcor:ok:aic=NA || model3_basis:ok:aic=NA || model2_basis:ok:aic=NA","model3_overdisp:ok:aic=NA || model3_overdisp_serialcor:ok:aic=NA || model3_basis:ok:aic=NA || model2_basis:ok:aic=NA",26,42,45,52,52,"vaste_voorkeurhierarchie_eerste_werkende_model","brugbare_tijdreeks"
165,10840,"Heggenmus",2064,1989,68,27,25,2,25,2,TRUE,TRUE,"model3_overdisp","model3_overdisp",TRUE,TRUE,FALSE,FALSE,NA,NA,"voorkeursmodel_gekozen","voorkeursmodel_gekozen",NA,NA,NA,NA,"model3_overdisp:ok:aic=NA || model3_overdisp_serialcor:ok:aic=NA || model3_basis:ok:aic=NA || model2_basis:ok:aic=NA","model3_overdisp:ok:aic=NA || model3_overdisp_serialcor:ok:aic=NA || model3_basis:ok:aic=NA || model2_basis:ok:aic=NA",26,42,45,52,52,"vaste_voorkeurhierarchie_eerste_werkende_model","brugbare_tijdreeks"
166,10990,"Roodborst",2065,1402,68,340,324,16,183,16,TRUE,TRUE,"model2_basis","model3_overdisp",FALSE,TRUE,FALSE,FALSE,NA,NA,"model3_varianten_mislukt_fallback_naar_model2","voorkeursmodel_gekozen",NA,NA,NA,NA,"model3_overdisp:fout:Found zero or less counts for year 4 || model3_overdisp_serialcor:fout:Found zero or less counts for year 4 || model3_basis:fout:Found zero or less counts for year 4 || model2_basis:ok:aic=NA","model3_overdisp:ok:aic=NA || model3_overdisp_serialcor:ok:aic=NA || model3_basis:ok:aic=NA || model2_basis:ok:aic=NA",23,42,34,52,52,"vaste_voorkeurhierarchie_eerste_werkende_model","brugbare_tijdreeks"
167,11040,"Nachtegaal",2066,1930,68,81,75,6,46,6,TRUE,TRUE,"model3_overdisp","model3_overdisp",TRUE,TRUE,FALSE,FALSE,NA,NA,"voorkeursmodel_gekozen","voorkeursmodel_gekozen",NA,NA,NA,NA,"model3_overdisp:ok:aic=NA || model3_overdisp_serialcor:ok:aic=NA || model3_basis:ok:aic=NA || model2_basis:ok:aic=NA","model3_overdisp:ok:aic=NA || model3_overdisp_serialcor:ok:aic=NA || model3_basis:ok:aic=NA || model2_basis:ok:aic=NA",26,42,42,52,52,"vaste_voorkeurhierarchie_eerste_werkende_model","brugbare_tijdreeks"
169,11210,"Zwarte Roodstaart",986,24,68,649,591,58,21,5,TRUE,TRUE,"model2_basis","model2_basis",FALSE,FALSE,FALSE,FALSE,NA,NA,"model3_varianten_mislukt_fallback_naar_model2","model3_varianten_mislukt_fallback_naar_model2",NA,NA,"Data ends with 1 years without positive observations.",NA,"model3_overdisp:fout:Found zero or less counts for year 2, 9, 11, 12, 13, 16, 17, 18, 20, 21, 22, 24 || model3_overdisp_serialcor:fout:Found zero or less counts for year 2, 9, 11, 12, 13, 16, 17, 18, 20, 21, 22, 24 || model3_basis:fout:Found zero or less counts for year 2, 9, 11, 12, 13, 16, 17, 18, 20, 21, 22, 24 || model2_basis:ok:aic=NA","model3_overdisp:fout:Found zero or less counts for year 2, 3, 4, 5, 6, 8, 9, 10, 11, 13, 14, 15, 16, 17, 18, 19, 20, 21, 22, 23, 24, 25, 26, 27, 28, 29, 30, 31, 32, 34, 35, 36, 38, 39 || model3_overdisp_serialcor:fout:Found zero or less counts for year 2, 3, 4, 5, 6, 8, 9, 10, 11, 13, 14, 15, 16, 17, 18, 19, 20, 21, 22, 23, 24, 25, 26, 27, 28, 29, 30, 31, 32, 34, 35, 36, 38, 39 || model3_basis:fout:Found zero or less counts for year 2, 3, 4, 5, 6, 8, 9, 10, 11, 13, 14, 15, 16, 17, 18, 19, 20, 21, 22, 23, 24, 25, 26, 27, 28, 29, 30, 31, 32, 34, 35, 36, 38, 39 || model2_basis:ok:aic=NA",12,8,3,6,7,"vaste_voorkeurhierarchie_eerste_werkende_model","brugbare_tijdreeks"
170,11220,"Gekraagde Roodstaart",2042,1252,68,319,293,26,190,23,TRUE,TRUE,"model3_overdisp","model3_overdisp",TRUE,TRUE,FALSE,FALSE,NA,NA,"voorkeursmodel_gekozen","voorkeursmodel_gekozen",NA,NA,"Overdispersion 0.9 <1; consider setting overdisp=FALSE","Overdispersion 1.0 <1; consider setting overdisp=FALSE","model3_overdisp:ok:aic=NA || model3_overdisp_serialcor:ok:aic=NA || model3_basis:ok:aic=NA || model2_basis:ok:aic=NA","model3_overdisp:ok:aic=NA || model3_overdisp_serialcor:ok:aic=NA || model3_basis:ok:aic=NA || model2_basis:ok:aic=NA",26,42,33,49,49,"vaste_voorkeurhierarchie_eerste_werkende_model","brugbare_tijdreeks"
171,11370,"Paapje",1197,96,68,578,520,58,294,5,TRUE,TRUE,"model2_basis","model2_basis",FALSE,FALSE,FALSE,FALSE,NA,NA,"model3_varianten_mislukt_fallback_naar_model2","model3_varianten_mislukt_fallback_naar_model2",NA,NA,"Data ends with 6 years without positive observations.","Data ends with 25 years without positive observations.","model3_overdisp:fout:Found zero or less counts for year 21, 22, 23, 24, 25, 26 || model3_overdisp_serialcor:fout:Found zero or less counts for year 21, 22, 23, 24, 25, 26 || model3_basis:fout:Found zero or less counts for year 21, 22, 23, 24, 25, 26 || model2_basis:ok:aic=NA","model3_overdisp:fout:Found zero or less counts for year 2, 3, 6, 7, 12, 13, 14, 15, 17, 18, 19, 20, 21, 22, 23, 24, 25, 26, 27, 28, 29, 30, 31, 32, 33, 34, 35, 36, 37, 38, 39, 40, 41 || model3_overdisp_serialcor:fout:Found zero or less counts for year 2, 3, 6, 7, 12, 13, 14, 15, 17, 18, 19, 20, 21, 22, 23, 24, 25, 26, 27, 28, 29, 30, 31, 32, 33, 34, 35, 36, 37, 38, 39, 40, 41 || model3_basis:fout:Found zero or less counts for year 2, 3, 6, 7, 12, 13, 14, 15, 17, 18, 19, 20, 21, 22, 23, 24, 25, 26, 27, 28, 29, 30, 31, 32, 33, 34, 35, 36, 37, 38, 39, 40, 41 || model2_basis:ok:aic=NA",20,8,18,9,23,"vaste_voorkeurhierarchie_eerste_werkende_model","brugbare_tijdreeks"
172,11390,"Roodborsttapuit",1943,918,68,421,389,32,258,24,TRUE,TRUE,"model3_overdisp","model3_overdisp",TRUE,TRUE,FALSE,FALSE,NA,NA,"voorkeursmodel_gekozen","voorkeursmodel_gekozen",NA,NA,"Overdispersion 0.9 <1; consider setting overdisp=FALSE","Overdispersion 1.0 <1; consider setting overdisp=FALSE","model3_overdisp:ok:aic=NA || model3_overdisp_serialcor:ok:aic=NA || model3_basis:ok:aic=NA || model2_basis:ok:aic=NA","model3_overdisp:ok:aic=NA || model3_overdisp_serialcor:ok:aic=NA || model3_basis:ok:aic=NA || model2_basis:ok:aic=NA",26,42,27,45,45,"vaste_voorkeurhierarchie_eerste_werkende_model","brugbare_tijdreeks"
173,11460,"Tapuit",1838,544,68,259,218,41,171,25,TRUE,TRUE,"model3_overdisp","model2_basis",TRUE,FALSE,FALSE,FALSE,NA,NA,"voorkeursmodel_gekozen","model3_varianten_mislukt_fallback_naar_model2",NA,NA,NA,NA,"model3_overdisp:ok:aic=NA || model3_overdisp_serialcor:ok:aic=NA || model3_basis:ok:aic=NA || model2_basis:ok:aic=NA","model3_overdisp:fout:Found zero or less counts for year 16, 17, 23, 24, 25, 26, 27, 29, 30, 31, 32, 33, 34, 35, 36, 37, 38, 39, 40, 41 || model3_overdisp_serialcor:fout:Found zero or less counts for year 16, 17, 23, 24, 25, 26, 27, 29, 30, 31, 32, 33, 34, 35, 36, 37, 38, 39, 40, 41 || model3_basis:fout:Found zero or less counts for year 16, 17, 23, 24, 25, 26, 27, 29, 30, 31, 32, 33, 34, 35, 36, 37, 38, 39, 40, 41 || model2_basis:ok:aic=NA",26,22,37,33,40,"vaste_voorkeurhierarchie_eerste_werkende_model","brugbare_tijdreeks"
175,11870,"Merel",2066,1968,68,52,49,3,49,3,TRUE,TRUE,"model3_overdisp","model3_overdisp",TRUE,TRUE,FALSE,FALSE,NA,NA,"voorkeursmodel_gekozen","voorkeursmodel_gekozen",NA,NA,NA,NA,"model3_overdisp:ok:aic=NA || model3_overdisp_serialcor:ok:aic=NA || model3_basis:ok:aic=NA || model2_basis:ok:aic=NA","model3_overdisp:ok:aic=NA || model3_overdisp_serialcor:ok:aic=NA || model3_basis:ok:aic=NA || model2_basis:ok:aic=NA",26,42,45,52,52,"vaste_voorkeurhierarchie_eerste_werkende_model","brugbare_tijdreeks"
177,12000,"Zanglijster",2065,1121,68,442,417,25,262,25,TRUE,TRUE,"model3_overdisp","model3_overdisp",TRUE,TRUE,FALSE,FALSE,NA,NA,"voorkeursmodel_gekozen","voorkeursmodel_gekozen",NA,NA,NA,"Overdispersion 1.0 <1; consider setting overdisp=FALSE","model3_overdisp:ok:aic=NA || model3_overdisp_serialcor:ok:aic=NA || model3_basis:ok:aic=NA || model2_basis:ok:aic=NA","model3_overdisp:ok:aic=NA || model3_overdisp_serialcor:ok:aic=NA || model3_basis:ok:aic=NA || model2_basis:ok:aic=NA",24,42,34,52,52,"vaste_voorkeurhierarchie_eerste_werkende_model","brugbare_tijdreeks"
179,12020,"Grote Lijster",1727,153,68,632,577,55,158,35,TRUE,TRUE,"model2_basis","model2_basis",FALSE,FALSE,FALSE,FALSE,NA,NA,"model3_varianten_mislukt_fallback_naar_model2","model3_varianten_mislukt_fallback_naar_model2",NA,NA,NA,NA,"model3_overdisp:fout:Found zero or less counts for year 3, 5, 8, 10, 11, 12, 13, 14, 21, 23, 24 || model3_overdisp_serialcor:fout:Found zero or less counts for year 3, 5, 8, 10, 11, 12, 13, 14, 21, 23, 24 || model3_basis:fout:Found zero or less counts for year 3, 5, 8, 10, 11, 12, 13, 14, 21, 23, 24 || model2_basis:ok:aic=NA","model3_overdisp:fout:Found zero or less counts for year 2, 12 || model3_overdisp_serialcor:fout:Found zero or less counts for year 2, 12 || model3_basis:fout:Found zero or less counts for year 2, 12 || model2_basis:ok:aic=NA",14,36,11,37,39,"vaste_voorkeurhierarchie_eerste_werkende_model","brugbare_tijdreeks"
182,12360,"Sprinkhaanrietzanger",1996,1145,68,326,294,32,193,26,TRUE,TRUE,"model3_overdisp","model3_overdisp",TRUE,TRUE,FALSE,FALSE,NA,NA,"voorkeursmodel_gekozen","voorkeursmodel_gekozen",NA,NA,NA,NA,"model3_overdisp:ok:aic=NA || model3_overdisp_serialcor:ok:aic=NA || model3_basis:ok:aic=NA || model2_basis:ok:aic=NA","model3_overdisp:ok:aic=NA || model3_overdisp_serialcor:ok:aic=NA || model3_basis:ok:aic=NA || model2_basis:ok:aic=NA",26,42,31,47,47,"vaste_voorkeurhierarchie_eerste_werkende_model","brugbare_tijdreeks"
186,12430,"Rietzanger",1602,347,68,569,514,55,198,19,TRUE,TRUE,"model2_basis","model3_overdisp",FALSE,TRUE,FALSE,FALSE,NA,NA,"model3_varianten_mislukt_fallback_naar_model2","voorkeursmodel_gekozen",NA,NA,NA,NA,"model3_overdisp:fout:Found zero or less counts for year 3, 4 || model3_overdisp_serialcor:fout:Found zero or less counts for year 3, 4 || model3_basis:fout:Found zero or less counts for year 3, 4 || model2_basis:ok:aic=NA","model3_overdisp:ok:aic=NA || model3_overdisp_serialcor:ok:aic=NA || model3_basis:ok:aic=NA || model2_basis:ok:aic=NA",23,42,13,29,29,"vaste_voorkeurhierarchie_eerste_werkende_model","brugbare_tijdreeks"
187,12500,"Bosrietzanger",1770,660,68,465,418,47,227,26,TRUE,TRUE,"model2_basis","model3_overdisp",FALSE,TRUE,FALSE,FALSE,NA,NA,"model3_varianten_mislukt_fallback_naar_model2","voorkeursmodel_gekozen",NA,NA,NA,NA,"model3_overdisp:fout:Found zero or less counts for year 2, 3 || model3_overdisp_serialcor:fout:Found zero or less counts for year 2, 3 || model3_basis:fout:Found zero or less counts for year 2, 3 || model2_basis:ok:aic=NA","model3_overdisp:ok:aic=NA || model3_overdisp_serialcor:ok:aic=NA || model3_basis:ok:aic=NA || model2_basis:ok:aic=NA",20,42,27,39,41,"vaste_voorkeurhierarchie_eerste_werkende_model","brugbare_tijdreeks"
188,12510,"Kleine Karekiet",1778,951,68,440,403,37,102,18,TRUE,TRUE,"model3_overdisp","model3_overdisp",TRUE,TRUE,FALSE,FALSE,NA,NA,"voorkeursmodel_gekozen","voorkeursmodel_gekozen",NA,NA,NA,NA,"model3_overdisp:ok:aic=NA || model3_overdisp_serialcor:ok:aic=NA || model3_basis:ok:aic=NA || model2_basis:ok:aic=NA","model3_overdisp:ok:aic=NA || model3_overdisp_serialcor:ok:aic=NA || model3_basis:ok:aic=NA || model2_basis:ok:aic=NA",20,42,21,38,38,"vaste_voorkeurhierarchie_eerste_werkende_model","brugbare_tijdreeks"
190,12590,"Spotvogel",1617,78,68,640,585,55,79,17,TRUE,TRUE,"model2_basis","model2_basis",FALSE,FALSE,FALSE,FALSE,NA,NA,"model3_varianten_mislukt_fallback_naar_model2","model3_varianten_mislukt_fallback_naar_model2",NA,NA,"Data ends with 1 years without positive observations.","Data ends with 1 years without positive observations.","model3_overdisp:fout:Found zero or less counts for year 4, 5, 6, 7, 8, 9, 11, 20 || model3_overdisp_serialcor:fout:Found zero or less counts for year 4, 5, 6, 7, 8, 9, 11, 20 || model3_basis:fout:Found zero or less counts for year 4, 5, 6, 7, 8, 9, 11, 20 || model2_basis:ok:aic=NA","model3_overdisp:fout:Found zero or less counts for year 2, 3, 4, 5, 6, 7, 26, 32, 34, 39, 42 || model3_overdisp_serialcor:fout:Found zero or less counts for year 2, 3, 4, 5, 6, 7, 26, 32, 34, 39, 42 || model3_basis:fout:Found zero or less counts for year 2, 3, 4, 5, 6, 7, 26, 32, 34, 39, 42 || model2_basis:ok:aic=NA",12,31,6,26,28,"vaste_voorkeurhierarchie_eerste_werkende_model","brugbare_tijdreeks"
192,12740,"Braamsluiper",2061,1543,68,288,264,24,208,24,TRUE,TRUE,"model3_overdisp","model3_overdisp",TRUE,TRUE,FALSE,FALSE,NA,NA,"voorkeursmodel_gekozen","voorkeursmodel_gekozen",NA,NA,"Overdispersion 0.9 <1; consider setting overdisp=FALSE","Overdispersion 1.0 <1; consider setting overdisp=FALSE","model3_overdisp:ok:aic=NA || model3_overdisp_serialcor:ok:aic=NA || model3_basis:ok:aic=NA || model2_basis:ok:aic=NA","model3_overdisp:ok:aic=NA || model3_overdisp_serialcor:ok:aic=NA || model3_basis:ok:aic=NA || model2_basis:ok:aic=NA",26,42,36,52,52,"vaste_voorkeurhierarchie_eerste_werkende_model","brugbare_tijdreeks"
193,12750,"Grasmus",2064,1934,68,83,82,1,72,1,TRUE,TRUE,"model3_overdisp","model3_overdisp",TRUE,TRUE,FALSE,FALSE,NA,NA,"voorkeursmodel_gekozen","voorkeursmodel_gekozen",NA,NA,NA,NA,"model3_overdisp:ok:aic=NA || model3_overdisp_serialcor:ok:aic=NA || model3_basis:ok:aic=NA || model2_basis:ok:aic=NA","model3_overdisp:ok:aic=NA || model3_overdisp_serialcor:ok:aic=NA || model3_basis:ok:aic=NA || model2_basis:ok:aic=NA",26,42,41,52,52,"vaste_voorkeurhierarchie_eerste_werkende_model","brugbare_tijdreeks"
194,12760,"Tuinfluiter",2065,1214,68,500,469,31,283,31,TRUE,TRUE,"model2_basis","model3_overdisp",FALSE,TRUE,FALSE,FALSE,NA,NA,"model3_varianten_mislukt_fallback_naar_model2","voorkeursmodel_gekozen",NA,NA,NA,NA,"model3_overdisp:fout:Found zero or less counts for year 2 || model3_overdisp_serialcor:fout:Found zero or less counts for year 2 || model3_basis:fout:Found zero or less counts for year 2 || model2_basis:ok:aic=NA","model3_overdisp:ok:aic=NA || model3_overdisp_serialcor:ok:aic=NA || model3_basis:ok:aic=NA || model2_basis:ok:aic=NA",23,42,26,52,52,"vaste_voorkeurhierarchie_eerste_werkende_model","brugbare_tijdreeks"
195,12770,"Zwartkop",2066,1552,68,402,380,22,253,22,TRUE,TRUE,"model2_basis","model3_overdisp",FALSE,TRUE,FALSE,FALSE,NA,NA,"model3_varianten_mislukt_fallback_naar_model2","voorkeursmodel_gekozen",NA,NA,NA,NA,"model3_overdisp:fout:Found zero or less counts for year 2, 3, 4 || model3_overdisp_serialcor:fout:Found zero or less counts for year 2, 3, 4 || model3_basis:fout:Found zero or less counts for year 2, 3, 4 || model2_basis:ok:aic=NA","model3_overdisp:ok:aic=NA || model3_overdisp_serialcor:ok:aic=NA || model3_basis:ok:aic=NA || model2_basis:ok:aic=NA",22,42,32,52,52,"vaste_voorkeurhierarchie_eerste_werkende_model","brugbare_tijdreeks"
198,13110,"Tjiftjaf",2065,1504,68,479,470,9,307,9,TRUE,TRUE,"model2_basis","model3_overdisp",FALSE,TRUE,FALSE,FALSE,NA,NA,"model3_varianten_mislukt_fallback_naar_model2","voorkeursmodel_gekozen",NA,NA,NA,NA,"model3_overdisp:fout:Found zero or less counts for year 2, 5, 8, 11, 12, 13, 14 || model3_overdisp_serialcor:fout:Found zero or less counts for year 2, 5, 8, 11, 12, 13, 14 || model3_basis:fout:Found zero or less counts for year 2, 5, 8, 11, 12, 13, 14 || model2_basis:ok:aic=NA","model3_overdisp:ok:aic=NA || model3_overdisp_serialcor:ok:aic=NA || model3_basis:ok:aic=NA || model2_basis:ok:aic=NA",19,42,28,52,52,"vaste_voorkeurhierarchie_eerste_werkende_model","brugbare_tijdreeks"
200,13120,"Fitis",2064,2019,68,10,9,1,9,1,TRUE,TRUE,"model3_overdisp","model3_overdisp",TRUE,TRUE,FALSE,FALSE,NA,NA,"voorkeursmodel_gekozen","voorkeursmodel_gekozen",NA,NA,NA,NA,"model3_overdisp:ok:aic=NA || model3_overdisp_serialcor:ok:aic=NA || model3_basis:ok:aic=NA || model2_basis:ok:aic=NA","model3_overdisp:ok:aic=NA || model3_overdisp_serialcor:ok:aic=NA || model3_basis:ok:aic=NA || model2_basis:ok:aic=NA",26,42,45,52,52,"vaste_voorkeurhierarchie_eerste_werkende_model","brugbare_tijdreeks"
203,13350,"Grauwe Vliegenvanger",1564,137,68,644,587,57,98,21,TRUE,TRUE,"model2_basis","model2_basis",FALSE,FALSE,FALSE,FALSE,NA,NA,"model3_varianten_mislukt_fallback_naar_model2","model3_varianten_mislukt_fallback_naar_model2",NA,NA,NA,NA,"model3_overdisp:fout:Found zero or less counts for year 2, 3, 4, 6, 7, 8, 9, 10, 19, 20 || model3_overdisp_serialcor:fout:Found zero or less counts for year 2, 3, 4, 6, 7, 8, 9, 10, 19, 20 || model3_basis:fout:Found zero or less counts for year 2, 3, 4, 6, 7, 8, 9, 10, 19, 20 || model2_basis:ok:aic=NA","model3_overdisp:fout:Found zero or less counts for year 2, 4, 5, 20, 23, 25 || model3_overdisp_serialcor:fout:Found zero or less counts for year 2, 4, 5, 20, 23, 25 || model3_basis:fout:Found zero or less counts for year 2, 4, 5, 20, 23, 25 || model2_basis:ok:aic=NA",11,35,8,28,32,"vaste_voorkeurhierarchie_eerste_werkende_model","brugbare_tijdreeks"
205,13490,"Bonte Vliegenvanger",1102,22,68,654,595,59,29,6,TRUE,TRUE,"model2_basis","model2_basis",FALSE,FALSE,FALSE,FALSE,NA,NA,"model3_varianten_mislukt_fallback_naar_model2","model3_varianten_mislukt_fallback_naar_model2",NA,NA,"Data ends with 2 years without positive observations.",NA,"model3_overdisp:fout:Found zero or less counts for year 5, 6, 9, 10 || model3_overdisp_serialcor:fout:Found zero or less counts for year 5, 6, 9, 10 || model3_basis:fout:Found zero or less counts for year 5, 6, 9, 10 || model2_basis:ok:aic=NA","model3_overdisp:fout:Found zero or less counts for year 2, 3, 4, 5, 6, 15, 16, 17, 18, 19, 21, 22, 24, 25, 26, 27, 28, 29, 30, 31, 32, 33, 34, 35, 36, 37, 38, 40, 41 || model3_overdisp_serialcor:fout:Found zero or less counts for year 2, 3, 4, 5, 6, 15, 16, 17, 18, 19, 21, 22, 24, 25, 26, 27, 28, 29, 30, 31, 32, 33, 34, 35, 36, 37, 38, 40, 41 || model3_basis:fout:Found zero or less counts for year 2, 3, 4, 5, 6, 15, 16, 17, 18, 19, 21, 22, 24, 25, 26, 27, 28, 29, 30, 31, 32, 33, 34, 35, 36, 37, 38, 40, 41 || model2_basis:ok:aic=NA",6,13,4,7,9,"vaste_voorkeurhierarchie_eerste_werkende_model","brugbare_tijdreeks"
207,14370,"Staartmees",2063,1310,68,432,410,22,330,22,TRUE,TRUE,"model3_overdisp","model3_overdisp",TRUE,TRUE,FALSE,FALSE,NA,NA,"voorkeursmodel_gekozen","voorkeursmodel_gekozen",NA,NA,"Overdispersion 0.9 <1; consider setting overdisp=FALSE","Overdispersion 0.8 <1; consider setting overdisp=FALSE","model3_overdisp:ok:aic=NA || model3_overdisp_serialcor:ok:aic=NA || model3_basis:ok:aic=NA || model2_basis:ok:aic=NA","model3_overdisp:ok:aic=NA || model3_overdisp_serialcor:ok:aic=NA || model3_basis:ok:aic=NA || model2_basis:ok:aic=NA",25,42,35,51,52,"vaste_voorkeurhierarchie_eerste_werkende_model","brugbare_tijdreeks"
208,14400,"Glanskop",1993,829,68,555,519,36,111,24,TRUE,TRUE,"model2_basis","model3_overdisp",FALSE,TRUE,FALSE,FALSE,NA,NA,"model3_varianten_mislukt_fallback_naar_model2","voorkeursmodel_gekozen",NA,NA,NA,"Overdispersion 1.0 <1; consider setting overdisp=FALSE","model3_overdisp:fout:Found zero or less counts for year 2, 3, 4, 5, 6 || model3_overdisp_serialcor:fout:Found zero or less counts for year 2, 3, 4, 5, 6 || model3_basis:fout:Found zero or less counts for year 2, 3, 4, 5, 6 || model2_basis:ok:aic=NA","model3_overdisp:ok:aic=NA || model3_overdisp_serialcor:ok:aic=NA || model3_basis:ok:aic=NA || model2_basis:ok:aic=NA",16,42,16,46,46,"vaste_voorkeurhierarchie_eerste_werkende_model","brugbare_tijdreeks"
209,14420,"Matkop",1446,140,68,631,575,56,115,19,TRUE,TRUE,"model2_basis","model2_basis",FALSE,FALSE,FALSE,FALSE,NA,NA,"model3_varianten_mislukt_fallback_naar_model2","model3_varianten_mislukt_fallback_naar_model2",NA,NA,NA,NA,"model3_overdisp:fout:Found zero or less counts for year 3, 4, 5, 6, 7, 8, 13 || model3_overdisp_serialcor:fout:Found zero or less counts for year 3, 4, 5, 6, 7, 8, 13 || model3_basis:fout:Found zero or less counts for year 3, 4, 5, 6, 7, 8, 13 || model2_basis:ok:aic=NA","model3_overdisp:fout:Found zero or less counts for year 17, 18, 25, 26, 27, 28, 29, 30, 31, 32, 33, 34, 35, 36, 37, 38, 39, 40, 41 || model3_overdisp_serialcor:fout:Found zero or less counts for year 17, 18, 25, 26, 27, 28, 29, 30, 31, 32, 33, 34, 35, 36, 37, 38, 39, 40, 41 || model3_basis:fout:Found zero or less counts for year 17, 18, 25, 26, 27, 28, 29, 30, 31, 32, 33, 34, 35, 36, 37, 38, 39, 40, 41 || model2_basis:ok:aic=NA",12,23,10,25,27,"vaste_voorkeurhierarchie_eerste_werkende_model","brugbare_tijdreeks"
210,14540,"Kuifmees",1162,154,68,649,593,56,10,8,TRUE,TRUE,"model2_basis","model3_overdisp",FALSE,TRUE,FALSE,FALSE,NA,NA,"model3_varianten_mislukt_fallback_naar_model2","voorkeursmodel_gekozen",NA,NA,NA,"Overdispersion 0.9 <1; consider setting overdisp=FALSE","model3_overdisp:fout:Found zero or less counts for year 6 || model3_overdisp_serialcor:fout:Found zero or less counts for year 6 || model3_basis:fout:Found zero or less counts for year 6 || model2_basis:ok:aic=NA","model3_overdisp:ok:aic=NA || model3_overdisp_serialcor:ok:aic=NA || model3_basis:ok:aic=NA || model2_basis:ok:aic=NA",10,42,2,16,16,"vaste_voorkeurhierarchie_eerste_werkende_model","brugbare_tijdreeks"
212,14610,"Zwarte Mees",1119,76,68,653,597,56,10,7,TRUE,TRUE,"model2_basis","model2_basis",FALSE,FALSE,FALSE,FALSE,NA,NA,"model3_varianten_mislukt_fallback_naar_model2","model3_varianten_mislukt_fallback_naar_model2",NA,NA,NA,NA,"model3_overdisp:fout:Found zero or less counts for year 4, 5, 8 || model3_overdisp_serialcor:fout:Found zero or less counts for year 4, 5, 8 || model3_basis:fout:Found zero or less counts for year 4, 5, 8 || model2_basis:ok:aic=NA","model3_overdisp:fout:Found zero or less counts for year 5, 8, 16, 27, 28, 32, 38, 39 || model3_overdisp_serialcor:fout:Found zero or less counts for year 5, 8, 16, 27, 28, 32, 38, 39 || model3_basis:fout:Found zero or less counts for year 5, 8, 16, 27, 28, 32, 38, 39 || model2_basis:ok:aic=NA",6,34,2,13,13,"vaste_voorkeurhierarchie_eerste_werkende_model","brugbare_tijdreeks"
213,14620,"Pimpelmees",2065,1477,68,448,435,13,217,13,TRUE,TRUE,"model2_basis","model3_overdisp",FALSE,TRUE,FALSE,FALSE,NA,NA,"model3_varianten_mislukt_fallback_naar_model2","voorkeursmodel_gekozen",NA,NA,NA,NA,"model3_overdisp:fout:Found zero or less counts for year 2, 3, 4, 8 || model3_overdisp_serialcor:fout:Found zero or less counts for year 2, 3, 4, 8 || model3_basis:fout:Found zero or less counts for year 2, 3, 4, 8 || model2_basis:ok:aic=NA","model3_overdisp:ok:aic=NA || model3_overdisp_serialcor:ok:aic=NA || model3_basis:ok:aic=NA || model2_basis:ok:aic=NA",19,42,29,52,52,"vaste_voorkeurhierarchie_eerste_werkende_model","brugbare_tijdreeks"
214,14640,"Koolmees",2066,1866,68,176,171,5,138,5,TRUE,TRUE,"model3_overdisp","model3_overdisp",TRUE,TRUE,FALSE,FALSE,NA,NA,"voorkeursmodel_gekozen","voorkeursmodel_gekozen",NA,NA,NA,NA,"model3_overdisp:ok:aic=NA || model3_overdisp_serialcor:ok:aic=NA || model3_basis:ok:aic=NA || model2_basis:ok:aic=NA","model3_overdisp:ok:aic=NA || model3_overdisp_serialcor:ok:aic=NA || model3_basis:ok:aic=NA || model2_basis:ok:aic=NA",26,42,40,52,52,"vaste_voorkeurhierarchie_eerste_werkende_model","brugbare_tijdreeks"
215,14790,"Boomklever",1559,145,68,642,595,47,56,25,TRUE,TRUE,"model2_basis","model2_basis",FALSE,FALSE,FALSE,FALSE,NA,NA,"model3_varianten_mislukt_fallback_naar_model2","model3_varianten_mislukt_fallback_naar_model2",NA,NA,NA,NA,"model3_overdisp:fout:Found zero or less counts for year 2, 3, 4, 5, 6, 7, 8, 9, 10, 11, 14, 15, 16, 17 || model3_overdisp_serialcor:fout:Found zero or less counts for year 2, 3, 4, 5, 6, 7, 8, 9, 10, 11, 14, 15, 16, 17 || model3_basis:fout:Found zero or less counts for year 2, 3, 4, 5, 6, 7, 8, 9, 10, 11, 14, 15, 16, 17 || model2_basis:ok:aic=NA","model3_overdisp:fout:Found zero or less counts for year 2 || model3_overdisp_serialcor:fout:Found zero or less counts for year 2 || model3_basis:fout:Found zero or less counts for year 2 || model2_basis:ok:aic=NA",6,37,5,20,22,"vaste_voorkeurhierarchie_eerste_werkende_model","brugbare_tijdreeks"
217,14870,"Boomkruiper",1887,694,68,614,574,40,60,23,TRUE,TRUE,"model2_basis","model3_overdisp",FALSE,TRUE,FALSE,FALSE,NA,NA,"model3_varianten_mislukt_fallback_naar_model2","voorkeursmodel_gekozen",NA,NA,NA,NA,"model3_overdisp:fout:Found zero or less counts for year 2, 6 || model3_overdisp_serialcor:fout:Found zero or less counts for year 2, 6 || model3_basis:fout:Found zero or less counts for year 2, 6 || model2_basis:ok:aic=NA","model3_overdisp:ok:aic=NA || model3_overdisp_serialcor:ok:aic=NA || model3_basis:ok:aic=NA || model2_basis:ok:aic=NA",9,42,11,44,44,"vaste_voorkeurhierarchie_eerste_werkende_model","brugbare_tijdreeks"
218,15080,"Wielewaal",1760,181,68,638,587,51,23,24,TRUE,TRUE,"model2_basis","model2_basis",FALSE,FALSE,FALSE,FALSE,NA,NA,"model3_varianten_mislukt_fallback_naar_model2","model3_varianten_mislukt_fallback_naar_model2",NA,NA,NA,NA,"model3_overdisp:fout:Found zero or less counts for year 2, 3, 4, 5, 6, 7, 8, 9, 10, 11, 12, 13, 14, 16 || model3_overdisp_serialcor:fout:Found zero or less counts for year 2, 3, 4, 5, 6, 7, 8, 9, 10, 11, 12, 13, 14, 16 || model3_basis:fout:Found zero or less counts for year 2, 3, 4, 5, 6, 7, 8, 9, 10, 11, 12, 13, 14, 16 || model2_basis:ok:aic=NA","model3_overdisp:fout:Found zero or less counts for year 27 || model3_overdisp_serialcor:fout:Found zero or less counts for year 27 || model3_basis:fout:Found zero or less counts for year 27 || model2_basis:ok:aic=NA",11,41,3,37,37,"vaste_voorkeurhierarchie_eerste_werkende_model","brugbare_tijdreeks"
219,15150,"Grauwe Klauwier",1195,52,68,619,560,59,186,6,TRUE,TRUE,"model2_basis","model2_basis",FALSE,FALSE,FALSE,FALSE,NA,NA,"model3_varianten_mislukt_fallback_naar_model2","model3_varianten_mislukt_fallback_naar_model2",NA,NA,NA,NA,"model3_overdisp:fout:Found zero or less counts for year 11, 12, 14, 22, 23, 24 || model3_overdisp_serialcor:fout:Found zero or less counts for year 11, 12, 14, 22, 23, 24 || model3_basis:fout:Found zero or less counts for year 11, 12, 14, 22, 23, 24 || model2_basis:ok:aic=NA","model3_overdisp:fout:Found zero or less counts for year 2, 3, 4, 5, 6, 7, 8, 9, 10, 11, 12, 13, 14, 15, 16, 17, 18, 19, 20, 21, 22, 23, 25, 26, 27, 28, 29, 30, 31, 32, 33, 34, 35, 36, 37, 38, 39, 40 || model3_overdisp_serialcor:fout:Found zero or less counts for year 2, 3, 4, 5, 6, 7, 8, 9, 10, 11, 12, 13, 14, 15, 16, 17, 18, 19, 20, 21, 22, 23, 25, 26, 27, 28, 29, 30, 31, 32, 33, 34, 35, 36, 37, 38, 39, 40 || model3_basis:fout:Found zero or less counts for year 2, 3, 4, 5, 6, 7, 8, 9, 10, 11, 12, 13, 14, 15, 16, 17, 18, 19, 20, 21, 22, 23, 25, 26, 27, 28, 29, 30, 31, 32, 33, 34, 35, 36, 37, 38, 39, 40 || model2_basis:ok:aic=NA",19,4,12,9,17,"vaste_voorkeurhierarchie_eerste_werkende_model","brugbare_tijdreeks"
222,15390,"Gaai",2065,1466,68,382,367,15,247,15,TRUE,TRUE,"model3_overdisp","model3_overdisp",TRUE,TRUE,FALSE,FALSE,NA,NA,"voorkeursmodel_gekozen","voorkeursmodel_gekozen",NA,NA,"Overdispersion 0.8 <1; consider setting overdisp=FALSE","Overdispersion 0.6 <1; consider setting overdisp=FALSE","model3_overdisp:ok:aic=NA || model3_overdisp_serialcor:ok:aic=NA || model3_basis:ok:aic=NA || model2_basis:ok:aic=NA","model3_overdisp:ok:aic=NA || model3_overdisp_serialcor:ok:aic=NA || model3_basis:ok:aic=NA || model2_basis:ok:aic=NA",25,42,34,51,51,"vaste_voorkeurhierarchie_eerste_werkende_model","brugbare_tijdreeks"
223,15490,"Ekster",2061,1130,68,340,328,12,283,12,TRUE,TRUE,"model3_overdisp","model3_overdisp",TRUE,TRUE,FALSE,FALSE,NA,NA,"voorkeursmodel_gekozen","voorkeursmodel_gekozen",NA,NA,NA,NA,"model3_overdisp:ok:aic=NA || model3_overdisp_serialcor:ok:aic=NA || model3_basis:ok:aic=NA || model2_basis:ok:aic=NA","model3_overdisp:ok:aic=NA || model3_overdisp_serialcor:ok:aic=NA || model3_basis:ok:aic=NA || model2_basis:ok:aic=NA",26,42,37,50,51,"vaste_voorkeurhierarchie_eerste_werkende_model","brugbare_tijdreeks"
224,15600,"Kauw",1731,430,68,553,516,37,209,18,TRUE,TRUE,"model2_basis","model3_overdisp",FALSE,TRUE,FALSE,FALSE,NA,NA,"model3_varianten_mislukt_fallback_naar_model2","voorkeursmodel_gekozen",NA,NA,NA,NA,"model3_overdisp:fout:Found zero or less counts for year 3, 4, 5, 6, 7, 11, 13 || model3_overdisp_serialcor:fout:Found zero or less counts for year 3, 4, 5, 6, 7, 11, 13 || model3_basis:fout:Found zero or less counts for year 3, 4, 5, 6, 7, 11, 13 || model2_basis:ok:aic=NA","model3_overdisp:ok:aic=NA || model3_overdisp_serialcor:ok:aic=NA || model3_basis:ok:aic=NA || model2_basis:ok:aic=NA",17,42,21,37,38,"vaste_voorkeurhierarchie_eerste_werkende_model","brugbare_tijdreeks"
226,15671,"Zwarte Kraai",2064,1231,68,493,486,7,255,7,TRUE,TRUE,"model2_basis","model3_overdisp",FALSE,TRUE,FALSE,FALSE,NA,NA,"model3_varianten_mislukt_fallback_naar_model2","voorkeursmodel_gekozen",NA,NA,NA,"Overdispersion 0.6 <1; consider setting overdisp=FALSE","model3_overdisp:fout:Found zero or less counts for year 2, 3, 4 || model3_overdisp_serialcor:fout:Found zero or less counts for year 2, 3, 4 || model3_basis:fout:Found zero or less counts for year 2, 3, 4 || model2_basis:ok:aic=NA","model3_overdisp:ok:aic=NA || model3_overdisp_serialcor:ok:aic=NA || model3_basis:ok:aic=NA || model2_basis:ok:aic=NA",19,42,26,52,52,"vaste_voorkeurhierarchie_eerste_werkende_model","brugbare_tijdreeks"
229,15820,"Spreeuw",1797,437,68,457,414,43,164,19,TRUE,TRUE,"model3_overdisp","model3_overdisp",TRUE,TRUE,FALSE,FALSE,NA,NA,"voorkeursmodel_gekozen","voorkeursmodel_gekozen",NA,NA,NA,NA,"model3_overdisp:ok:aic=NA || model3_overdisp_serialcor:ok:aic=NA || model3_basis:ok:aic=NA || model2_basis:ok:aic=NA","model3_overdisp:ok:aic=NA || model3_overdisp_serialcor:ok:aic=NA || model3_basis:ok:aic=NA || model2_basis:ok:aic=NA",17,42,31,31,41,"vaste_voorkeurhierarchie_eerste_werkende_model","brugbare_tijdreeks"
231,15910,"Huismus",1008,70,68,631,576,55,87,7,TRUE,TRUE,"model2_basis","model2_basis",FALSE,FALSE,FALSE,FALSE,NA,NA,"model3_varianten_mislukt_fallback_naar_model2","model3_varianten_mislukt_fallback_naar_model2",NA,NA,NA,NA,"model3_overdisp:fout:Found zero or less counts for year 2, 3, 4, 5, 6, 7, 8, 9, 10, 11, 12, 13 || model3_overdisp_serialcor:fout:Found zero or less counts for year 2, 3, 4, 5, 6, 7, 8, 9, 10, 11, 12, 13 || model3_basis:fout:Found zero or less counts for year 2, 3, 4, 5, 6, 7, 8, 9, 10, 11, 12, 13 || model2_basis:ok:aic=NA","model3_overdisp:fout:Found zero or less counts for year 7, 18, 19, 20, 22, 24, 25, 27, 29, 30 || model3_overdisp_serialcor:fout:Found zero or less counts for year 7, 18, 19, 20, 22, 24, 25, 27, 29, 30 || model3_basis:fout:Found zero or less counts for year 7, 18, 19, 20, 22, 24, 25, 27, 29, 30 || model2_basis:ok:aic=NA",12,31,9,11,18,"vaste_voorkeurhierarchie_eerste_werkende_model","brugbare_tijdreeks"
232,15980,"Ringmus",1535,260,68,501,445,56,221,19,TRUE,TRUE,"model2_basis","model2_basis",FALSE,FALSE,FALSE,FALSE,NA,NA,"model3_varianten_mislukt_fallback_naar_model2","model3_varianten_mislukt_fallback_naar_model2",NA,NA,NA,"Data ends with 22 years without positive observations.","model3_overdisp:fout:Found zero or less counts for year 2, 4 || model3_overdisp_serialcor:fout:Found zero or less counts for year 2, 4 || model3_basis:fout:Found zero or less counts for year 2, 4 || model2_basis:ok:aic=NA","model3_overdisp:fout:Found zero or less counts for year 17, 18, 21, 22, 23, 24, 25, 26, 27, 28, 29, 30, 31, 32, 33, 34, 35, 36, 37, 38, 39, 40, 41, 42 || model3_overdisp_serialcor:fout:Found zero or less counts for year 17, 18, 21, 22, 23, 24, 25, 26, 27, 28, 29, 30, 31, 32, 33, 34, 35, 36, 37, 38, 39, 40, 41, 42 || model3_basis:fout:Found zero or less counts for year 17, 18, 21, 22, 23, 24, 25, 26, 27, 28, 29, 30, 31, 32, 33, 34, 35, 36, 37, 38, 39, 40, 41, 42 || model2_basis:ok:aic=NA",16,18,30,28,34,"vaste_voorkeurhierarchie_eerste_werkende_model","brugbare_tijdreeks"
233,16360,"Vink",2064,1066,68,622,592,30,28,30,TRUE,TRUE,"model2_basis","model3_overdisp",FALSE,TRUE,FALSE,FALSE,NA,NA,"model3_varianten_mislukt_fallback_naar_model2","voorkeursmodel_gekozen",NA,NA,NA,NA,"model3_overdisp:fout:Found zero or less counts for year 2 || model3_overdisp_serialcor:fout:Found zero or less counts for year 2 || model3_basis:fout:Found zero or less counts for year 2 || model2_basis:ok:aic=NA","model3_overdisp:ok:aic=NA || model3_overdisp_serialcor:fout:Model can't be estimated due to excessive low beta value at year #3 (3).
 || model3_basis:ok:aic=NA || model2_basis:ok:aic=NA",10,42,4,52,52,"vaste_voorkeurhierarchie_eerste_werkende_model","brugbare_tijdreeks"
236,16490,"Groenling",2022,413,68,484,436,48,253,40,TRUE,TRUE,"model2_basis","model2_basis",FALSE,FALSE,FALSE,FALSE,NA,NA,"model3_varianten_mislukt_fallback_naar_model2","model3_varianten_mislukt_fallback_naar_model2",NA,NA,NA,NA,"model3_overdisp:fout:Found zero or less counts for year 3, 5, 6 || model3_overdisp_serialcor:fout:Found zero or less counts for year 3, 5, 6 || model3_basis:fout:Found zero or less counts for year 3, 5, 6 || model2_basis:ok:aic=NA","model3_overdisp:fout:Found zero or less counts for year 24, 26 || model3_overdisp_serialcor:fout:Found zero or less counts for year 24, 26 || model3_basis:fout:Found zero or less counts for year 24, 26 || model2_basis:ok:aic=NA",20,40,28,46,47,"vaste_voorkeurhierarchie_eerste_werkende_model","brugbare_tijdreeks"
237,16530,"Putter",1867,163,68,651,596,55,22,30,TRUE,TRUE,"model2_basis","model2_basis",FALSE,FALSE,FALSE,FALSE,NA,NA,"model3_varianten_mislukt_fallback_naar_model2","model3_varianten_mislukt_fallback_naar_model2",NA,NA,NA,NA,"model3_overdisp:fout:Found zero or less counts for year 3, 4, 5, 7, 9 || model3_overdisp_serialcor:fout:Found zero or less counts for year 3, 4, 5, 7, 9 || model3_basis:fout:Found zero or less counts for year 3, 4, 5, 7, 9 || model2_basis:ok:aic=NA","model3_overdisp:fout:Found zero or less counts for year 9, 13, 18, 19, 21, 23, 24, 26 || model3_overdisp_serialcor:fout:Found zero or less counts for year 9, 13, 18, 19, 21, 23, 24, 26 || model3_basis:fout:Found zero or less counts for year 9, 13, 18, 19, 21, 23, 24, 26 || model2_basis:ok:aic=NA",6,32,3,37,37,"vaste_voorkeurhierarchie_eerste_werkende_model","brugbare_tijdreeks"
239,16600,"Kneu",2025,1199,68,172,141,31,115,21,TRUE,TRUE,"model3_overdisp","model3_overdisp",TRUE,TRUE,FALSE,FALSE,NA,NA,"voorkeursmodel_gekozen","voorkeursmodel_gekozen",NA,NA,NA,NA,"model3_overdisp:ok:aic=NA || model3_overdisp_serialcor:ok:aic=NA || model3_basis:ok:aic=NA || model2_basis:ok:aic=NA","model3_overdisp:ok:aic=NA || model3_overdisp_serialcor:ok:aic=NA || model3_basis:ok:aic=NA || model2_basis:ok:aic=NA",26,42,41,49,49,"vaste_voorkeurhierarchie_eerste_werkende_model","brugbare_tijdreeks"
246,17100,"Goudvink",1989,861,68,488,451,37,180,35,TRUE,TRUE,"model3_overdisp","model3_overdisp",TRUE,TRUE,FALSE,FALSE,NA,NA,"voorkeursmodel_gekozen","voorkeursmodel_gekozen",NA,NA,"Overdispersion 0.9 <1; consider setting overdisp=FALSE","Overdispersion 0.8 <1; consider setting overdisp=FALSE","model3_overdisp:ok:aic=NA || model3_overdisp_serialcor:ok:aic=NA || model3_basis:ok:aic=NA || model2_basis:ok:aic=NA","model3_overdisp:ok:aic=NA || model3_overdisp_serialcor:ok:aic=NA || model3_basis:ok:aic=NA || model2_basis:ok:aic=NA",17,42,27,48,48,"vaste_voorkeurhierarchie_eerste_werkende_model","brugbare_tijdreeks"
251,18770,"Rietgors",1684,896,68,315,271,44,153,11,TRUE,TRUE,"model3_overdisp","model3_overdisp",TRUE,TRUE,FALSE,FALSE,NA,NA,"voorkeursmodel_gekozen","voorkeursmodel_gekozen",NA,NA,"Overdispersion 1.0 <1; consider setting overdisp=FALSE","Overdispersion 0.9 <1; consider setting overdisp=FALSE","model3_overdisp:ok:aic=NA || model3_overdisp_serialcor:ok:aic=NA || model3_basis:ok:aic=NA || model2_basis:ok:aic=NA","model3_overdisp:ok:aic=NA || model3_overdisp_serialcor:ok:aic=NA || model3_basis:ok:aic=NA || model2_basis:ok:aic=NA",26,42,30,31,34,"vaste_voorkeurhierarchie_eerste_werkende_model","brugbare_tijdreeks"
