"soort_id","euring_code","soort_naam","brugfactor","brugmethode"
1,70,"Dodaars",1.55441765758259,"1981_1983_naar_1984_1986"
2,90,"Fuut",37.3437824630623,"1981_1983_naar_1984_1986"
4,120,"Geoorde Fuut",16.3377437760046,"1981_1983_naar_1984_1986"
5,720,"Aalscholver",1,"alleen_post"
7,950,"Roerdomp",1,"alleen_post"
8,980,"Woudaap",1,"alleen_post"
11,1220,"Blauwe Reiger",1,"alleen_post"
17,1520,"Knobbelzwaan",5.4601798442822,"1981_1983_naar_1984_1986"
21,1610,"Grauwe Gans",1,"alleen_post"
22,1619,"Soepgans",1,"alleen_post"
25,1661,"Grote Canadese Gans",1,"alleen_post"
27,1700,"Nijlgans",1.22515593840107,"1981_1983_naar_1984_1986"
28,1710,"Casarca",NA,"geen_model"
29,1730,"Bergeend",2.08553379915354,"1981_1983_naar_1984_1986"
30,1750,"Muskuseend",NA,"geen_model"
34,1820,"Krakeend",6.34697194577006,"1981_1983_naar_1984_1986"
35,1840,"Wintertaling",7.79346330849839,"1981_1983_naar_1984_1986"
36,1860,"Wilde Eend",0.458824668255217,"1981_1983_naar_1984_1986"
37,1869,"Soepeend",1,"alleen_post"
38,1890,"Pijlstaart",NA,"geen_model"
39,1910,"Zomertaling",0.00175017479649152,"1981_1983_naar_1984_1986"
40,1940,"Slobeend",0.769837032086505,"1981_1983_naar_1984_1986"
41,1960,"Krooneend",1,"alleen_post"
42,1980,"Tafeleend",7.12562642303841,"1981_1983_naar_1984_1986"
44,2030,"Kuifeend",20.8828281973648,"1981_1983_naar_1984_1986"
53,2310,"Wespendief",1,"alleen_post"
57,2600,"Bruine Kiekendief",NA,"geen_model"
60,2670,"Havik",1,"alleen_post"
61,2690,"Sperwer",1,"alleen_post"
62,2870,"Buizerd",1,"alleen_post"
64,3040,"Torenvalk",0.130151733331817,"1981_1983_naar_1984_1986"
66,3100,"Boomvalk",0.44307620928137,"1981_1983_naar_1984_1986"
67,3200,"Slechtvalk",1,"alleen_post"
69,3670,"Patrijs",1,"alleen_pre"
70,3700,"Kwartel",1,"alleen_post"
71,3940,"Gewone Fazant",1,"alleen_post"
72,4070,"Waterral",4.04427348092194,"1981_1983_naar_1984_1986"
73,4080,"Porseleinhoen",NA,"geen_model"
76,4210,"Kwartelkoning",NA,"geen_model"
77,4240,"Waterhoen",1.6794316072361,"1981_1983_naar_1984_1986"
78,4290,"Meerkoet",4.56039309193349,"1981_1983_naar_1984_1986"
80,4500,"Scholekster",0.782709398670132,"1981_1983_naar_1984_1986"
82,4560,"Kluut",NA,"geen_model"
84,4690,"Kleine Plevier",1,"fallback_1"
85,4700,"Bontbekplevier",NA,"geen_model"
88,4930,"Kievit",0.51538510541464,"1981_1983_naar_1984_1986"
93,5190,"Watersnip",1,"alleen_post"
94,5290,"Houtsnip",2.67398796485898,"1981_1983_naar_1984_1986"
97,5410,"Wulp",0.763205536248524,"1981_1983_naar_1984_1986"
98,5460,"Tureluur",1,"fallback_1"
102,5560,"Oeverloper",NA,"geen_model"
105,5820,"Kokmeeuw",1,"alleen_pre"
106,5900,"Stormmeeuw",20.7837108069659,"1981_1983_naar_1984_1986"
107,5910,"Kleine Mantelmeeuw",115.044555773225,"1981_1983_naar_1984_1986"
108,5920,"Zilvermeeuw",5.99002394695004,"1981_1983_naar_1984_1986"
116,6150,"Visdief",1,"alleen_post"
121,6658,"Stadsduif",NA,"geen_model"
122,6680,"Holenduif",0.423858280367346,"1981_1983_naar_1984_1986"
123,6700,"Houtduif",14.8969063072381,"1981_1983_naar_1984_1986"
124,6840,"Turkse Tortel",1.65980203277365,"1981_1983_naar_1984_1986"
125,6870,"Tortelduif",11.8714435369746,"1981_1983_naar_1984_1986"
126,7120,"Halsbandparkiet",1,"alleen_post"
127,7240,"Koekoek",15.0865788105291,"1981_1983_naar_1984_1986"
128,7350,"Kerkuil",1,"alleen_post"
130,7570,"Steenuil",NA,"geen_model"
131,7610,"Bosuil",1.36886780887332,"1981_1983_naar_1984_1986"
132,7670,"Ransuil",0.134805821409134,"1981_1983_naar_1984_1986"
133,7680,"Velduil",NA,"geen_model"
135,7780,"Nachtzwaluw",1,"alleen_post"
136,7950,"Gierzwaluw",1,"alleen_post"
137,8310,"IJsvogel",1,"alleen_post"
138,8400,"Bijeneter",NA,"geen_model"
141,8480,"Draaihals",1,"alleen_pre"
142,8560,"Groene Specht",4.20767313987665,"1981_1983_naar_1984_1986"
143,8630,"Zwarte Specht",1,"alleen_post"
144,8760,"Grote Bonte Specht",2.72027625913783,"1981_1983_naar_1984_1986"
146,8870,"Kleine Bonte Specht",1,"fallback_1"
147,9720,"Kuifleeuwerik",1,"alleen_pre"
148,9740,"Boomleeuwerik",1.12890649028846,"1981_1983_naar_1984_1986"
150,9760,"Veldleeuwerik",1.66066710177609,"1981_1983_naar_1984_1986"
151,9810,"Oeverzwaluw",1,"fallback_1"
152,9920,"Boerenzwaluw",1,"alleen_pre"
154,10050,"Duinpieper",NA,"geen_model"
155,10090,"Boompieper",0.684364694016911,"1981_1983_naar_1984_1986"
156,10110,"Graspieper",10.4698752359272,"1981_1983_naar_1984_1986"
158,10171,"Gele Kwikstaart",1.25070008778912,"1981_1983_naar_1984_1986"
159,10172,"Engelse Kwikstaart",NA,"geen_model"
162,10201,"Witte Kwikstaart",1.27754327251658,"1981_1983_naar_1984_1986"
163,10202,"Rouwkwikstaart",NA,"geen_model"
164,10660,"Winterkoning",109.935547377876,"1981_1983_naar_1984_1986"
165,10840,"Heggenmus",18.0335151092987,"1981_1983_naar_1984_1986"
166,10990,"Roodborst",3.80419804248164,"1981_1983_naar_1984_1986"
167,11040,"Nachtegaal",2.15751403332554,"1981_1983_naar_1984_1986"
168,11060,"Blauwborst",1,"alleen_post"
169,11210,"Zwarte Roodstaart",0.035552021843431,"1981_1983_naar_1984_1986"
170,11220,"Gekraagde Roodstaart",0.553575876126266,"1981_1983_naar_1984_1986"
171,11370,"Paapje",0.00942208158068943,"1981_1983_naar_1984_1986"
172,11390,"Roodborsttapuit",0.523656549158127,"1981_1983_naar_1984_1986"
173,11460,"Tapuit",6.95276887917479,"1981_1983_naar_1984_1986"
174,11860,"Beflijster",NA,"geen_model"
175,11870,"Merel",10.4543050207953,"1981_1983_naar_1984_1986"
176,11980,"Kramsvogel",1,"alleen_post"
177,12000,"Zanglijster",5.68494845100219,"1981_1983_naar_1984_1986"
179,12020,"Grote Lijster",0.0107415007093348,"1981_1983_naar_1984_1986"
180,12200,"Cetti's Zanger",1,"alleen_post"
182,12360,"Sprinkhaanrietzanger",0.860111331950189,"1981_1983_naar_1984_1986"
184,12380,"Snor",1,"alleen_post"
186,12430,"Rietzanger",9.6951316673344,"1981_1983_naar_1984_1986"
187,12500,"Bosrietzanger",49.0841203412941,"1981_1983_naar_1984_1986"
188,12510,"Kleine Karekiet",35.9115096914971,"1981_1983_naar_1984_1986"
189,12530,"Grote Karekiet",1,"alleen_post"
190,12590,"Spotvogel",0.544961102421396,"1981_1983_naar_1984_1986"
192,12740,"Braamsluiper",34.7832775444707,"1981_1983_naar_1984_1986"
193,12750,"Grasmus",0.460398316209034,"1981_1983_naar_1984_1986"
194,12760,"Tuinfluiter",8.31712277278076,"1981_1983_naar_1984_1986"
195,12770,"Zwartkop",9.98489601052211,"1981_1983_naar_1984_1986"
197,13080,"Fluiter",1,"alleen_post"
198,13110,"Tjiftjaf",6.70180515283829,"1981_1983_naar_1984_1986"
200,13120,"Fitis",3.81868234965354,"1981_1983_naar_1984_1986"
201,13140,"Goudhaan",1,"alleen_post"
202,13150,"Vuurgoudhaan",1,"alleen_post"
203,13350,"Grauwe Vliegenvanger",0.0261658177157677,"1981_1983_naar_1984_1986"
205,13490,"Bonte Vliegenvanger",0.386284643735543,"1981_1983_naar_1984_1986"
206,13640,"Baardmannetje",NA,"geen_model"
207,14370,"Staartmees",15.3362817891151,"1981_1983_naar_1984_1986"
208,14400,"Glanskop",2.77991706880101,"1981_1983_naar_1984_1986"
209,14420,"Matkop",3.12820371454304,"1981_1983_naar_1984_1986"
210,14540,"Kuifmees",0.042016376760077,"1981_1983_naar_1984_1986"
212,14610,"Zwarte Mees",2.75499380847361,"1981_1983_naar_1984_1986"
213,14620,"Pimpelmees",10.1870132759532,"1981_1983_naar_1984_1986"
214,14640,"Koolmees",16.5191354358617,"1981_1983_naar_1984_1986"
215,14790,"Boomklever",5.23881712146025e-07,"1981_1983_naar_1984_1986"
217,14870,"Boomkruiper",4.01660208855454,"1981_1983_naar_1984_1986"
218,15080,"Wielewaal",1.46140458395642,"1981_1983_naar_1984_1986"
219,15150,"Grauwe Klauwier",0.0701762217817329,"1981_1983_naar_1984_1986"
222,15390,"Gaai",4.10139402792443,"1981_1983_naar_1984_1986"
223,15490,"Ekster",28.8571668183881,"1981_1983_naar_1984_1986"
224,15600,"Kauw",12.2486102512401,"1981_1983_naar_1984_1986"
225,15630,"Roek",NA,"geen_model"
226,15671,"Zwarte Kraai",1.41702847837365,"1981_1983_naar_1984_1986"
227,15673,"Bonte Kraai",NA,"geen_model"
229,15820,"Spreeuw",2.29956856797861,"1981_1983_naar_1984_1986"
231,15910,"Huismus",1.16095977392259,"1981_1983_naar_1984_1986"
232,15980,"Ringmus",15.6230800230169,"1981_1983_naar_1984_1986"
233,16360,"Vink",0.232480623199586,"1981_1983_naar_1984_1986"
236,16490,"Groenling",4.53784264780536,"1981_1983_naar_1984_1986"
237,16530,"Putter",0.712838989821564,"1981_1983_naar_1984_1986"
238,16540,"Sijs",1,"alleen_post"
239,16600,"Kneu",5.12060131402193,"1981_1983_naar_1984_1986"
240,16630,"Barmsijs",26.5403709617591,"1981_1983_naar_1984_1986"
242,16634,"Kleine Barmsijs",1,"alleen_post"
243,16660,"Kruisbek",1,"alleen_post"
245,16790,"Roodmus",1,"alleen_post"
246,17100,"Goudvink",8.02704119351037,"1981_1983_naar_1984_1986"
248,17170,"Appelvink",1,"alleen_post"
249,18570,"Geelgors",1,"alleen_pre"
251,18770,"Rietgors",92.3961085614296,"1981_1983_naar_1984_1986"
