kavel_nummer,1958,1959,1960,1961,1962,1963,1964,1965,1966,1967,1968,1969,1970,1971,1972,1973,1974,1975,1976,1977,1978,1979,1980,1981,1982,1983,1984,1985,1986,1987,1988,1989,1990,1991,1992,1993,1994,1995,1996,1997,1998,1999,2000,2001,2002,2003,2004,2005,2006,2007,2008,2009,2010,2011,2012,2013,2014,2015,2016,2017,2018,2019,2020,2021,2022,2023,2024,2025,2026,2027,2028,2029,2030,2031,2032,2033,2034,2035,2036,2037,2038,2039,2040,2041,2042,2043,2044,2045,2046,2047,2048,2049,2050,2051,2052,2053,2054,2055
1a,0.31,0.31,0.32,0.32,0.32,0.32,0.32,0.32,0.36,0.4,0.45,0.45,0.44,0.44,0.44,0.44,0.415,0.415,0.44,0.44,0.44,0.44,0.44,0.44,0.44,0.44,0.42910686,0.42910686,0.42910686,0.42910686,0.42910686,0.42910686,0.42910686,0.42910686,0.42910686,0.42910686,0.42910686,0.42910686,0.42910686,0.42910686,0.42910686,0.42910686,0.42910686,0.42910686,0.42910686,0.42910686,0.42910686,0.42910686,0.42910686,0.42910686,0.42910686,0.42910686,0.42910686,0.42910686,0.42910686,0.42910686,0.42910686,0.42910686,0.42910686,0.42910686,0.42910686,0.42910686,0.42910686,0.42910686,0.42910686,0.42910686,0.42910686,0.42910686,0.42910686,0.4291,0.4291,0.4291,0.4291,0.4291,0.4291,0.4291,0.4291,0.4291,0.4291,0.4291,0.4291,0.4291,0.4291,0.4291,0.4291,0.4291,0.4291,0.4291,0.4291,0.4291,0.4291,0.4291,0.4291,0.4291,0.4291,0.4291,0.4291,0.4291
1b,0.29,0.29,0.29,0.29,0.29,0.29,0.29,0.29,0.29,0.29,0.29,0.29,0.29,0.29,0.29,0.29,0.29,0.29,0.29,0.29,0.29,0.28,0.29,0.29,0.29,0.29,0.29445564,0.29445564,0.29445564,0.29445564,0.29445564,0.29445564,0.29445564,0.29445564,0.29445564,0.29445564,0.29445564,0.29445564,,0.29445564,0.29445564,0.29445564,0.29445564,0.29445564,0.29445564,0.29445564,0.29445564,0.29445564,0.29445564,0.29445564,0.29445564,0.29445564,0.29445564,0.29445564,0.29445564,0.29445564,0.29445564,0.29445564,0.29445564,0.29445564,0.29445564,0.29445564,0.29445564,0.29445564,0.29445564,0.29445564,0.29445564,0.29445564,0.29445564,0.2945,0.2945,0.2945,0.2945,0.2945,0.2945,0.2945,0.2945,0.2945,0.2945,0.2945,0.2945,0.2945,0.2945,0.2945,0.2945,0.2945,0.2945,0.2945,0.2945,0.2945,0.2945,0.2945,0.2945,0.2945,0.2945,0.2945,0.2945,0.2945
2,0.36,0.36,0.36,0.36,0.36,0.36,0.36,0.36,0.36,0.36,0.36,0.36,0.36,0.36,0.36,0.36,0.35,0.35,0.35,0.35,0.35,0.35,0.35,0.35,0.35,0.35,0.35810495,0.35810495,0.35810495,0.35810495,0.35810495,0.35810495,0.35810495,0.35810495,0.35810495,0.35810495,0.35810495,0.35810495,0.35810495,0.35810495,0.35810495,0.35810495,0.35810495,0.35810495,0.35810495,0.35810495,0.35810495,0.35810495,0.35810495,0.35810495,0.35810495,0.35810495,0.35810495,0.35810495,0.35810495,0.35810495,0.35810495,0.35810495,0.35810495,0.35810495,0.35810495,0.35810495,0.35810495,0.35810495,0.35810495,0.35810495,0.35810495,0.35810495,0.35810495,0.3581,0.3581,0.3581,0.3581,0.3581,0.3581,0.3581,0.3581,0.3581,0.3581,0.3581,0.3581,0.3581,0.3581,0.3581,0.3581,0.3581,0.3581,0.3581,0.3581,0.3581,0.3581,0.3581,0.3581,0.3581,0.3581,0.3581,0.3581,0.3581
3,0.34,0.34,0.34,0.33,0.33,0.33,0.33,0.33,0.34,0.34,0.33,0.33,0.33,0.33,0.33,0.34,0.315,0.315,0.315,0.315,0.315,0.315,0.315,0.315,0.315,0.315,0.31860243,0.31860243,0.31860243,0.31860243,0.31860243,0.31860243,0.31860243,0.31860243,0.31860243,0.31860243,0.31860243,0.31860243,0.31860243,0.31860243,0.31860243,0.31860243,0.31860243,0.31860243,0.31860243,0.31860243,0.31860243,0.31860243,0.31860243,0.31860243,0.31860243,0.31860243,0.31860243,0.31860243,0.31860243,0.31860243,0.31860243,0.31860243,0.31860243,0.31860243,0.31860243,0.31860243,0.31860243,0.31860243,0.31860243,0.31860243,0.31860243,0.31860243,0.31860243,0.3186,0.3186,0.3186,0.3186,0.3186,0.3186,,0.3186,0.3186,0.3186,0.3186,0.3186,0.3186,0.3186,0.3186,0.3186,0.3186,0.3186,0.3186,0.3186,0.3186,0.3186,0.3186,0.3186,0.3186,0.3186,0.3186,0.3186,0.3186
6,0.26,0.26,0.27,0.26,0.26,0.27,0.27,0.27,0.26,0.27,0.27,0.27,0.27,0.27,0.27,0.27,0.275,0.275,0.275,0.275,0.275,0.275,0.275,0.275,0.275,0.275,0.28185771,0.28185771,0.28185771,0.28185771,0.28185771,0.28185771,0.28185771,0.28185771,0.28185771,0.28185771,0.28185771,0.28185771,0.28185771,0.28185771,0.28185771,0.28185771,0.28185771,0.28185771,0.28185771,0.28185771,0.28185771,0.28185771,0.28185771,0.28185771,0.28185771,0.28185771,0.28185771,0.28185771,0.28185771,0.28185771,0.28185771,0.28185771,0.28185771,0.28185771,0.28185771,0.28185771,0.28185771,0.28185771,0.28185771,0.28185771,0.28185771,0.28185771,0.28185771,0.2819,0.2819,0.2819,0.2819,0.2819,0.2819,0.2819,0.2819,0.2819,0.2819,0.2819,0.2819,0.2819,0.2819,0.2819,0.2819,0.2819,0.2819,0.2819,0.2819,0.2819,0.2819,0.2819,0.2819,0.2819,0.2819,0.2819,0.2819,0.2819
7,0.26,0.26,0.26,0.26,0.26,0.22,0.25,0.27,0.26,0.28,0.27,0.28,0.28,0.28,0.28,0.32,0.325,0.325,0.325,0.325,0.325,0.325,0.325,0.325,0.325,0.325,0.31891561,0.31891561,0.31891561,0.31891561,0.31891561,0.31891561,0.31891561,0.31891561,0.31891561,0.31891561,0.31891561,0.31891561,0.31891561,0.31891561,0.31891561,0.31891561,0.31891561,0.31891561,0.31891561,0.31891561,0.31891561,0.31891561,0.31891561,0.31891561,0.31891561,0.31891561,0.31891561,0.31891561,0.31891561,0.31891561,0.31891561,0.31891561,0.31891561,0.31891561,0.31891561,0.31891561,0.31891561,0.31891561,0.31891561,0.31891561,0.31891561,0.31891561,0.31891561,0.3189,0.3189,0.3189,0.3189,0.3189,0.3189,0.3189,0.3189,0.3189,0.3189,0.3189,0.3189,0.3189,0.3189,0.3189,0.3189,0.3189,0.3189,0.3189,0.3189,0.3189,0.3189,0.3189,0.3189,0.3189,0.3189,0.3189,0.3189,0.3189
8,0.43,0.43,0.38,0.38,0.38,0.33,0.38,0.46,0.46,0.46,0.46,0.46,0.46,0.46,0.46,0.46,0.48,0.48,0.46,0.46,0.46,0.46,0.46,0.46,0.46,0.46,0.46368324,0.46368324,0.46368324,0.46368324,0.46368324,0.46368324,0.46368324,0.46368324,0.46368324,0.46368324,0.46368324,0.46368324,0.46368324,0.46368324,0.46368324,0.46368324,0.46368324,0.46368324,0.46368324,0.46368324,0.46368324,0.46368324,0.46368324,0.46368324,0.46368324,0.46368324,0.46368324,0.46368324,0.46368324,0.46368324,0.46368324,0.46368324,0.46368324,0.46368324,0.46368324,0.46368324,0.46368324,0.46368324,0.46368324,0.46368324,0.46368324,0.46368324,0.46368324,0.4637,0.4637,0.4637,0.4637,0.4637,0.4637,0.4637,0.4637,0.4637,0.4637,0.4637,0.4637,0.4637,0.4637,0.4637,0.4637,0.4637,0.4637,0.4637,0.4637,0.4637,0.4637,0.4637,0.4637,0.4637,0.4637,0.4637,0.4637,0.4637
12a,0.73,0.73,0.73,0.73,0.73,0.73,0.73,0.73,0.72,0.73,0.73,0.73,0.73,0.73,0.73,0.73,0.73,0.73,0.73,0.73,0.73,0.73,0.73,0.73,0.71,0.73,0.70955652,0.70955652,0.70955652,0.70955652,0.70955652,0.70955652,0.70955652,0.70955652,0.70955652,0.70955652,0.70955652,0.70955652,0.70955652,0.70955652,0.70955652,0.70955652,0.70955652,0.70955652,0.70955652,0.70955652,0.70955652,0.70955652,0.70955652,0.70955652,0.70955652,0.70955652,0.70955652,0.70955652,0.70955652,0.70955652,0.70955652,0.70955652,0.70955652,0.70955652,0.70955652,0.70955652,0.70955652,0.70955652,0.70955652,0.70955652,0.70955652,0.70955652,0.70955652,0.7096,0.7096,0.7096,0.7096,0.7096,0.7096,0.7096,0.7096,0.7096,0.7096,0.7096,0.7096,0.7096,0.7096,0.7096,0.7096,0.7096,0.7096,0.7096,0.7096,0.7096,0.7096,0.7096,0.7096,0.7096,0.7096,0.7096,0.7096,0.7096
13,0.17,0.17,0.17,0.17,0.17,0.17,0.17,0.17,0.17,0.17,0.17,0.17,0.17,0.16,0.17,0.17,0.17,0.17,0.17,0.17,0.17,0.17,0.17,0.17,0.17,0.17,0.14552799,0.14552799,0.14552799,0.14552799,0.14552799,0.14552799,0.14552799,0.14552799,0.14552799,0.14552799,0.14552799,0.14552799,0.14552799,0.14552799,0.14552799,0.14552799,0.14552799,0.14552799,0.14552799,0.14552799,0.14552799,0.14552799,0.14552799,0.14552799,0.14552799,0.14552799,0.14552799,0.14552799,0.14552799,0.14552799,0.14552799,0.14552799,0.14552799,0.14552799,0.14552799,0.14552799,0.14552799,0.14552799,0.14552799,0.14552799,0.14552799,0.14552799,0.14552799,0.1455,0.1455,0.1455,0.1455,0.1455,0.1455,0.1455,0.1455,0.1455,0.1455,0.1455,0.1455,0.1455,0.1455,0.1455,0.1455,0.1455,0.1455,0.1455,0.1455,0.1455,0.1455,0.1455,0.1455,0.1455,0.1455,0.1455,0.1455,0.1455
13s,0.535,0.535,0.535,0.535,0.535,0.535,0.535,0.535,0.535,0.535,0.535,0.535,0.535,0.535,0.535,0.535,0.535,0.535,0.535,0.535,0.535,0.535,0.535,0.535,0.535,0.535,0.55621728,0.55621728,0.55621728,0.55621728,0.55621728,0.55621728,0.55621728,0.55621728,0.55621728,0.55621728,0.55621728,0.55621728,0.55621728,0.55621728,0.55621728,0.55621728,0.55621728,0.55621728,0.55621728,0.55621728,0.55621728,0.55621728,0.55621728,0.55621728,0.55621728,0.55621728,0.55621728,0.55621728,0.55621728,0.55621728,0.55621728,0.55621728,0.55621728,0.55621728,0.55621728,0.55621728,0.55621728,0.55621728,0.55621728,0.55621728,0.55621728,0.55621728,0.55621728,0.5562,0.5562,0.5562,0.5562,0.5562,0.5562,0.5562,0.5562,0.5562,0.5562,0.5562,0.5562,0.5562,0.5562,0.5562,0.5562,0.5562,0.5562,0.5562,0.5562,0.5562,0.5562,0.5562,0.5562,0.5562,0.5562,0.5562,0.5562,0.5562
14,0.41,0.41,0.41,0.41,0.41,0.41,0.41,0.41,0.41,0.41,0.41,0.41,0.41,0.41,0.41,0.41,0.38,0.38,0.38,0.38,0.38,0.38,0.38,0.38,0.38,0.38,0.40580915,0.40580915,0.40580915,0.40580915,0.40580915,0.40580915,0.40580915,0.40580915,0.40580915,0.40580915,0.40580915,0.40580915,0.40580915,0.40580915,0.40580915,0.40580915,0.40580915,0.40580915,0.40580915,0.40580915,0.40580915,0.40580915,0.40580915,0.40580915,0.40580915,0.40580915,0.40580915,0.40580915,0.40580915,0.40580915,0.40580915,0.40580915,0.40580915,0.40580915,0.40580915,0.40580915,0.40580915,0.40580915,0.40580915,0.40580915,0.40580915,0.40580915,0.40580915,0.4058,0.4058,0.4058,0.4058,0.4058,0.4058,0.4058,0.4058,0.4058,0.4058,0.4058,0.4058,0.4058,0.4058,0.4058,0.4058,0.4058,0.4058,0.4058,0.4058,0.4058,0.4058,0.4058,0.4058,0.4058,0.4058,0.4058,0.4058,0.4058
15,0.3252,0.3252,0.3252,0.3252,0.3252,0.3252,0.3252,0.3252,0.3252,0.3252,,0.3252,0.3252,0.3252,0.3252,0.3252,0.3252,0.3252,0.3252,0.3252,0.3252,0.3252,0.3252,0.3252,0.3252,0.3252,0.31589047,0.31589047,0.31589047,0.31589047,0.31589047,0.31589047,0.31589047,0.31589047,0.31589047,0.31589047,0.31589047,0.31589047,0.31589047,0.31589047,0.31589047,0.31589047,0.31589047,0.31589047,0.31589047,0.31589047,0.31589047,0.31589047,0.31589047,0.31589047,0.31589047,0.31589047,0.31589047,0.31589047,0.31589047,0.31589047,0.31589047,0.31589047,0.31589047,0.31589047,0.31589047,0.31589047,0.31589047,0.31589047,0.31589047,0.31589047,0.33550462,0.33550462,0.33550462,0.3252,0.3252,0.3252,0.3252,0.3252,0.3252,0.3252,0.3252,0.3252,0.3252,0.3252,0.3252,0.3252,0.3252,0.3252,0.3252,0.3252,0.3252,0.3252,0.3252,0.3252,0.3252,0.3252,0.3252,0.3252,0.3252,0.3252,0.3252,0.3252
16,0.387,0.387,0.387,0.387,0.387,0.387,0.387,0.8,0.8,0.81,0.81,0.81,0.81,0.81,0.81,0.8,0.795,0.795,0.795,0.795,0.795,0.795,0.795,0.795,0.795,0.795,0.38696592,0.38696592,0.38696592,0.38696592,0.38696592,0.38696592,0.38696592,0.38696592,0.38696592,0.38696592,0.38696592,0.38696592,0.38696592,0.38696592,0.38696592,0.38696592,0.38696592,0.38696592,0.38696592,0.38696592,0.38696592,0.38696592,0.38696592,0.38696592,0.38696592,0.38696592,0.38696592,0.38696592,0.38696592,0.38696592,0.38696592,0.38696592,0.38696592,0.38696592,0.38696592,0.38696592,0.38696592,0.38696592,0.38696592,0.38696592,0.38696592,0.38696592,0.38696592,0.387,0.387,0.387,0.387,0.387,0.387,0.387,0.387,0.387,0.387,0.387,0.387,0.387,0.387,0.387,0.387,0.387,0.387,0.387,0.387,0.387,0.387,0.387,0.387,0.387,0.387,0.387,0.387,0.387
16s,0.11,0.11,0.11,0.11,0.11,0.11,0.11,0.11,0.11,0.11,0.11,0.11,0.11,0.11,0.11,0.11,0.11,0.11,0.11,0.11,0.11,0.11,0.11,0.11,0.11,0.1209,0.12250244,0.12250244,0.12250244,0.12250244,0.12250244,0.12250244,0.12250244,0.12250244,0.12250244,0.12250244,0.12250244,0.12250244,0.12250244,0.12250244,0.12250244,0.12250244,0.12250244,0.12250244,0.12250244,0.12250244,0.12250244,,0.12250244,0.12250244,0.12250244,0.12250244,0.12250244,0.12250244,0.12250244,0.12250244,0.12250244,0.12250244,0.12250244,0.12250244,0.12250244,0.12250244,0.12250244,0.12250244,0.12250244,0.12250244,0.10288829,0.10288829,0.10288829,0.1209,0.1209,0.1209,0.1209,0.1209,0.1209,0.1209,0.1209,0.1209,0.1209,0.1209,0.1209,0.1209,0.1209,0.1209,0.1209,0.1209,0.1209,0.1209,0.1209,0.1209,0.1209,0.1209,0.1209,0.1209,0.1209,0.1209,0.1209,0.1209
17a,0.475,0.475,0.485,0.485,0.485,0.485,0.485,0.485,0.485,0.475,0.45,0.45,0.465,0.455,0.475,0.485,0.605,0.605,0.605,0.605,0.605,0.605,0.605,0.605,0.605,0.605,0.57219326,0.57219326,0.57219326,0.57219326,0.57219326,0.57219326,0.57219326,0.57219326,0.57219326,0.57219326,0.57219326,0.57219326,0.57219326,0.57219326,0.57219326,0.57219326,0.57219326,0.57219326,0.57219326,0.57219326,0.57219326,0.57219326,0.57219326,0.57219326,0.57219326,0.57219326,0.57219326,0.57219326,0.57219326,0.57219326,0.57219326,0.57219326,0.57219326,0.57219326,0.57219326,0.57219326,0.57219326,0.57219326,0.57219326,0.57219326,0.57219326,0.57219326,0.57219326,0.5722,0.5722,0.5722,0.5722,0.5722,0.5722,0.5722,0.5722,0.5722,0.5722,0.5722,0.5722,0.5722,0.5722,0.5722,0.5722,0.5722,0.5722,0.5722,0.5722,0.5722,0.5722,0.5722,0.5722,0.5722,0.5722,0.5722,0.5722,0.5722
17b,0.12,0.12,0.12,0.12,0.12,0.12,0.12,0.12,0.12,0.12,0.12,0.12,0.12,0.12,0.12,0.12,0.12,0.12,0.12,0.12,0.12,0.12,0.12,0.12,0.12,0.2201,0.22014556,0.22014556,0.22014556,0.22014556,0.22014556,0.22014556,0.22014556,0.22014556,0.22014556,0.22014556,0.22014556,0.22014556,0.22014556,0.22014556,0.22014556,0.22014556,0.22014556,0.22014556,0.22014556,0.22014556,0.22014556,0.22014556,0.22014556,0.22014556,0.22014556,0.22014556,0.22014556,0.22014556,0.22014556,0.22014556,0.22014556,0.22014556,0.22014556,0.22014556,0.22014556,0.22014556,0.22014556,0.22014556,0.22014556,0.22014556,0.22014556,0.22014556,0.22014556,0.2201,0.2201,0.2201,0.2201,0.2201,0.2201,0.2201,0.2201,0.2201,0.2201,0.2201,0.2201,0.2201,0.2201,0.2201,,0.2201,0.2201,0.2201,0.2201,0.2201,0.2201,0.2201,0.2201,0.2201,0.2201,0.2201,0.2201,0.2201
31,0.3837,0.3837,0.3837,0.3837,0.3837,0.3837,0.3837,0.3837,0.3837,0.3837,0.3837,0.3837,0.3837,0.3837,0.3837,0.3837,0.3837,0.3837,0.3837,0.3837,0.3837,0.3837,0.3837,0.3837,0.3837,0.3837,0.39178849,0.39178849,0.39178849,0.39178849,0.39178849,0.39178849,0.39178849,0.39178849,0.39178849,0.39178849,0.39178849,0.39178849,0.39178849,0.39178849,0.39178849,0.39178849,0.39178849,0.39178849,0.39178849,0.39178849,0.39178849,0.39178849,0.39178849,0.39178849,0.39178849,0.39178849,0.39178849,0.39178849,0.39178849,0.39178849,0.39178849,0.39178849,0.39178849,0.39178849,0.39178849,0.39178849,0.39178849,0.39178849,0.39178849,0.39178849,0.39178849,0.39178849,0.39178849,0.3837,0.3837,0.3837,0.3837,0.3837,0.3837,0.3837,0.3837,0.3837,0.3837,0.3837,0.3837,0.3837,0.3837,0.3837,0.3837,0.3837,0.3837,0.3837,0.3837,0.3837,0.3837,0.3837,0.3837,0.3837,0.3837,0.3837,0.3837,0.3837
32,0.365,0.365,0.365,0.365,0.365,0.365,0.365,0.365,0.365,0.365,0.365,0.365,0.365,0.365,0.365,0.365,0.425,0.425,0.34,0.335,0.33,0.35,0.36,0.385,0.35,0.34,0.37302188,0.37302188,0.37302188,0.37302188,0.37302188,0.37302188,0.37302188,0.37302188,0.37302188,0.37302188,0.37302188,0.37302188,0.37302188,0.37302188,0.37302188,0.37302188,0.37302188,0.37302188,0.37302188,0.37302188,0.37302188,0.37302188,0.37302188,0.37302188,0.37302188,0.37302188,0.37302188,0.37302188,0.37302188,0.37302188,0.37302188,0.37302188,0.37302188,0.37302188,0.37302188,0.37302188,0.37302188,0.37302188,0.37302188,0.37302188,0.37302188,0.37302188,0.37302188,0.373,0.373,0.373,0.373,0.373,0.373,0.373,0.373,0.373,0.373,0.373,0.373,0.373,0.373,0.373,0.373,0.373,0.373,0.373,0.373,0.373,0.373,0.373,0.373,0.373,0.373,0.373,0.373,0.373
33,0.305,0.305,0.305,0.305,0.305,0.305,0.305,0.305,0.305,0.305,0.305,0.305,0.305,0.305,0.305,0.305,0.305,0.305,0.345,0.345,0.345,0.345,0.365,0.345,0.345,0.345,0.33959448,0.33959448,0.33959448,0.33959448,0.33959448,0.33959448,0.33959448,0.33959448,0.33959448,0.33959448,0.33959448,0.33959448,0.33959448,0.33959448,0.33959448,0.33959448,0.33959448,0.33959448,0.33959448,0.33959448,0.33959448,0.33959448,0.33959448,0.33959448,0.33959448,0.33959448,0.33959448,0.33959448,0.33959448,0.33959448,0.33959448,0.33959448,0.33959448,0.33959448,0.33959448,0.33959448,0.33959448,0.33959448,0.33959448,0.33959448,0.33959448,0.33959448,0.33959448,0.3396,0.3396,0.3396,0.3396,0.3396,0.3396,0.3396,0.3396,0.3396,0.3396,0.3396,0.3396,0.3396,0.3396,0.3396,0.3396,0.3396,0.3396,0.3396,0.3396,0.3396,0.3396,0.3396,0.3396,0.3396,0.3396,0.3396,0.3396,0.3396
34,0.175,0.175,0.175,0.175,0.175,0.175,0.175,0.175,0.175,0.175,0.175,0.175,0.175,0.175,0.175,0.175,0.215,0.175,0.175,0.175,0.175,0.175,0.175,0.175,0.175,0.175,0.21211802,0.21211802,0.21211802,0.21211802,0.21211802,0.21211802,0.21211802,0.21211802,0.21211802,0.21211802,0.21211802,0.21211802,0.21211802,0.21211802,0.21211802,0.21211802,0.21211802,0.21211802,0.21211802,0.21211802,0.21211802,0.21211802,0.21211802,0.21211802,0.21211802,0.21211802,0.21211802,0.21211802,0.21211802,0.21211802,0.21211802,0.21211802,0.21211802,0.21211802,0.21211802,0.21211802,0.21211802,0.21211802,0.21211802,0.21211802,0.21211802,0.21211802,0.21211802,0.2121,0.2121,0.2121,0.2121,0.2121,0.2121,0.2121,0.2121,0.2121,0.2121,0.2121,0.2121,0.2121,0.2121,0.2121,0.2121,0.2121,0.2121,0.2121,0.2121,0.2121,0.2121,0.2121,0.2121,0.2121,0.2121,0.2121,0.2121,0.2121
35,0.215,0.215,0.215,0.215,0.215,0.215,0.215,0.215,0.215,0.215,0.215,0.215,0.215,0.215,0.215,0.215,0.215,0.215,0.215,0.215,0.215,0.215,0.215,0.215,0.215,0.215,0.19137915,0.19137915,0.19137915,0.19137915,0.19137915,0.19137915,0.19137915,0.19137915,0.19137915,0.19137915,0.19137915,0.19137915,0.19137915,0.19137915,0.19137915,0.19137915,0.19137915,0.19137915,0.19137915,0.19137915,0.19137915,0.19137915,0.19137915,0.19137915,0.19137915,0.19137915,0.19137915,0.19137915,0.19137915,0.19137915,0.19137915,0.19137915,0.19137915,0.19137915,0.19137915,0.19137915,0.19137915,0.19137915,0.19137915,0.19137915,0.19137915,0.19137915,0.19137915,0.1914,0.1914,0.1914,0.1914,0.1914,0.1914,0.1914,0.1914,0.1914,0.1914,0.1914,0.1914,0.1914,0.1914,0.1914,0.1914,0.1914,0.1914,0.1914,0.1914,0.1914,0.1914,0.1914,0.1914,0.1914,0.1914,0.1914,0.1914,0.1914
36,0.505,0.505,0.505,0.505,0.505,0.505,0.505,0.505,0.505,0.505,0.505,0.505,0.505,0.505,0.505,0.505,0.505,0.505,0.505,0.505,0.505,0.505,0.505,0.505,0.505,0.505,0.40029839,0.40029839,0.40029839,0.40029839,0.40029839,0.40029839,0.40029839,0.40029839,0.40029839,0.40029839,0.40029839,0.40029839,0.40029839,0.40029839,0.40029839,0.40029839,0.40029839,0.40029839,0.40029839,0.40029839,0.40029839,0.40029839,0.40029839,0.40029839,0.40029839,0.40029839,0.40029839,0.40029839,0.40029839,0.40029839,0.40029839,0.40029839,0.40029839,0.40029839,0.40029839,0.40029839,0.40029839,0.40029839,0.40029839,0.40029839,0.40029839,0.40029839,0.40029839,0.4003,0.4003,0.4003,0.4003,0.4003,0.4003,0.4003,0.4003,0.4003,0.4003,0.4003,0.4003,0.4003,0.4003,0.4003,0.4003,0.4003,0.4003,0.4003,0.4003,0.4003,0.4003,0.4003,0.4003,0.4003,0.4003,0.4003,0.4003,0.4003
41,0.13,0.13,0.13,0.13,0.13,0.13,0.13,0.13,0.13,0.13,0.13,0.13,0.13,0.13,0.13,0.13,0.13,0.13,0.13,0.13,0.13,0.13,0.13,0.13,0.13,0.13,0.18061456,0.18061456,0.18061456,0.18061456,0.18061456,0.18061456,0.18061456,0.18061456,0.18061456,0.18061456,0.18061456,0.18061456,0.18061456,0.18061456,0.18061456,0.18061456,0.18061456,0.18061456,0.18061456,0.18061456,0.18061456,0.18061456,0.18061456,0.18061456,0.18061456,0.18061456,0.18061456,0.18061456,0.18061456,0.18061456,0.18061456,0.18061456,0.18061456,0.18061456,0.18061456,0.18061456,0.18061456,0.18061456,0.18061456,0.18061456,0.18061456,0.18061456,0.18061456,0.13,0.13,0.13,0.13,0.13,0.13,0.13,0.13,0.13,0.13,0.13,0.13,0.13,0.13,0.13,0.13,0.13,0.13,0.13,0.13,0.13,0.13,0.13,0.13,0.13,0.13,0.13,0.13,0.13
42,0.45,0.45,0.45,0.45,0.45,0.45,0.45,0.45,0.45,0.45,0.45,0.45,0.45,0.45,0.45,0.45,0.45,0.45,0.45,0.45,0.45,0.45,0.45,0.45,0.45,0.45,0.39934582,0.39934582,0.39934582,0.39934582,0.39934582,0.39934582,0.39934582,0.39934582,0.39934582,0.39934582,0.39934582,0.39934582,0.39934582,0.39934582,0.39934582,0.39934582,0.39934582,0.39934582,0.39934582,0.39934582,0.39934582,0.39934582,0.39934582,0.39934582,0.39934582,0.39934582,0.39934582,0.39934582,0.39934582,0.39934582,0.39934582,0.39934582,0.39934582,0.39934582,0.39934582,0.39934582,0.39934582,0.39934582,0.39934582,0.39934582,0.39934582,0.39934582,0.39934582,0.3982,0.3982,0.3982,0.3982,0.3982,0.3982,0.3982,0.3982,0.3982,0.3982,0.3982,0.3982,0.3982,0.3982,0.3982,0.3982,0.3982,0.3982,0.3982,0.3982,0.3982,0.3982,0.3982,0.3982,0.3982,0.3982,0.3982,0.3982,0.3982
43,0.37,0.37,0.37,0.37,0.37,0.37,0.37,0.37,0.37,0.37,0.37,0.37,0.37,0.37,0.37,0.37,0.37,0.37,0.37,0.37,0.37,0.37,0.37,0.37,0.37,0.37,0.3232999,0.3232999,0.3232999,0.3232999,0.3232999,0.3232999,0.3232999,0.3232999,0.3232999,0.3232999,0.3232999,0.3232999,0.3232999,0.3232999,0.3232999,0.3232999,0.3232999,0.3232999,0.3232999,0.3232999,0.3232999,0.3232999,0.3232999,0.3232999,0.3232999,0.3232999,0.3232999,0.3232999,0.3232999,0.3232999,0.3232999,0.3232999,0.3232999,0.3232999,0.3232999,0.3232999,0.3232999,0.3232999,0.3232999,0.3232999,0.3232999,0.3232999,0.3232999,0.3233,0.3233,0.3233,0.3233,0.3233,0.3233,0.3233,0.3233,0.3233,0.3233,0.3233,0.3233,0.3233,0.3233,0.3233,0.3233,0.3233,0.3233,0.3233,0.3233,0.3233,0.3233,0.3233,0.3233,0.3233,0.3233,0.3233,0.3233,0.3233
45,0.395,0.395,0.395,0.395,0.395,0.395,0.395,0.395,0.395,0.395,0.395,0.395,0.395,0.395,0.395,0.395,0.395,0.395,0.395,,0.395,0.395,0.395,0.395,0.395,0.395,0.39893068,0.39893068,0.39893068,0.39893068,0.39893068,0.39893068,0.39893068,0.39893068,0.39893068,0.39893068,0.39893068,0.39893068,0.39893068,0.39893068,0.39893068,0.39893068,0.39893068,0.39893068,0.39893068,0.39893068,0.39893068,0.39893068,0.39893068,0.39893068,0.39893068,0.39893068,0.39893068,0.39893068,0.39893068,0.39893068,0.39893068,0.39893068,0.39893068,0.39893068,0.39893068,0.39893068,0.39893068,0.39893068,0.39893068,0.39893068,0.39893068,0.39893068,0.39893068,0.3937,0.3937,0.3937,0.3937,0.3937,0.3937,0.3937,0.3937,0.3937,0.3937,0.3937,0.3937,0.3937,0.3937,0.3937,0.3937,0.3937,0.3937,0.3937,0.3937,0.3937,0.3937,0.3937,0.3937,0.3937,0.3937,0.3937,0.3937,0.3937
46,0.29,0.29,0.29,0.29,0.29,0.29,0.29,0.29,0.29,0.29,0.29,0.29,0.29,0.29,0.29,0.29,0.3,0.29,0.29,0.29,0.29,0.29,0.29,0.29,0.28,0.29,0.29083889,0.29083889,0.29083889,0.29083889,0.29083889,0.29083889,0.29083889,0.29083889,0.29083889,0.29083889,0.29083889,0.29083889,0.29083889,0.29083889,0.29083889,0.29083889,0.29083889,0.29083889,0.29083889,0.29083889,0.29083889,0.29083889,0.29083889,0.29083889,0.29083889,0.29083889,0.29083889,0.29083889,0.29083889,0.29083889,0.29083889,0.29083889,0.29083889,0.29083889,0.29083889,0.29083889,0.29083889,0.29083889,0.29083889,0.29083889,0.29083889,0.29083889,0.29083889,0.2908,0.2908,0.2908,0.2908,0.2908,0.2908,0.2908,0.2908,0.2908,0.2908,0.2908,0.2908,0.2908,0.2908,0.2908,0.2908,0.2908,0.2908,0.2908,0.2908,0.2908,0.2908,0.2908,0.2908,0.2908,0.2908,0.2908,0.2908,0.2908
51,0.395,0.395,0.395,0.395,0.395,0.395,0.395,0.395,0.395,0.395,0.395,0.395,0.395,0.395,0.395,0.395,0.395,0.395,0.395,0.395,0.395,0.395,0.395,0.395,0.395,0.395,0.40503516,0.40503516,0.40503516,0.40503516,0.40503516,0.40503516,0.40503516,0.40503516,0.40503516,0.40503516,0.40503516,0.40503516,0.40503516,0.40503516,0.40503516,0.40503516,0.40503516,0.40503516,0.40503516,0.40503516,0.40503516,0.40503516,0.40503516,0.40503516,0.40503516,0.40503516,0.40503516,0.40503516,0.40503516,0.40503516,,0.40503516,0.40503516,0.40503516,0.40503516,0.40503516,0.40503516,0.40503516,0.40503516,0.40503516,0.40503516,0.40503516,0.40503516,0.405,0.405,0.405,0.405,0.405,0.405,0.405,0.405,0.405,0.405,0.405,0.405,0.405,0.405,0.405,0.405,0.405,0.405,0.405,0.405,0.405,0.405,0.405,0.405,0.405,0.405,0.405,0.405,0.405
52,0.3,0.3,0.3,0.3,0.3,0.3,0.3,0.3,0.3,0.3,0.3,0.3,0.3,0.3,0.3,0.3,0.3,0.3,0.3,0.3,0.3,0.3,0.3,0.305,0.305,0.305,0.28390529,0.28390529,0.28390529,0.28390529,0.28390529,0.28390529,0.28390529,0.28390529,0.28390529,0.28390529,0.28390529,0.28390529,0.28390529,0.28390529,0.28390529,0.28390529,0.28390529,0.28390529,0.28390529,0.28390529,0.28390529,0.28390529,0.28390529,0.28390529,0.28390529,0.28390529,0.28390529,0.28390529,0.28390529,0.28390529,0.28390529,0.28390529,0.28390529,0.28390529,0.28390529,0.28390529,0.28390529,0.28390529,0.28390529,0.28390529,0.28390529,0.28390529,0.28390529,0.2809,0.2809,0.2809,0.2809,0.2809,0.2809,0.2809,0.2809,0.2809,0.2809,0.2809,0.2809,0.2809,0.2809,0.2809,0.2809,0.2809,0.2809,0.2809,0.2809,0.2809,0.2809,0.2809,0.2809,0.2809,0.2809,0.2809,0.2809,0.2809
53,0.35,0.35,0.35,0.35,0.35,0.35,0.35,0.35,0.35,0.35,0.35,0.35,0.35,0.35,0.35,0.35,0.35,0.35,0.35,0.35,0.35,0.35,0.35,0.35,0.35,0.35,0.44751061,0.44751061,0.44751061,0.44751061,0.44751061,0.44751061,0.44751061,0.44751061,0.44751061,0.44751061,0.44751061,0.44751061,0.44751061,0.44751061,0.44751061,0.44751061,0.44751061,0.44751061,0.44751061,0.44751061,0.44751061,0.44751061,0.44751061,0.44751061,0.44751061,0.44751061,0.44751061,0.44751061,0.44751061,0.44751061,0.44751061,0.44751061,0.44751061,0.44751061,0.44751061,0.44751061,0.44751061,0.44751061,0.44751061,0.44751061,0.44751061,0.44751061,0.44751061,0.4411,0.4411,0.4411,0.4411,0.4411,0.4411,0.4411,0.4411,0.4411,0.4411,0.4411,0.4411,0.4411,0.4411,0.4411,0.4411,0.4411,0.4411,0.4411,0.4411,0.4411,0.4411,0.4411,0.4411,,0.4411,0.4411,0.4411,0.4411
54a,0.2365,0.2365,0.2365,0.2365,0.2365,0.2365,0.2365,0.2365,0.2365,0.2365,0.2365,0.2365,0.2365,0.2365,0.2365,0.2365,0.2365,0.2365,0.2365,0.2365,0.2365,0.2365,0.2365,0.2365,0.2365,0.2365,0.23652066,0.23652066,0.23652066,0.23652066,0.23652066,0.23652066,0.23652066,0.23652066,0.23652066,0.23652066,0.23652066,0.23652066,0.23652066,0.23652066,0.23652066,0.23652066,0.23652066,0.23652066,0.23652066,0.23652066,0.23652066,0.23652066,0.23652066,0.23652066,0.23652066,0.23652066,0.23652066,0.23652066,0.23652066,0.23652066,0.23652066,0.23652066,0.23652066,0.23652066,0.23652066,0.23652066,0.23652066,0.23652066,0.23652066,0.23652066,0.23652066,0.23652066,0.23652066,0.2365,0.2365,0.2365,0.2365,0.2365,0.2365,0.2365,0.2365,0.2365,0.2365,0.2365,0.2365,0.2365,0.2365,0.2365,0.2365,0.2365,0.2365,0.2365,0.2365,0.2365,0.2365,0.2365,0.2365,0.2365,0.2365,0.2365,0.2365,0.2365
54b,0.0663,0.0663,0.0663,0.0663,0.0663,0.0663,0.0663,0.0663,0.0663,0.0663,0.0663,0.0663,0.0663,0.0663,0.0663,0.0663,0.0663,0.0663,0.0663,0.0663,0.0663,0.0663,0.0663,0.0663,0.0663,0.0663,0.06658184,0.06658184,0.06658184,0.06658184,0.06658184,0.06658184,0.06658184,0.06658184,0.06658184,0.06658184,0.06658184,0.06658184,0.06658184,0.06658184,0.06658184,0.06658184,0.06658184,0.06658184,0.06658184,0.06658184,0.06658184,0.06658184,0.06658184,0.06658184,0.06658184,0.06658184,0.06658184,0.06658184,0.06658184,0.06658184,0.06658184,0.06658184,0.06658184,0.06658184,0.06658184,0.06658184,0.06658184,0.06658184,0.06658184,0.06658184,0.06658184,0.06658184,0.06658184,0.0663,0.0663,0.0663,0.0663,0.0663,0.0663,0.0663,0.0663,0.0663,0.0663,0.0663,0.0663,0.0663,0.0663,0.0663,0.0663,0.0663,0.0663,0.0663,0.0663,0.0663,0.0663,0.0663,0.0663,0.0663,0.0663,0.0663,0.0663,0.0663
55,0.49,0.49,0.49,0.49,0.49,0.49,0.49,0.49,0.49,0.49,0.49,0.49,0.49,0.49,0.49,0.49,0.49,0.49,0.49,0.49,0.49,0.49,0.49,0.49,0.49,0.49,0.46230733,0.46230733,0.46230733,0.46230733,0.46230733,0.46230733,0.46230733,0.46230733,0.46230733,0.46230733,0.46230733,0.46230733,0.46230733,0.46230733,0.46230733,0.46230733,0.46230733,0.46230733,0.46230733,0.46230733,0.46230733,0.46230733,0.46230733,0.46230733,0.46230733,0.46230733,0.46230733,0.46230733,0.46230733,0.46230733,0.46230733,0.46230733,0.46230733,0.46230733,0.46230733,0.46230733,0.46230733,0.46230733,0.46230733,0.46230733,0.46230733,0.46230733,0.46230733,0.4599,0.4599,0.4599,0.4599,0.4599,0.4599,0.4599,0.4599,0.4599,0.4599,0.4599,0.4599,0.4599,0.4599,0.4599,0.4599,0.4599,0.4599,0.4599,0.4599,0.4599,0.4599,0.4599,0.4599,0.4599,0.4599,0.4599,0.4599,0.4599
61,0.23,0.23,0.23,0.23,0.23,0.23,0.23,0.23,0.23,0.23,0.23,0.23,0.23,0.23,0.23,0.23,0.21,0.23,0.23,0.23,0.23,0.22,0.24,0.23,0.23,0.23,0.19528551,0.19528551,0.19528551,0.19528551,0.19528551,0.19528551,0.19528551,0.19528551,0.19528551,0.19528551,0.19528551,0.19528551,0.19528551,0.19528551,0.19528551,0.19528551,0.19528551,0.19528551,0.19528551,0.19528551,0.19528551,0.19528551,0.19528551,0.19528551,0.19528551,0.19528551,0.19528551,0.19528551,0.19528551,0.19528551,0.19528551,0.19528551,0.19528551,0.19528551,0.19528551,0.19528551,0.19528551,0.19528551,0.19528551,0.19528551,0.19528551,0.19528551,0.19528551,0.1951,0.1951,0.1951,0.1951,0.1951,0.1951,0.1951,0.1951,0.1951,0.1951,0.1951,0.1951,0.1951,0.1951,0.1951,0.1951,0.1951,0.1951,0.1951,0.1951,0.1951,0.1951,0.1951,0.1951,0.1951,0.1951,0.1951,0.1951,0.1951
62,0.195,0.195,0.195,0.195,0.195,0.195,0.195,0.195,0.195,0.195,0.195,0.195,0.195,0.195,0.195,0.195,0.215,0.195,0.195,0.195,0.195,0.195,0.195,0.195,0.195,0.195,0.2051323,0.2051323,0.2051323,0.2051323,0.2051323,0.2051323,0.2051323,0.2051323,0.2051323,0.2051323,0.2051323,0.2051323,0.2051323,0.2051323,0.2051323,0.2051323,0.2051323,0.2051323,0.2051323,0.2051323,0.2051323,0.2051323,0.2051323,0.2051323,0.2051323,0.2051323,0.2051323,0.2051323,0.2051323,0.2051323,0.2051323,0.2051323,0.2051323,0.2051323,0.2051323,0.2051323,0.2051323,0.2051323,0.2051323,0.2051323,0.2051323,0.2051323,0.2051323,0.2051,0.2051,0.2051,0.2051,0.2051,0.2051,0.2051,0.2051,0.2051,0.2051,0.2051,0.2051,0.2051,0.2051,0.2051,0.2051,0.2051,0.2051,0.2051,0.2051,0.2051,0.2051,0.2051,0.2051,0.2051,0.2051,0.2051,0.2051,0.2051
63,0.345,0.345,0.345,0.345,0.345,0.345,0.345,0.345,0.345,0.345,0.345,0.345,0.345,0.345,0.345,0.345,0.355,0.345,0.345,0.345,0.345,0.345,0.345,0.345,0.345,0.345,0.33888858,0.33888858,0.33888858,0.33888858,0.33888858,0.33888858,0.33888858,0.33888858,0.33888858,0.33888858,0.33888858,0.33888858,0.33888858,0.33888858,0.33888858,0.33888858,0.33888858,0.33888858,0.33888858,0.33888858,0.33888858,0.33888858,0.33888858,0.33888858,0.33888858,0.33888858,0.33888858,0.33888858,0.33888858,0.33888858,0.33888858,0.33888858,0.33888858,0.33888858,0.33888858,0.33888858,0.33888858,0.33888858,0.33888858,0.33888858,0.33888858,0.33888858,0.33888858,0.3389,0.3389,0.3389,0.3389,0.3389,0.3389,0.3389,0.3389,0.3389,0.3389,0.3389,0.3389,0.3389,0.3389,0.3389,0.3389,0.3389,0.3389,0.3389,0.3389,0.3389,0.3389,0.3389,0.3389,0.3389,0.3389,0.3389,0.3389,0.3389
64,0.315,0.315,0.315,0.315,0.315,0.315,0.315,0.315,0.315,0.315,0.315,0.315,0.315,0.315,0.315,0.315,0.295,0.315,0.315,0.315,0.315,0.315,0.315,0.315,0.315,0.305,0.30833684,0.30833684,0.30833684,0.30833684,0.30833684,0.30833684,0.30833684,0.30833684,0.30833684,0.30833684,0.30833684,0.30833684,0.30833684,0.30833684,0.30833684,0.30833684,0.30833684,0.30833684,0.30833684,0.30833684,0.30833684,0.30833684,0.30833684,0.30833684,0.30833684,0.30833684,0.30833684,0.30833684,0.30833684,0.30833684,0.30833684,0.30833684,0.30833684,0.30833684,0.30833684,0.30833684,0.30833684,0.30833684,0.30833684,0.30833684,0.30833684,0.30833684,0.30833684,0.3083,0.3083,0.3083,0.3083,0.3083,0.3083,0.3083,0.3083,0.3083,0.3083,0.3083,0.3083,0.3083,0.3083,0.3083,0.3083,0.3083,0.3083,0.3083,0.3083,0.3083,0.3083,0.3083,0.3083,0.3083,0.3083,0.3083,0.3083,0.3083
65,0.325,0.325,0.325,0.325,0.325,0.325,0.325,0.325,0.325,0.325,0.325,0.325,0.325,0.325,0.325,0.325,0.325,0.325,0.325,0.325,0.325,0.325,0.325,0.325,0.325,0.325,0.30803665,0.30803665,0.30803665,0.30803665,0.30803665,0.30803665,0.30803665,0.30803665,0.30803665,0.30803665,0.30803665,0.30803665,0.30803665,0.30803665,0.30803665,0.30803665,0.30803665,0.30803665,0.30803665,0.30803665,0.30803665,0.30803665,0.30803665,0.30803665,0.30803665,0.30803665,0.30803665,0.30803665,0.30803665,0.30803665,0.30803665,0.30803665,0.30803665,0.30803665,0.30803665,0.30803665,0.30803665,0.30803665,0.30803665,0.30803665,0.30803665,0.30803665,0.30803665,0.308,0.308,0.308,0.308,0.308,0.308,0.308,0.308,0.308,0.308,0.308,0.308,0.308,0.308,0.308,0.308,0.308,0.308,0.308,0.308,0.308,0.308,0.308,0.308,0.308,0.308,0.308,0.308,0.308
66,0.5769,0.5769,0.5769,0.5769,0.5769,0.5769,0.5769,0.5769,0.5769,0.5769,0.5769,0.5769,0.5769,0.5769,0.5769,0.5769,0.5769,0.5769,0.5769,0.5769,0.5769,0.5769,0.5769,0.5769,0.5769,0.5769,0.57690923,0.57690923,0.57690923,0.57690923,0.57690923,0.57690923,0.57690923,0.57690923,0.57690923,0.57690923,0.57690923,0.57690923,0.57690923,0.57690923,0.57690923,0.57690923,0.57690923,0.57690923,0.57690923,0.57690923,0.57690923,0.57690923,0.57690923,0.57690923,0.57690923,0.57690923,0.57690923,0.57690923,0.57690923,0.57690923,0.57690923,0.57690923,0.57690923,0.57690923,0.57690923,0.57690923,0.57690923,0.57690923,0.57690923,0.57690923,0.57690923,0.57690923,0.57690923,0.5769,0.5769,0.5769,0.5769,0.5769,0.5769,0.5769,0.5769,0.5769,0.5769,0.5769,0.5769,0.5769,0.5769,0.5769,0.5769,0.5769,0.5769,0.5769,0.5769,0.5769,0.5769,0.5769,0.5769,0.5769,0.5769,0.5769,0.5769,0.5769
71,0.53,0.53,0.53,0.53,0.53,0.53,0.53,0.53,0.53,0.53,0.53,0.53,0.53,0.53,0.53,0.53,0.495,0.495,0.495,0.495,0.495,0.495,0.495,0.495,0.495,0.495,0.48463054,0.48463054,,0.48463054,0.48463054,0.48463054,0.48463054,0.48463054,0.48463054,0.48463054,0.48463054,0.48463054,0.48463054,0.48463054,0.48463054,0.48463054,0.48463054,0.48463054,0.48463054,0.48463054,0.48463054,0.48463054,0.48463054,0.48463054,0.48463054,0.48463054,0.48463054,0.48463054,0.48463054,0.48463054,0.48463054,0.48463054,0.48463054,0.48463054,0.48463054,0.48463054,0.48463054,0.48463054,0.48463054,0.48463054,0.48463054,0.48463054,0.48463054,0.4846,0.4846,0.4846,0.4846,0.4846,0.4846,0.4846,0.4846,0.4846,0.4846,0.4846,0.4846,0.4846,0.4846,0.4846,0.4846,0.4846,0.4846,0.4846,0.4846,0.4846,0.4846,0.4846,0.4846,0.4846,0.4846,0.4846,0.4846,0.4846
72,0.065,0.065,0.065,0.065,0.065,0.065,0.065,0.065,0.065,0.065,0.065,0.065,0.065,0.065,0.065,0.065,0.75,0.75,0.75,0.75,0.75,0.75,0.75,0.75,0.75,0.75,0.08998431,0.08998431,0.08998431,0.08998431,0.08998431,0.08998431,0.08998431,0.08998431,0.08998431,0.08998431,0.08998431,0.08998431,0.08998431,0.08998431,0.08998431,0.08998431,0.08998431,0.08998431,0.08998431,0.08998431,0.08998431,0.08998431,0.08998431,0.08998431,0.08998431,0.08998431,0.08998431,0.08998431,0.08998431,0.08998431,0.08998431,0.08998431,0.08998431,0.08998431,0.08998431,0.08998431,0.08998431,0.08998431,0.08998431,0.08998431,0.08998431,0.08998431,0.08998431,0.0765,0.0765,0.0765,0.0765,0.0765,0.0765,0.0765,0.0765,0.0765,0.0765,0.0765,0.0765,0.0765,0.0765,0.0765,0.0765,0.0765,0.0765,0.0765,0.0765,0.0765,0.0765,0.0765,0.0765,0.0765,0.0765,0.0765,0.0765,0.0765
73,0.48,0.48,0.48,0.48,0.48,0.48,0.48,0.48,0.48,0.48,0.48,0.48,0.48,0.48,0.48,0.48,0.505,0.505,0.505,0.505,0.505,0.505,0.505,0.505,0.505,0.505,0.47182172,0.47182172,0.47182172,0.47182172,0.47182172,0.47182172,0.47182172,0.47182172,0.47182172,0.47182172,0.47182172,0.47182172,0.47182172,0.47182172,0.47182172,0.47182172,0.47182172,0.47182172,0.47182172,0.47182172,0.47182172,0.47182172,0.47182172,0.47182172,0.47182172,0.47182172,0.47182172,0.47182172,0.47182172,0.47182172,0.47182172,0.47182172,0.47182172,0.47182172,0.47182172,0.47182172,0.47182172,0.47182172,0.47182172,,0.47182172,0.47182172,0.47182172,0.4718,0.4718,0.4718,0.4718,0.4718,0.4718,0.4718,0.4718,0.4718,0.4718,0.4718,0.4718,0.4718,0.4718,0.4718,0.4718,0.4718,0.4718,0.4718,0.4718,0.4718,0.4718,0.4718,0.4718,0.4718,0.4718,0.4718,0.4718,0.4718
74,0.125,0.125,0.125,0.125,0.125,0.125,0.125,0.125,0.125,0.125,0.125,0.125,0.125,0.125,0.125,0.125,0.105,0.105,0.105,0.105,0.105,0.105,0.105,0.105,0.105,0.105,0.12519234,0.12519234,0.12519234,0.12519234,0.12519234,0.12519234,0.12519234,0.12519234,0.12519234,0.12519234,0.12519234,0.12519234,0.12519234,0.12519234,0.12519234,0.12519234,0.12519234,0.12519234,0.12519234,0.12519234,0.12519234,0.12519234,0.12519234,0.12519234,0.12519234,0.12519234,0.12519234,0.12519234,0.12519234,0.12519234,0.12519234,0.12519234,0.12519234,0.12519234,0.12519234,0.12519234,0.12519234,0.12519234,0.12519234,0.12519234,0.12519234,0.12519234,0.12519234,0.1252,0.1252,0.1252,0.1252,0.1252,0.1252,0.1252,0.1252,0.1252,0.1252,0.1252,0.1252,0.1252,0.1252,0.1252,0.1252,0.1252,0.1252,0.1252,0.1252,0.1252,0.1252,0.1252,0.1252,0.1252,0.1252,0.1252,0.1252,0.1252
75,0.47,0.47,0.47,0.47,0.47,0.47,0.47,0.47,0.47,0.47,0.47,0.47,0.47,0.47,0.47,0.47,0.47,0.47,0.47,0.47,0.47,0.47,0.47,0.47,0.47,0.47,0.48348721,0.48348721,0.48348721,0.48348721,0.48348721,0.48348721,0.48348721,0.48348721,0.48348721,0.48348721,0.48348721,0.48348721,0.48348721,0.48348721,0.48348721,0.48348721,0.48348721,0.48348721,0.48348721,0.48348721,0.48348721,0.48348721,0.48348721,0.48348721,0.48348721,0.48348721,0.48348721,0.48348721,0.48348721,0.48348721,0.48348721,0.48348721,0.48348721,0.48348721,0.48348721,0.48348721,0.48348721,0.48348721,0.48348721,0.48348721,0.48348721,0.48348721,0.48348721,0.4835,0.4835,0.4835,0.4835,0.4835,0.4835,0.4835,0.4835,0.4835,0.4835,0.4835,0.4835,0.4835,0.4835,0.4835,0.4835,0.4835,0.4835,0.4835,0.4835,0.4835,0.4835,0.4835,0.4835,0.4835,0.4835,0.4835,0.4835,0.4835
75a,0.0638,0.0638,0.0638,0.0638,0.0638,0.0638,0.0638,0.0638,0.0638,0.0638,0.0638,0.0638,0.0638,0.0638,0.0638,0.0638,0.0638,0.0638,0.0638,0.0638,0.0638,0.0638,0.0638,0.0638,0.0638,0.0638,0.06448681,0.06448681,0.06448681,0.06448681,0.06448681,0.06448681,0.06448681,0.06448681,0.06448681,0.06448681,0.06448681,0.06448681,0.06448681,0.06448681,0.06448681,0.06448681,0.06448681,0.06448681,0.06448681,0.06448681,0.06448681,0.06448681,0.06448681,0.06448681,0.06448681,0.06448681,0.06448681,0.06448681,0.06448681,0.06448681,0.06448681,0.06448681,0.06448681,0.06448681,0.06448681,0.06448681,0.06448681,0.06448681,0.06448681,0.06448681,0.06448681,0.06448681,0.06448681,0.0638,0.0638,0.0638,0.0638,0.0638,0.0638,0.0638,0.0638,0.0638,0.0638,0.0638,0.0638,0.0638,0.0638,0.0638,0.0638,0.0638,0.0638,0.0638,0.0638,0.0638,0.0638,0.0638,0.0638,0.0638,0.0638,0.0638,0.0638,0.0638
77,0.32,0.32,0.32,0.32,0.32,0.32,0.32,0.32,0.32,0.32,0.32,0.32,0.32,0.32,0.32,0.32,0.34,0.32,0.32,0.32,0.32,0.32,0.32,0.32,0.32,0.32,0.33433729,0.33433729,0.33433729,0.33433729,0.33433729,0.33433729,0.33433729,0.33433729,0.33433729,0.33433729,0.33433729,0.33433729,0.33433729,0.33433729,0.33433729,0.33433729,0.33433729,0.33433729,0.33433729,0.33433729,0.33433729,0.33433729,0.33433729,0.33433729,0.33433729,0.33433729,0.33433729,0.33433729,0.33433729,0.33433729,0.33433729,0.33433729,0.33433729,0.33433729,0.33433729,0.33433729,0.33433729,0.33433729,0.33433729,0.33433729,0.33433729,0.33433729,0.33433729,0.3343,0.3343,0.3343,0.3343,0.3343,0.3343,0.3343,0.3343,0.3343,0.3343,0.3343,0.3343,0.3343,0.3343,0.3343,0.3343,0.3343,0.3343,0.3343,0.3343,0.3343,0.3343,0.3343,0.3343,0.3343,0.3343,0.3343,0.3343,0.3343
83,0.49,0.49,0.49,0.49,0.49,0.49,0.49,0.49,0.49,0.49,0.49,0.49,0.49,0.49,0.49,0.49,0.49,0.49,0.49,0.49,0.49,0.49,0.49,0.49,0.49,0.49,0.46461197,0.46461197,0.46461197,0.46461197,0.46461197,0.46461197,0.46461197,0.46461197,0.46461197,0.46461197,0.46461197,0.46461197,0.46461197,0.46461197,0.46461197,0.46461197,0.46461197,0.46461197,0.46461197,0.46461197,0.46461197,0.46461197,0.46461197,0.46461197,0.46461197,0.46461197,0.46461197,0.46461197,0.46461197,0.46461197,0.46461197,0.46461197,0.46461197,0.46461197,0.46461197,0.46461197,0.46461197,0.46461197,0.46461197,0.46461197,0.46461197,0.46461197,0.46461197,0.44,0.44,0.44,0.44,0.44,0.44,0.44,0.44,0.44,0.44,0.44,0.44,0.44,0.44,0.44,0.44,0.44,0.44,0.44,0.44,0.44,0.44,0.44,0.44,0.44,0.44,0.44,0.44,0.44
84,0.2192,0.2192,0.2192,0.2192,0.2192,0.2192,0.2192,0.2192,0.2192,0.2192,0.2192,0.2192,0.2192,0.2192,0.2192,0.2192,0.2192,0.2192,0.2192,0.2192,0.2192,0.2192,0.2192,0.2192,0.2192,0.2192,0.21915317,0.21915317,0.21915317,0.21915317,0.21915317,0.21915317,0.21915317,0.21915317,0.21915317,0.21915317,0.21915317,0.21915317,0.21915317,0.21915317,0.21915317,0.21915317,0.21915317,0.21915317,0.21915317,0.21915317,0.21915317,0.21915317,0.21915317,0.21915317,0.21915317,0.21915317,0.21915317,0.21915317,0.21915317,0.21915317,0.21915317,0.21915317,0.21915317,0.21915317,0.21915317,0.21915317,0.21915317,0.21915317,0.21915317,0.21915317,0.21915317,0.21915317,0.21915317,0.2192,0.2192,0.2192,0.2192,0.2192,0.2192,0.2192,0.2192,0.2192,0.2192,0.2192,0.2192,0.2192,0.2192,0.2192,0.2192,0.2192,0.2192,0.2192,0.2192,0.2192,0.2192,0.2192,0.2192,0.2192,0.2192,0.2192,0.2192,0.2192
85,0.3732,0.3732,0.3732,0.3732,0.3732,0.3732,0.3732,0.3732,0.3732,0.3732,0.3732,0.3732,0.3732,0.3732,0.3732,0.3732,0.3732,0.3732,0.3732,0.3732,0.3732,0.3732,0.3732,0.3732,0.3732,0.3732,0.37324048,0.37324048,0.37324048,0.37324048,0.37324048,0.37324048,0.37324048,0.37324048,0.37324048,0.37324048,0.37324048,0.37324048,0.37324048,0.37324048,0.37324048,0.37324048,0.37324048,0.37324048,0.37324048,0.37324048,0.37324048,0.37324048,0.37324048,0.37324048,0.37324048,0.37324048,0.37324048,0.37324048,0.37324048,0.37324048,0.37324048,0.37324048,0.37324048,0.37324048,0.37324048,0.37324048,0.37324048,0.37324048,0.37324048,0.37324048,0.37324048,0.37324048,0.37324048,0.3732,0.3732,0.3732,0.3732,0.3732,0.3732,0.3732,0.3732,0.3732,0.3732,0.3732,0.3732,0.3732,0.3732,0.3732,0.3732,0.3732,0.3732,0.3732,0.3732,0.3732,0.3732,0.3732,0.3732,0.3732,0.3732,0.3732,0.3732,0.3732
85s,,,,,,,,,,,,,,,,,,,,,,,,,,,,,,,,,,,,,,,,,,,,,,,,,,,,,,,,,0.42977867,,,,,,,,,,,0.42977867,0.42977867,,,,,,,,,,,,,,,,,,,,,,,,,,,,,
91,0.4007,0.4007,0.4007,0.4007,0.4007,0.4007,0.4007,0.4007,0.4007,0.4007,0.4007,0.4007,0.4007,0.4007,0.4007,0.4007,0.4007,0.4007,0.4007,0.4007,0.4007,0.4007,0.4007,0.4007,0.4007,0.4007,0.40069449,0.40069449,0.40069449,0.40069449,0.40069449,0.40069449,0.40069449,0.40069449,0.40069449,0.40069449,0.40069449,0.40069449,0.40069449,0.40069449,0.40069449,0.40069449,0.40069449,0.40069449,0.40069449,0.40069449,0.40069449,0.40069449,0.40069449,0.40069449,0.40069449,0.40069449,0.40069449,0.40069449,0.40069449,0.40069449,0.40069449,0.40069449,0.40069449,0.40069449,0.40069449,0.40069449,0.40069449,0.40069449,0.40069449,0.40069449,0.40069449,0.40069449,0.40069449,0.4007,0.4007,0.4007,0.4007,0.4007,0.4007,0.4007,0.4007,0.4007,0.4007,0.4007,0.4007,0.4007,0.4007,0.4007,0.4007,0.4007,0.4007,0.4007,0.4007,0.4007,0.4007,0.4007,0.4007,0.4007,0.4007,0.4007,0.4007,0.4007
105,0.1558,0.1558,0.1558,0.1558,0.1558,0.1558,0.1558,0.1558,0.1558,0.1558,0.1558,0.1558,0.1558,0.1558,0.1558,0.1558,0.1558,0.1558,0.1558,0.1558,0.1558,0.1558,0.1558,0.1558,0.1558,0.1558,0.15579624,0.15579624,0.15579624,0.15579624,0.15579624,0.15579624,0.15579624,0.15579624,0.15579624,0.15579624,0.15579624,0.15579624,0.15579624,0.15579624,0.15579624,0.15579624,0.15579624,0.15579624,0.15579624,0.15579624,0.15579624,0.15579624,0.15579624,0.15579624,0.15579624,0.15579624,0.15579624,0.15579624,0.15579624,0.15579624,0.15579624,0.15579624,0.15579624,0.15579624,0.15579624,0.15579624,0.15579624,0.15579624,0.15579624,0.15579624,0.15579624,0.15579624,0.15579624,0.1558,0.1558,0.1558,0.1558,0.1558,0.1558,0.1558,0.1558,0.1558,0.1558,0.1558,0.1558,0.1558,0.1558,0.1558,0.1558,0.1558,0.1558,0.1558,0.1558,0.1558,0.1558,0.1558,0.1558,0.1558,0.1558,0.1558,0.1558,0.1558
10-12-76,0.38,0.38,0.42,0.42,0.42,0.42,0.42,0.22,0.26,0.41,0.4,0.4,0.41,0.41,0.41,0.43,0.445,0.445,0.43,0.43,0.43,0.43,0.43,0.43,0.43,0.43,0.62196178,0.62196178,0.62196178,0.62196178,0.62196178,0.62196178,0.62196178,0.62196178,0.62196178,0.62196178,0.62196178,0.62196178,0.62196178,0.62196178,0.62196178,0.62196178,0.62196178,0.62196178,0.62196178,0.62196178,0.62196178,0.62196178,0.62196178,0.62196178,0.62196178,0.62196178,0.62196178,0.62196178,0.62196178,0.62196178,0.62196178,0.62196178,0.62196178,0.62196178,0.62196178,0.62196178,0.62196178,0.62196178,0.62196178,0.62196178,0.62196178,0.62196178,0.62196178,0.622,0.622,0.622,0.622,0.622,0.622,0.622,0.622,0.622,0.622,0.622,0.622,0.622,0.622,0.622,0.622,0.622,0.622,0.622,0.622,0.622,0.622,0.622,0.622,0.622,0.622,0.622,0.622,0.622
4-5,0.2,0.2,0.2,0.2,0.2,0.2,0.2,0.2,0.22,0.22,0.2,0.19,0.2,0.21,0.21,0.21,0.28,0.28,0.28,0.28,0.28,0.28,0.28,0.28,0.28,0.28,0.2709021,0.2709021,0.2709021,0.2709021,0.2709021,0.2709021,0.2709021,0.2709021,0.2709021,0.2709021,0.2709021,0.2709021,0.2709021,0.2709021,0.2709021,0.2709021,0.2709021,0.2709021,0.2709021,0.2709021,0.2709021,0.2709021,0.2709021,0.2709021,0.2709021,0.2709021,0.2709021,0.2709021,0.2709021,0.2709021,0.2709021,0.2709021,0.2709021,0.2709021,0.2709021,0.2709021,0.2709021,0.2709021,0.2709021,0.2709021,0.2709021,0.2709021,0.2709021,0.2714,0.2714,0.2714,0.2714,0.2714,0.2714,0.2714,0.2714,0.2714,0.2714,0.2714,0.2714,0.2714,0.2714,0.2714,0.2714,0.2714,0.2714,0.2714,0.2714,0.2714,0.2714,0.2714,0.2714,0.2714,0.2714,0.2714,0.2714,0.2714
78/79,0.255,0.255,0.255,0.255,0.255,0.255,0.255,0.255,0.255,0.255,0.255,0.255,0.255,0.255,0.255,0.255,0.255,0.255,0.255,0.255,0.255,0.255,0.255,0.255,0.255,0.255,0.50079216,0.50079216,0.50079216,0.50079216,0.50079216,0.50079216,0.50079216,0.50079216,0.50079216,0.50079216,0.50079216,0.50079216,0.50079216,0.50079216,0.50079216,0.50079216,0.50079216,0.50079216,0.50079216,0.50079216,0.50079216,0.50079216,0.50079216,0.50079216,0.50079216,0.50079216,0.50079216,0.50079216,0.50079216,0.50079216,0.50079216,0.50079216,0.50079216,0.50079216,0.50079216,0.50079216,0.50079216,0.50079216,0.50079216,0.50079216,0.50079216,0.50079216,0.50079216,0.5023,0.5023,0.5023,0.5023,0.5023,0.5023,0.5023,0.5023,0.5023,0.5023,0.5023,0.5023,0.5023,0.5023,0.5023,0.5023,0.5023,0.5023,0.5023,0.5023,0.5023,0.5023,0.5023,0.5023,0.5023,0.5023,0.5023,0.5023,0.5023
