"soort_id","euring_code","soort_naam","engelse_naam","analyse_categorie","basisjaar","basisjaar_toelichting","n_jaren_index","trend_contract","trend_formaliteit","periode","eerste_jaar","laatste_jaar","n_kalenderjaren","n_modeltijdpunten","trend_pct_per_jaar","trend_se_pct","trend_ci95_laag_pct","trend_ci95_hoog_pct","trend_p","trend_methode","trend_status","trendklasse","trendduiding_type","model","model_fallback_reden"
1,70,"Dodaars","little grebe","trim_bruikbaar",1997,"index_100 = eerste analysejaar vanaf eerste positieve jaar",26,"trim-trend-v2","formeel","1997-2022",1997,2022,26,26,-0.383566416428671,0.430885543445605,-1.26891272154414,0.509719010007004,0.3831052458717,"rtrim::overall(imputed); volledige variantie-covariantiematrix","beschikbaar","stabiel","rtrim_overall_classificatie","model3_overdisp","voorkeursmodel_gekozen"
2,90,"Fuut","great crested grebe","trim_bruikbaar",1997,"index_100 = eerste analysejaar vanaf eerste positieve jaar",26,"trim-trend-v2","formeel","1997-2022",1997,2022,26,26,-2.21901690306321,0.360321288219114,-2.95986269447602,-1.47251517894159,2.73465844343842e-06,"rtrim::overall(imputed); volledige variantie-covariantiematrix","beschikbaar","matige_afname_p_kleiner_dan_0_01","rtrim_overall_classificatie","model3_overdisp","voorkeursmodel_gekozen"
4,120,"Geoorde Fuut","black-necked grebe","trim_bruikbaar",1997,"index_100 = eerste analysejaar vanaf eerste positieve jaar",26,"trim-trend-v2","formeel","1997-2022",1997,2022,26,26,-11.8192770004208,8.16039164507695,-27.150785296621,6.73882951778544,0.186722072103714,"rtrim::overall(imputed); volledige variantie-covariantiematrix","beschikbaar","onzeker","rtrim_overall_classificatie","model2_basis","model3_varianten_mislukt_fallback_naar_model2"
5,720,"Aalscholver","Cormorant","trim_bruikbaar",1997,"index_100 = eerste analysejaar vanaf eerste positieve jaar",26,"trim-trend-v2","formeel","1997-2022",1997,2022,26,26,14.5345222507373,13.3613616342022,-9.973315252353,45.7140938153619,0.25615089188226,"rtrim::overall(imputed); volledige variantie-covariantiematrix","beschikbaar","onzeker","rtrim_overall_classificatie","model2_basis","model3_varianten_mislukt_fallback_naar_model2"
7,950,"Roerdomp","bittern","trim_bruikbaar",2006,"index_100 = eerste analysejaar vanaf eerste positieve jaar",17,"trim-trend-v2","formeel","1997-2022",2006,2022,17,17,12.8185629776561,3.30017554840276,5.99920537568213,20.0766374354668,0.000902888158495023,"rtrim::overall(imputed); volledige variantie-covariantiematrix","beschikbaar","sterke_toename_p_kleiner_dan_0_05","rtrim_overall_classificatie","model3_overdisp","voorkeursmodel_gekozen"
8,980,"Woudaap","Little Bittern","trim_bruikbaar",2006,"index_100 = eerste analysejaar vanaf eerste positieve jaar",17,"trim-trend-v2","formeel","1997-2022",2006,2022,17,17,-9.79659060593664,38.3392038145966,-63.5429056114651,123.184409037047,0.811618095757247,"rtrim::overall(imputed); volledige variantie-covariantiematrix","beschikbaar","onzeker","rtrim_overall_classificatie","model2_basis","model3_varianten_mislukt_fallback_naar_model2"
17,1520,"Knobbelzwaan","mute swan","trim_bruikbaar",1997,"index_100 = eerste analysejaar vanaf eerste positieve jaar",26,"trim-trend-v2","formeel","1997-2022",1997,2022,26,26,0.931677791211727,0.687225686465867,-0.476766900564651,2.36005467759248,0.185844469505666,"rtrim::overall(imputed); volledige variantie-covariantiematrix","beschikbaar","stabiel","rtrim_overall_classificatie","model3_overdisp","voorkeursmodel_gekozen"
21,1610,"Grauwe Gans","greylag goose","trim_bruikbaar",1997,"index_100 = eerste analysejaar vanaf eerste positieve jaar",26,"trim-trend-v2","formeel","1997-2022",1997,2022,26,26,10.2216700637671,0.826546898752773,8.52889450515582,11.9408486287381,2.42664731709836e-12,"rtrim::overall(imputed); volledige variantie-covariantiematrix","beschikbaar","sterke_toename_p_kleiner_dan_0_01","rtrim_overall_classificatie","model3_overdisp","voorkeursmodel_gekozen"
22,1619,"Soepgans","Domestic Goose","trim_bruikbaar",2011,"index_100 = eerste analysejaar vanaf eerste positieve jaar",12,"trim-trend-v2","formeel","1997-2022",2011,2022,12,12,-11.2240598495171,29.5667881382349,-57.7318014313563,86.4561967741089,0.728170830128893,"rtrim::overall(imputed); volledige variantie-covariantiematrix","beschikbaar","onzeker","rtrim_overall_classificatie","model2_basis","model3_varianten_mislukt_fallback_naar_model2"
25,1661,"Grote Canadese Gans","canada goose","trim_bruikbaar",1999,"index_100 = eerste analysejaar vanaf eerste positieve jaar",24,"trim-trend-v2","formeel","1997-2022",1999,2022,24,24,6.5281230750758,0.895975791747798,4.68609470486518,8.4025632811298,1.62717314626961e-07,"rtrim::overall(imputed); volledige variantie-covariantiematrix","beschikbaar","matige_toename_p_kleiner_dan_0_01","rtrim_overall_classificatie","model3_overdisp","voorkeursmodel_gekozen"
27,1700,"Nijlgans","Egyptian goose","trim_bruikbaar",1997,"index_100 = eerste analysejaar vanaf eerste positieve jaar",26,"trim-trend-v2","formeel","1997-2022",1997,2022,26,26,-0.892550756544241,0.795291839153198,-2.52043485195962,0.762518591740102,0.274939306862086,"rtrim::overall(imputed); volledige variantie-covariantiematrix","beschikbaar","stabiel","rtrim_overall_classificatie","model3_overdisp","voorkeursmodel_gekozen"
29,1730,"Bergeend","Common Shelduck","trim_bruikbaar",1997,"index_100 = eerste analysejaar vanaf eerste positieve jaar",26,"trim-trend-v2","formeel","1997-2022",1997,2022,26,26,-6.73819990812198,20.1445664610834,-40.2835149756057,45.6509597446061,0.749521913466608,"rtrim::overall(imputed); volledige variantie-covariantiematrix","beschikbaar","onzeker","rtrim_overall_classificatie","model2_basis","model3_varianten_mislukt_fallback_naar_model2"
34,1820,"Krakeend","gadwall","trim_bruikbaar",1997,"index_100 = eerste analysejaar vanaf eerste positieve jaar",26,"trim-trend-v2","formeel","1997-2022",1997,2022,26,26,-2.76652922496499,0.490740854479792,-3.77411168098093,-1.74839636070229,1.01774155916362e-05,"rtrim::overall(imputed); volledige variantie-covariantiematrix","beschikbaar","matige_afname_p_kleiner_dan_0_01","rtrim_overall_classificatie","model3_overdisp","voorkeursmodel_gekozen"
35,1840,"Wintertaling","Teal","trim_bruikbaar",1997,"index_100 = eerste analysejaar vanaf eerste positieve jaar",26,"trim-trend-v2","formeel","1997-2022",1997,2022,26,26,-0.113640123902836,2.01623303717467,-4.18945125921155,4.13555730998194,0.955544825220042,"rtrim::overall(imputed); volledige variantie-covariantiematrix","beschikbaar","stabiel","rtrim_overall_classificatie","model2_basis","model3_varianten_mislukt_fallback_naar_model2"
36,1860,"Wilde Eend","mallard","trim_bruikbaar",1997,"index_100 = eerste analysejaar vanaf eerste positieve jaar",26,"trim-trend-v2","formeel","1997-2022",1997,2022,26,26,-1.30831923149196,0.371342789638119,-2.07176488426152,-0.53892177877376,0.00184207718223327,"rtrim::overall(imputed); volledige variantie-covariantiematrix","beschikbaar","matige_afname_p_kleiner_dan_0_05","rtrim_overall_classificatie","model3_overdisp","voorkeursmodel_gekozen"
37,1869,"Soepeend","hybrid duck","trim_bruikbaar",1997,"index_100 = eerste analysejaar vanaf eerste positieve jaar",26,"trim-trend-v2","formeel","1997-2022",1997,2022,26,26,-8.76074139995591,3.20388946793584,-15.1393112962266,-1.90272507751215,0.0153194224152235,"rtrim::overall(imputed); volledige variantie-covariantiematrix","beschikbaar","matige_afname_p_kleiner_dan_0_05","rtrim_overall_classificatie","model2_basis","model3_varianten_mislukt_fallback_naar_model2"
39,1910,"Zomertaling","Garganey","trim_bruikbaar",2003,"index_100 = eerste analysejaar vanaf eerste positieve jaar",20,"trim-trend-v2","formeel","1997-2022",2003,2022,20,20,0,1.68653788599765,-3.48124518999015,3.6068069846557,1,"rtrim::overall(imputed); volledige variantie-covariantiematrix","beschikbaar","stabiel","rtrim_overall_classificatie","model2_basis","model3_varianten_mislukt_fallback_naar_model2"
40,1940,"Slobeend","shoveler","trim_bruikbaar",1997,"index_100 = eerste analysejaar vanaf eerste positieve jaar",26,"trim-trend-v2","formeel","1997-2022",1997,2022,26,26,-1.32313218733042,3.15723504203258,-7.62885190552418,5.41304771225839,0.680893810439062,"rtrim::overall(imputed); volledige variantie-covariantiematrix","beschikbaar","onzeker","rtrim_overall_classificatie","model2_basis","model3_varianten_mislukt_fallback_naar_model2"
41,1960,"Krooneend","red-crested pochard","trim_bruikbaar",1998,"index_100 = eerste analysejaar vanaf eerste positieve jaar",25,"trim-trend-v2","formeel","1997-2022",1998,2022,25,25,20.7553461108488,4.51266472829277,11.7719002189229,30.4608187369993,4.15477984281438e-05,"rtrim::overall(imputed); volledige variantie-covariantiematrix","beschikbaar","sterke_toename_p_kleiner_dan_0_05","rtrim_overall_classificatie","model2_basis","model3_varianten_mislukt_fallback_naar_model2"
42,1980,"Tafeleend","pochard","trim_bruikbaar",1997,"index_100 = eerste analysejaar vanaf eerste positieve jaar",26,"trim-trend-v2","formeel","1997-2022",1997,2022,26,26,-2.82626631876228,0.486511034116869,-3.82520576526645,-1.81695118052181,6.70190276174102e-06,"rtrim::overall(imputed); volledige variantie-covariantiematrix","beschikbaar","matige_afname_p_kleiner_dan_0_01","rtrim_overall_classificatie","model3_overdisp","voorkeursmodel_gekozen"
44,2030,"Kuifeend","tufted duck","trim_bruikbaar",1997,"index_100 = eerste analysejaar vanaf eerste positieve jaar",26,"trim-trend-v2","formeel","1997-2022",1997,2022,26,26,-3.77513934370085,0.433861566242377,-4.66643209233533,-2.87551371944657,9.84984708161285e-09,"rtrim::overall(imputed); volledige variantie-covariantiematrix","beschikbaar","matige_afname_p_kleiner_dan_0_01","rtrim_overall_classificatie","model3_overdisp","voorkeursmodel_gekozen"
60,2670,"Havik","goshawk","trim_bruikbaar",1997,"index_100 = eerste analysejaar vanaf eerste positieve jaar",26,"trim-trend-v2","formeel","1997-2022",1997,2022,26,26,3.15713302961438,1.51096610130615,0.0853173010055608,6.32322883970755,0.044343622631318,"rtrim::overall(imputed); volledige variantie-covariantiematrix","beschikbaar","matige_toename_p_kleiner_dan_0_05","rtrim_overall_classificatie","model3_overdisp","voorkeursmodel_gekozen"
61,2690,"Sperwer","Sparrowhawk","trim_bruikbaar",1997,"index_100 = eerste analysejaar vanaf eerste positieve jaar",26,"trim-trend-v2","formeel","1997-2022",1997,2022,26,26,3.49392533751309,22.2378950052037,-33.5772287457608,61.2548284197514,0.874353195869906,"rtrim::overall(imputed); volledige variantie-covariantiematrix","beschikbaar","onzeker","rtrim_overall_classificatie","model2_basis","model3_varianten_mislukt_fallback_naar_model2"
62,2870,"Buizerd","buzzard","trim_bruikbaar",1997,"index_100 = eerste analysejaar vanaf eerste positieve jaar",26,"trim-trend-v2","formeel","1997-2022",1997,2022,26,26,1.74825412596666,0.792068973808268,0.126566509948867,3.39620720594285,0.0356326748913411,"rtrim::overall(imputed); volledige variantie-covariantiematrix","beschikbaar","matige_toename_p_kleiner_dan_0_05","rtrim_overall_classificatie","model3_overdisp","voorkeursmodel_gekozen"
64,3040,"Torenvalk","kestrel","trim_bruikbaar",1997,"index_100 = eerste analysejaar vanaf eerste positieve jaar",26,"trim-trend-v2","formeel","1997-2022",1997,2022,26,26,-18.6053019754899,43.6854081241677,-73.1143248074363,146.417351212129,0.70468236295827,"rtrim::overall(imputed); volledige variantie-covariantiematrix","beschikbaar","onzeker","rtrim_overall_classificatie","model2_basis","model3_varianten_mislukt_fallback_naar_model2"
66,3100,"Boomvalk","hobby","trim_bruikbaar",1997,"index_100 = eerste analysejaar vanaf eerste positieve jaar",26,"trim-trend-v2","formeel","1997-2022",1997,2022,26,26,-19.2335581206809,41.2657921930062,-71.8637402554643,131.843826900706,0.679605669560444,"rtrim::overall(imputed); volledige variantie-covariantiematrix","beschikbaar","onzeker","rtrim_overall_classificatie","model2_basis","model3_varianten_mislukt_fallback_naar_model2"
70,3700,"Kwartel","Quail","trim_bruikbaar",2007,"index_100 = eerste analysejaar vanaf eerste positieve jaar",16,"trim-trend-v2","formeel","1997-2022",2007,2022,16,16,1.58458861166411,3.63979946948278,-5.92958193290766,9.69897716454367,0.66751539996212,"rtrim::overall(imputed); volledige variantie-covariantiematrix","beschikbaar","onzeker","rtrim_overall_classificatie","model2_basis","model3_varianten_mislukt_fallback_naar_model2"
71,3940,"Gewone Fazant","pheasant","trim_bruikbaar",1997,"index_100 = eerste analysejaar vanaf eerste positieve jaar",26,"trim-trend-v2","formeel","1997-2022",1997,2022,26,26,-27.2871744603955,52.4843364149266,-83.6080626316255,222.546071226068,0.662826662097688,"rtrim::overall(imputed); volledige variantie-covariantiematrix","beschikbaar","onzeker","rtrim_overall_classificatie","model2_basis","model3_varianten_mislukt_fallback_naar_model2"
72,4070,"Waterral","water rail","trim_bruikbaar",1997,"index_100 = eerste analysejaar vanaf eerste positieve jaar",26,"trim-trend-v2","formeel","1997-2022",1997,2022,26,26,-2.23424601085522,1.24944463168605,-4.77926103244177,0.378790972441867,0.0897622133323283,"rtrim::overall(imputed); volledige variantie-covariantiematrix","beschikbaar","stabiel","rtrim_overall_classificatie","model3_overdisp","voorkeursmodel_gekozen"
77,4240,"Waterhoen","moorhen","trim_bruikbaar",1997,"index_100 = eerste analysejaar vanaf eerste positieve jaar",26,"trim-trend-v2","formeel","1997-2022",1997,2022,26,26,-5.72787827251182,0.662836308482925,-7.08602697679761,-4.34987714083611,1.34778824014061e-08,"rtrim::overall(imputed); volledige variantie-covariantiematrix","beschikbaar","matige_afname_p_kleiner_dan_0_01","rtrim_overall_classificatie","model3_overdisp","voorkeursmodel_gekozen"
78,4290,"Meerkoet","Eurasian coot","trim_bruikbaar",1997,"index_100 = eerste analysejaar vanaf eerste positieve jaar",26,"trim-trend-v2","formeel","1997-2022",1997,2022,26,26,-2.72135434134363,0.242105276689688,-3.21975394008268,-2.2203880808101,6.32579306541661e-11,"rtrim::overall(imputed); volledige variantie-covariantiematrix","beschikbaar","matige_afname_p_kleiner_dan_0_01","rtrim_overall_classificatie","model3_overdisp","voorkeursmodel_gekozen"
80,4500,"Scholekster","oystercatcher","trim_bruikbaar",1997,"index_100 = eerste analysejaar vanaf eerste positieve jaar",26,"trim-trend-v2","formeel","1997-2022",1997,2022,26,26,-3.71102195314735,6.54835997944643,-16.3205398784719,10.7986031439749,0.583315923085178,"rtrim::overall(imputed); volledige variantie-covariantiematrix","beschikbaar","onzeker","rtrim_overall_classificatie","model2_basis","model3_varianten_mislukt_fallback_naar_model2"
84,4690,"Kleine Plevier","little ringed plover","trim_bruikbaar",1997,"index_100 = eerste analysejaar vanaf eerste positieve jaar",26,"trim-trend-v2","formeel","1997-2022",1997,2022,26,26,10.6508641498631,18.9126937367024,-22.2410460623022,57.4559985326103,0.559295383421024,"rtrim::overall(imputed); volledige variantie-covariantiematrix","beschikbaar","onzeker","rtrim_overall_classificatie","model2_basis","model3_varianten_mislukt_fallback_naar_model2"
88,4930,"Kievit","lapwing","trim_bruikbaar",1997,"index_100 = eerste analysejaar vanaf eerste positieve jaar",26,"trim-trend-v2","formeel","1997-2022",1997,2022,26,26,-2.14576442888914,0.801716514747766,-3.78651480042609,-0.477033969362295,0.0140990220445173,"rtrim::overall(imputed); volledige variantie-covariantiematrix","beschikbaar","matige_afname_p_kleiner_dan_0_05","rtrim_overall_classificatie","model3_overdisp","voorkeursmodel_gekozen"
94,5290,"Houtsnip","Woodcock","trim_bruikbaar",1998,"index_100 = eerste analysejaar vanaf eerste positieve jaar",25,"trim-trend-v2","formeel","1997-2022",1998,2022,25,25,2.20675281777243,18.5936306670858,-29.8480256394083,48.9084294029713,0.905538336888107,"rtrim::overall(imputed); volledige variantie-covariantiematrix","beschikbaar","onzeker","rtrim_overall_classificatie","model2_basis","model3_varianten_mislukt_fallback_naar_model2"
97,5410,"Wulp","Curlew","trim_bruikbaar",1997,"index_100 = eerste analysejaar vanaf eerste positieve jaar",26,"trim-trend-v2","formeel","1997-2022",1997,2022,26,26,-10.1361253166394,79.1838575346319,-85.4195029956942,453.857387078229,0.90447196740647,"rtrim::overall(imputed); volledige variantie-covariantiematrix","beschikbaar","onzeker","rtrim_overall_classificatie","model2_basis","model3_varianten_mislukt_fallback_naar_model2"
98,5460,"Tureluur","Redshank","trim_bruikbaar",1997,"index_100 = eerste analysejaar vanaf eerste positieve jaar",26,"trim-trend-v2","formeel","1997-2022",1997,2022,26,26,-0.401523595693065,4.3616939378405,-9.00878017756006,9.01993094956712,0.927562500197552,"rtrim::overall(imputed); volledige variantie-covariantiematrix","beschikbaar","onzeker","rtrim_overall_classificatie","model2_basis","model3_varianten_mislukt_fallback_naar_model2"
106,5900,"Stormmeeuw","common gull","trim_bruikbaar",1997,"index_100 = eerste analysejaar vanaf eerste positieve jaar",26,"trim-trend-v2","formeel","1997-2022",1997,2022,26,26,-11.1339053865403,1.31266642804876,-13.8022351453977,-8.38297506705339,3.2184483262867e-08,"rtrim::overall(imputed); volledige variantie-covariantiematrix","beschikbaar","sterke_afname_p_kleiner_dan_0_01","rtrim_overall_classificatie","model2_basis","model3_varianten_mislukt_fallback_naar_model2"
116,6150,"Visdief","Common Tern","trim_bruikbaar",1997,"index_100 = eerste analysejaar vanaf eerste positieve jaar",26,"trim-trend-v2","formeel","1997-2022",1997,2022,26,26,-0.0435092395309256,1.19184060903036,-2.47332693393648,2.44684588368702,0.97118717441974,"rtrim::overall(imputed); volledige variantie-covariantiematrix","beschikbaar","stabiel","rtrim_overall_classificatie","model2_basis","model3_varianten_mislukt_fallback_naar_model2"
122,6680,"Holenduif","stock dove","trim_bruikbaar",1997,"index_100 = eerste analysejaar vanaf eerste positieve jaar",26,"trim-trend-v2","formeel","1997-2022",1997,2022,26,26,3.27296773030024,1.77620169730757,-0.328630907797145,7.00470918541809,0.0733695363046089,"rtrim::overall(imputed); volledige variantie-covariantiematrix","beschikbaar","onzeker","rtrim_overall_classificatie","model2_basis","model3_varianten_mislukt_fallback_naar_model2"
123,6700,"Houtduif","woodpigeon","trim_bruikbaar",1997,"index_100 = eerste analysejaar vanaf eerste positieve jaar",26,"trim-trend-v2","formeel","1997-2022",1997,2022,26,26,-8.76421841245247,0.448861105079976,-9.68593475038085,-7.83309533366645,8.75944608305282e-16,"rtrim::overall(imputed); volledige variantie-covariantiematrix","beschikbaar","sterke_afname_p_kleiner_dan_0_01","rtrim_overall_classificatie","model3_overdisp","voorkeursmodel_gekozen"
124,6840,"Turkse Tortel","Collared Dove","trim_bruikbaar",1999,"index_100 = eerste analysejaar vanaf eerste positieve jaar",24,"trim-trend-v2","formeel","1997-2022",1999,2022,24,24,0.134252564860193,7.23659879883654,-13.8030192465555,16.3250551130532,0.985355993702294,"rtrim::overall(imputed); volledige variantie-covariantiematrix","beschikbaar","onzeker","rtrim_overall_classificatie","model2_basis","model3_varianten_mislukt_fallback_naar_model2"
125,6870,"Tortelduif","turtle dove","trim_bruikbaar",1997,"index_100 = eerste analysejaar vanaf eerste positieve jaar",26,"trim-trend-v2","formeel","1997-2022",1997,2022,26,26,-25.5749683395211,87.5992035944942,-93.4428397467181,744.738442207652,0.803984601421565,"rtrim::overall(imputed); volledige variantie-covariantiematrix","beschikbaar","onzeker","rtrim_overall_classificatie","model2_basis","model3_varianten_mislukt_fallback_naar_model2"
126,7120,"Halsbandparkiet","ring-necked parakeet","trim_bruikbaar",2003,"index_100 = eerste analysejaar vanaf eerste positieve jaar",20,"trim-trend-v2","formeel","1997-2022",2003,2022,20,20,3.50433570012243,4.21502940202466,-4.98286906604774,12.749642126855,0.408772792105443,"rtrim::overall(imputed); volledige variantie-covariantiematrix","beschikbaar","onzeker","rtrim_overall_classificatie","model2_basis","model3_varianten_mislukt_fallback_naar_model2"
127,7240,"Koekoek","cuckoo","trim_bruikbaar",1997,"index_100 = eerste analysejaar vanaf eerste positieve jaar",26,"trim-trend-v2","formeel","1997-2022",1997,2022,26,26,-1.85642920036545,0.411714944443225,-2.70249911328777,-1.00300211700165,0.000161121070809106,"rtrim::overall(imputed); volledige variantie-covariantiematrix","beschikbaar","matige_afname_p_kleiner_dan_0_01","rtrim_overall_classificatie","model3_overdisp","voorkeursmodel_gekozen"
131,7610,"Bosuil","tawny owl","trim_bruikbaar",1997,"index_100 = eerste analysejaar vanaf eerste positieve jaar",26,"trim-trend-v2","formeel","1997-2022",1997,2022,26,26,-1.05175615993064,1.43821190150299,-3.97599853252322,1.96153887994286,0.473996632904975,"rtrim::overall(imputed); volledige variantie-covariantiematrix","beschikbaar","stabiel","rtrim_overall_classificatie","model3_overdisp","voorkeursmodel_gekozen"
132,7670,"Ransuil","Long-eared Owl","trim_bruikbaar",2005,"index_100 = eerste analysejaar vanaf eerste positieve jaar",18,"trim-trend-v2","formeel","1997-2022",2005,2022,18,18,5.51811311784736,15.260357358949,-22.3434937379027,43.3759092685988,0.715214767674149,"rtrim::overall(imputed); volledige variantie-covariantiematrix","beschikbaar","onzeker","rtrim_overall_classificatie","model2_basis","model3_varianten_mislukt_fallback_naar_model2"
135,7780,"Nachtzwaluw","Nightjar","trim_bruikbaar",2002,"index_100 = eerste analysejaar vanaf eerste positieve jaar",21,"trim-trend-v2","formeel","1997-2022",2002,2022,21,21,-3.18456783127636,4.1572995031337,-11.5063336839895,5.91976009384636,0.460274383538974,"rtrim::overall(imputed); volledige variantie-covariantiematrix","beschikbaar","onzeker","rtrim_overall_classificatie","model2_basis","model3_varianten_mislukt_fallback_naar_model2"
137,8310,"IJsvogel","kingfisher","trim_bruikbaar",2009,"index_100 = eerste analysejaar vanaf eerste positieve jaar",14,"trim-trend-v2","formeel","1997-2022",2009,2022,14,14,7.493945092294,27.709830843746,-38.7000329604275,88.4984411826155,0.783996278950707,"rtrim::overall(imputed); volledige variantie-covariantiematrix","beschikbaar","onzeker","rtrim_overall_classificatie","model2_basis","model3_varianten_mislukt_fallback_naar_model2"
142,8560,"Groene Specht","European Green Woodpecker","trim_bruikbaar",1997,"index_100 = eerste analysejaar vanaf eerste positieve jaar",26,"trim-trend-v2","formeel","1997-2022",1997,2022,26,26,-3.68506447220037,0.771446300163579,-5.26416334057433,-2.07964448476496,9.18722056357595e-05,"rtrim::overall(imputed); volledige variantie-covariantiematrix","beschikbaar","matige_afname_p_kleiner_dan_0_01","rtrim_overall_classificatie","model3_overdisp","voorkeursmodel_gekozen"
144,8760,"Grote Bonte Specht","great spotted woodpecker","trim_bruikbaar",1997,"index_100 = eerste analysejaar vanaf eerste positieve jaar",26,"trim-trend-v2","formeel","1997-2022",1997,2022,26,26,3.32799153893333,0.313374713735112,2.68323791601681,3.97679360483532,1.08174468721844e-10,"rtrim::overall(imputed); volledige variantie-covariantiematrix","beschikbaar","matige_toename_p_kleiner_dan_0_01","rtrim_overall_classificatie","model3_overdisp","voorkeursmodel_gekozen"
146,8870,"Kleine Bonte Specht","lesser spotted woodpecker","trim_bruikbaar",2005,"index_100 = eerste analysejaar vanaf eerste positieve jaar",18,"trim-trend-v2","formeel","1997-2022",2005,2022,18,18,21.901750892682,18.0266088945912,-10.9028216873176,66.7845957876568,0.199206451259166,"rtrim::overall(imputed); volledige variantie-covariantiematrix","beschikbaar","onzeker","rtrim_overall_classificatie","model2_basis","model3_varianten_mislukt_fallback_naar_model2"
148,9740,"Boomleeuwerik","woodlark","trim_bruikbaar",1997,"index_100 = eerste analysejaar vanaf eerste positieve jaar",26,"trim-trend-v2","formeel","1997-2022",1997,2022,26,26,11.0885995663977,0.844995507549067,9.35823264725568,12.8463459484514,6.32712404604462e-13,"rtrim::overall(imputed); volledige variantie-covariantiematrix","beschikbaar","sterke_toename_p_kleiner_dan_0_01","rtrim_overall_classificatie","model3_overdisp","voorkeursmodel_gekozen"
150,9760,"Veldleeuwerik","Skylark","trim_bruikbaar",1999,"index_100 = eerste analysejaar vanaf eerste positieve jaar",24,"trim-trend-v2","formeel","1997-2022",1999,2022,24,24,2.07325948598172,5.97588155191052,-9.59714627530652,15.2502368323648,0.729290074554955,"rtrim::overall(imputed); volledige variantie-covariantiematrix","beschikbaar","onzeker","rtrim_overall_classificatie","model2_basis","model3_varianten_mislukt_fallback_naar_model2"
155,10090,"Boompieper","tree pipit","trim_bruikbaar",1997,"index_100 = eerste analysejaar vanaf eerste positieve jaar",26,"trim-trend-v2","formeel","1997-2022",1997,2022,26,26,0.675392751208626,0.437148945601063,-0.222807578892459,1.58167873508908,0.134181025102271,"rtrim::overall(imputed); volledige variantie-covariantiematrix","beschikbaar","stabiel","rtrim_overall_classificatie","model3_overdisp","voorkeursmodel_gekozen"
156,10110,"Graspieper","meadow pipit","trim_bruikbaar",1997,"index_100 = eerste analysejaar vanaf eerste positieve jaar",26,"trim-trend-v2","formeel","1997-2022",1997,2022,26,26,-3.02184809265704,0.521522472916007,-4.09226625057425,-1.93948308761912,7.05296398400233e-06,"rtrim::overall(imputed); volledige variantie-covariantiematrix","beschikbaar","matige_afname_p_kleiner_dan_0_01","rtrim_overall_classificatie","model3_overdisp","voorkeursmodel_gekozen"
162,10201,"Witte Kwikstaart","White Wagtail","trim_bruikbaar",1997,"index_100 = eerste analysejaar vanaf eerste positieve jaar",26,"trim-trend-v2","formeel","1997-2022",1997,2022,26,26,3.61222541238144,5.54235377075715,-7.21781132538616,15.7064023630161,0.513408477417324,"rtrim::overall(imputed); volledige variantie-covariantiematrix","beschikbaar","onzeker","rtrim_overall_classificatie","model2_basis","model3_varianten_mislukt_fallback_naar_model2"
164,10660,"Winterkoning","wren","trim_bruikbaar",1997,"index_100 = eerste analysejaar vanaf eerste positieve jaar",26,"trim-trend-v2","formeel","1997-2022",1997,2022,26,26,-1.83676226114724,0.21534649998102,-2.28021093468399,-1.39130123445315,1.18062318535635e-08,"rtrim::overall(imputed); volledige variantie-covariantiematrix","beschikbaar","matige_afname_p_kleiner_dan_0_01","rtrim_overall_classificatie","model3_overdisp","voorkeursmodel_gekozen"
165,10840,"Heggenmus","dunnock","trim_bruikbaar",1997,"index_100 = eerste analysejaar vanaf eerste positieve jaar",26,"trim-trend-v2","formeel","1997-2022",1997,2022,26,26,-2.94024847516065,0.180375053737948,-3.31181126306852,-2.56725780958579,2.43673549612865e-14,"rtrim::overall(imputed); volledige variantie-covariantiematrix","beschikbaar","matige_afname_p_kleiner_dan_0_01","rtrim_overall_classificatie","model3_overdisp","voorkeursmodel_gekozen"
166,10990,"Roodborst","robin","trim_bruikbaar",1997,"index_100 = eerste analysejaar vanaf eerste positieve jaar",26,"trim-trend-v2","formeel","1997-2022",1997,2022,26,26,-1.4394239415947,0.290619835916758,-2.03741236897842,-0.837785241510614,5.12904291051286e-05,"rtrim::overall(imputed); volledige variantie-covariantiematrix","beschikbaar","matige_afname_p_kleiner_dan_0_01","rtrim_overall_classificatie","model3_overdisp","voorkeursmodel_gekozen"
167,11040,"Nachtegaal","nightingale","trim_bruikbaar",1997,"index_100 = eerste analysejaar vanaf eerste positieve jaar",26,"trim-trend-v2","formeel","1997-2022",1997,2022,26,26,-1.99562332980898,0.202296084358713,-2.41225383182893,-1.57721411086986,7.79328713674359e-10,"rtrim::overall(imputed); volledige variantie-covariantiematrix","beschikbaar","matige_afname_p_kleiner_dan_0_01","rtrim_overall_classificatie","model3_overdisp","voorkeursmodel_gekozen"
168,11060,"Blauwborst","bluethroat","trim_bruikbaar",1997,"index_100 = eerste analysejaar vanaf eerste positieve jaar",26,"trim-trend-v2","formeel","1997-2022",1997,2022,26,26,1.69721939654692,0.808560044737789,0.0420507493234856,3.37977236096731,0.044837861078689,"rtrim::overall(imputed); volledige variantie-covariantiematrix","beschikbaar","matige_toename_p_kleiner_dan_0_05","rtrim_overall_classificatie","model3_overdisp","voorkeursmodel_gekozen"
170,11220,"Gekraagde Roodstaart","redstart","trim_bruikbaar",1997,"index_100 = eerste analysejaar vanaf eerste positieve jaar",26,"trim-trend-v2","formeel","1997-2022",1997,2022,26,26,2.41941382315938,0.327956543459622,1.7447765105721,3.09852444159235,1.04881722085483e-07,"rtrim::overall(imputed); volledige variantie-covariantiematrix","beschikbaar","matige_toename_p_kleiner_dan_0_01","rtrim_overall_classificatie","model3_overdisp","voorkeursmodel_gekozen"
172,11390,"Roodborsttapuit","stonechat","trim_bruikbaar",1997,"index_100 = eerste analysejaar vanaf eerste positieve jaar",26,"trim-trend-v2","formeel","1997-2022",1997,2022,26,26,-0.268766067527682,0.396325545467195,-1.08339650578116,0.552573282349189,0.504734694628507,"rtrim::overall(imputed); volledige variantie-covariantiematrix","beschikbaar","stabiel","rtrim_overall_classificatie","model3_overdisp","voorkeursmodel_gekozen"
173,11460,"Tapuit","Wheatear","trim_bruikbaar",1997,"index_100 = eerste analysejaar vanaf eerste positieve jaar",26,"trim-trend-v2","formeel","1997-2022",1997,2022,26,26,-12.1496616406108,79.4127190132893,-86.4014382802912,467.536634309913,0.887250650505477,"rtrim::overall(imputed); volledige variantie-covariantiematrix","beschikbaar","onzeker","rtrim_overall_classificatie","model2_basis","model3_varianten_mislukt_fallback_naar_model2"
175,11870,"Merel","blackbird","trim_bruikbaar",1997,"index_100 = eerste analysejaar vanaf eerste positieve jaar",26,"trim-trend-v2","formeel","1997-2022",1997,2022,26,26,-0.940892200088028,0.221131861890467,-1.3962361761326,-0.483445483453426,0.000290653399322272,"rtrim::overall(imputed); volledige variantie-covariantiematrix","beschikbaar","matige_afname_p_kleiner_dan_0_01","rtrim_overall_classificatie","model3_overdisp","voorkeursmodel_gekozen"
177,12000,"Zanglijster","song thrush","trim_bruikbaar",1997,"index_100 = eerste analysejaar vanaf eerste positieve jaar",26,"trim-trend-v2","formeel","1997-2022",1997,2022,26,26,5.99955700295338,0.501037112003158,4.97049495091821,7.03870730604839,7.15542564643557e-12,"rtrim::overall(imputed); volledige variantie-covariantiematrix","beschikbaar","matige_toename_p_kleiner_dan_0_01","rtrim_overall_classificatie","model3_overdisp","voorkeursmodel_gekozen"
179,12020,"Grote Lijster","mistle thrush","trim_bruikbaar",1998,"index_100 = eerste analysejaar vanaf eerste positieve jaar",25,"trim-trend-v2","formeel","1997-2022",1998,2022,25,25,5.6480034657977,2.38039424508628,0.836778629391355,10.688786254581,0.0228841098671999,"rtrim::overall(imputed); volledige variantie-covariantiematrix","beschikbaar","matige_toename_p_kleiner_dan_0_05","rtrim_overall_classificatie","model2_basis","model3_varianten_mislukt_fallback_naar_model2"
180,12200,"Cetti's Zanger","Cetti's warbler","trim_bruikbaar",2019,"index_100 = eerste analysejaar vanaf eerste positieve jaar",4,"trim-trend-v2","formeel","1997-2022",2019,2022,4,4,38.4342879930607,15.5360853524151,-14.5850355986439,124.364105592736,0.101304013000503,"rtrim::overall(imputed); volledige variantie-covariantiematrix","beschikbaar","onzeker","rtrim_overall_classificatie","model3_overdisp","voorkeursmodel_gekozen"
182,12360,"Sprinkhaanrietzanger","grasshopper warbler","trim_bruikbaar",1997,"index_100 = eerste analysejaar vanaf eerste positieve jaar",26,"trim-trend-v2","formeel","1997-2022",1997,2022,26,26,-3.84468803277989,0.458869255880812,-4.78709898173568,-2.8929491630569,1.96545982036643e-08,"rtrim::overall(imputed); volledige variantie-covariantiematrix","beschikbaar","matige_afname_p_kleiner_dan_0_01","rtrim_overall_classificatie","model3_overdisp","voorkeursmodel_gekozen"
186,12430,"Rietzanger","sedge warbler","trim_bruikbaar",1997,"index_100 = eerste analysejaar vanaf eerste positieve jaar",26,"trim-trend-v2","formeel","1997-2022",1997,2022,26,26,-1.21604231087233,0.856881072295683,-2.96882122811046,0.568398943890691,0.171226654047238,"rtrim::overall(imputed); volledige variantie-covariantiematrix","beschikbaar","stabiel","rtrim_overall_classificatie","model3_overdisp","voorkeursmodel_gekozen"
187,12500,"Bosrietzanger","marsh warbler","trim_bruikbaar",1997,"index_100 = eerste analysejaar vanaf eerste positieve jaar",26,"trim-trend-v2","formeel","1997-2022",1997,2022,26,26,-3.01427251937627,0.755012285970452,-4.56008972116694,-1.44341808929851,0.000626270441797987,"rtrim::overall(imputed); volledige variantie-covariantiematrix","beschikbaar","matige_afname_p_kleiner_dan_0_01","rtrim_overall_classificatie","model3_overdisp","voorkeursmodel_gekozen"
188,12510,"Kleine Karekiet","reed warbler","trim_bruikbaar",1997,"index_100 = eerste analysejaar vanaf eerste positieve jaar",26,"trim-trend-v2","formeel","1997-2022",1997,2022,26,26,-5.27200456085511,0.287995936740018,-5.86453801695207,-4.67574141682548,2.4315519974234e-15,"rtrim::overall(imputed); volledige variantie-covariantiematrix","beschikbaar","matige_afname_p_kleiner_dan_0_01","rtrim_overall_classificatie","model3_overdisp","voorkeursmodel_gekozen"
189,12530,"Grote Karekiet","Great Reed Warbler","trim_bruikbaar",1997,"index_100 = eerste analysejaar vanaf eerste positieve jaar",26,"trim-trend-v2","formeel","1997-2022",1997,2022,26,26,2.0754342713206,3.44368476469365,-4.79018487111784,9.43613604935924,0.548318282128577,"rtrim::overall(imputed); volledige variantie-covariantiematrix","beschikbaar","onzeker","rtrim_overall_classificatie","model2_basis","model3_varianten_mislukt_fallback_naar_model2"
190,12590,"Spotvogel","Icterine Warbler","trim_bruikbaar",1997,"index_100 = eerste analysejaar vanaf eerste positieve jaar",26,"trim-trend-v2","formeel","1997-2022",1997,2022,26,26,-8.43469516844584,25.1424991280925,-48.0471827659758,61.3811434157332,0.751054865006131,"rtrim::overall(imputed); volledige variantie-covariantiematrix","beschikbaar","onzeker","rtrim_overall_classificatie","model2_basis","model3_varianten_mislukt_fallback_naar_model2"
192,12740,"Braamsluiper","lesser whitethroat","trim_bruikbaar",1997,"index_100 = eerste analysejaar vanaf eerste positieve jaar",26,"trim-trend-v2","formeel","1997-2022",1997,2022,26,26,0.300373726904857,0.271703544642065,-0.258830147208355,0.862712805600929,0.279190555360287,"rtrim::overall(imputed); volledige variantie-covariantiematrix","beschikbaar","stabiel","rtrim_overall_classificatie","model3_overdisp","voorkeursmodel_gekozen"
193,12750,"Grasmus","whitethroat","trim_bruikbaar",1997,"index_100 = eerste analysejaar vanaf eerste positieve jaar",26,"trim-trend-v2","formeel","1997-2022",1997,2022,26,26,-2.4739883885884,0.184847050010095,-2.8547487280722,-2.09173566080743,1.64976151051501e-12,"rtrim::overall(imputed); volledige variantie-covariantiematrix","beschikbaar","matige_afname_p_kleiner_dan_0_01","rtrim_overall_classificatie","model3_overdisp","voorkeursmodel_gekozen"
194,12760,"Tuinfluiter","garden warbler","trim_bruikbaar",1997,"index_100 = eerste analysejaar vanaf eerste positieve jaar",26,"trim-trend-v2","formeel","1997-2022",1997,2022,26,26,4.09855100303995,0.361434665914676,3.35525291327812,4.84719465613475,2.65517586150449e-11,"rtrim::overall(imputed); volledige variantie-covariantiematrix","beschikbaar","matige_toename_p_kleiner_dan_0_01","rtrim_overall_classificatie","model3_overdisp","voorkeursmodel_gekozen"
195,12770,"Zwartkop","blackcap","trim_bruikbaar",1997,"index_100 = eerste analysejaar vanaf eerste positieve jaar",26,"trim-trend-v2","formeel","1997-2022",1997,2022,26,26,3.4945325685352,0.214712020535892,3.0523361141841,3.9386264830664,1.24146163038341e-14,"rtrim::overall(imputed); volledige variantie-covariantiematrix","beschikbaar","matige_toename_p_kleiner_dan_0_01","rtrim_overall_classificatie","model3_overdisp","voorkeursmodel_gekozen"
197,13080,"Fluiter","Wood Warbler","trim_bruikbaar",1997,"index_100 = eerste analysejaar vanaf eerste positieve jaar",26,"trim-trend-v2","formeel","1997-2022",1997,2022,26,26,-0.0581901801030127,15.0915424976505,-26.819233523082,36.4889414382793,0.996956270765352,"rtrim::overall(imputed); volledige variantie-covariantiematrix","beschikbaar","onzeker","rtrim_overall_classificatie","model2_basis","model3_varianten_mislukt_fallback_naar_model2"
198,13110,"Tjiftjaf","Common Chiffchaff","trim_bruikbaar",1997,"index_100 = eerste analysejaar vanaf eerste positieve jaar",26,"trim-trend-v2","formeel","1997-2022",1997,2022,26,26,-0.968322792187093,0.167460152700263,-1.31334115286469,-0.622098213054079,6.25254136530949e-06,"rtrim::overall(imputed); volledige variantie-covariantiematrix","beschikbaar","matige_afname_p_kleiner_dan_0_01","rtrim_overall_classificatie","model3_overdisp","voorkeursmodel_gekozen"
200,13120,"Fitis","willow warbler","trim_bruikbaar",1997,"index_100 = eerste analysejaar vanaf eerste positieve jaar",26,"trim-trend-v2","formeel","1997-2022",1997,2022,26,26,-3.34911708676858,0.168526415988396,-3.69631340492239,-3.00066904827467,3.04764412314352e-16,"rtrim::overall(imputed); volledige variantie-covariantiematrix","beschikbaar","matige_afname_p_kleiner_dan_0_01","rtrim_overall_classificatie","model3_overdisp","voorkeursmodel_gekozen"
201,13140,"Goudhaan","goldcrest","trim_bruikbaar",1997,"index_100 = eerste analysejaar vanaf eerste positieve jaar",26,"trim-trend-v2","formeel","1997-2022",1997,2022,26,26,4.72865726529141,22.7359695396136,-33.0923929835007,63.9289184245696,0.833262401612597,"rtrim::overall(imputed); volledige variantie-covariantiematrix","beschikbaar","onzeker","rtrim_overall_classificatie","model2_basis","model3_varianten_mislukt_fallback_naar_model2"
203,13350,"Grauwe Vliegenvanger","Spotted Flycatcher","trim_bruikbaar",1997,"index_100 = eerste analysejaar vanaf eerste positieve jaar",26,"trim-trend-v2","formeel","1997-2022",1997,2022,26,26,8.19069230743776,2.01691524162555,4.10704806350914,12.4345192731048,0.000299540593718618,"rtrim::overall(imputed); volledige variantie-covariantiematrix","beschikbaar","matige_toename_p_kleiner_dan_0_01","rtrim_overall_classificatie","model2_basis","model3_varianten_mislukt_fallback_naar_model2"
207,14370,"Staartmees","long-tailed tit","trim_bruikbaar",1997,"index_100 = eerste analysejaar vanaf eerste positieve jaar",26,"trim-trend-v2","formeel","1997-2022",1997,2022,26,26,-1.60409749816053,0.351642232982262,-2.3271814377411,-0.875660478865714,0.000139000012268202,"rtrim::overall(imputed); volledige variantie-covariantiematrix","beschikbaar","matige_afname_p_kleiner_dan_0_01","rtrim_overall_classificatie","model3_overdisp","voorkeursmodel_gekozen"
208,14400,"Glanskop","marsh tit","trim_bruikbaar",1997,"index_100 = eerste analysejaar vanaf eerste positieve jaar",26,"trim-trend-v2","formeel","1997-2022",1997,2022,26,26,-1.24277786645842,0.547980672136963,-2.36730301616945,-0.105300531143604,0.033617292676484,"rtrim::overall(imputed); volledige variantie-covariantiematrix","beschikbaar","matige_afname_p_kleiner_dan_0_05","rtrim_overall_classificatie","model3_overdisp","voorkeursmodel_gekozen"
209,14420,"Matkop","Willow Tit","trim_bruikbaar",1997,"index_100 = eerste analysejaar vanaf eerste positieve jaar",26,"trim-trend-v2","formeel","1997-2022",1997,2022,26,26,-13.0196085327759,51.850470078039,-74.5845269906299,197.67647830132,0.816974532243379,"rtrim::overall(imputed); volledige variantie-covariantiematrix","beschikbaar","onzeker","rtrim_overall_classificatie","model2_basis","model3_varianten_mislukt_fallback_naar_model2"
210,14540,"Kuifmees","crested tit","trim_bruikbaar",1997,"index_100 = eerste analysejaar vanaf eerste positieve jaar",26,"trim-trend-v2","formeel","1997-2022",1997,2022,26,26,-0.0372058253596874,1.39559131904274,-2.87646268622751,2.88505233205216,0.978955637365915,"rtrim::overall(imputed); volledige variantie-covariantiematrix","beschikbaar","stabiel","rtrim_overall_classificatie","model3_overdisp","voorkeursmodel_gekozen"
212,14610,"Zwarte Mees","coal tit","trim_bruikbaar",1997,"index_100 = eerste analysejaar vanaf eerste positieve jaar",26,"trim-trend-v2","formeel","1997-2022",1997,2022,26,26,-6.2243969369734,27.2819516548964,-48.5578034621365,70.9465054308419,0.827040252495267,"rtrim::overall(imputed); volledige variantie-covariantiematrix","beschikbaar","onzeker","rtrim_overall_classificatie","model2_basis","model3_varianten_mislukt_fallback_naar_model2"
213,14620,"Pimpelmees","blue tit","trim_bruikbaar",1997,"index_100 = eerste analysejaar vanaf eerste positieve jaar",26,"trim-trend-v2","formeel","1997-2022",1997,2022,26,26,-0.603382192178792,0.239999304057836,-1.09748423123808,-0.106811693919007,0.0193717093303191,"rtrim::overall(imputed); volledige variantie-covariantiematrix","beschikbaar","matige_afname_p_kleiner_dan_0_05","rtrim_overall_classificatie","model3_overdisp","voorkeursmodel_gekozen"
214,14640,"Koolmees","great tit","trim_bruikbaar",1997,"index_100 = eerste analysejaar vanaf eerste positieve jaar",26,"trim-trend-v2","formeel","1997-2022",1997,2022,26,26,0.157494326132146,0.188434922861159,-0.230662148527128,0.547160938595903,0.411147550015117,"rtrim::overall(imputed); volledige variantie-covariantiematrix","beschikbaar","stabiel","rtrim_overall_classificatie","model3_overdisp","voorkeursmodel_gekozen"
215,14790,"Boomklever","nuthatch","trim_bruikbaar",1997,"index_100 = eerste analysejaar vanaf eerste positieve jaar",26,"trim-trend-v2","formeel","1997-2022",1997,2022,26,26,4.71314671067653,1.58347912837039,1.49547995258266,8.03282174905027,0.00556824303670768,"rtrim::overall(imputed); volledige variantie-covariantiematrix","beschikbaar","matige_toename_p_kleiner_dan_0_05","rtrim_overall_classificatie","model3_overdisp","voorkeursmodel_gekozen"
217,14870,"Boomkruiper","short-toed treecreeper","trim_bruikbaar",1997,"index_100 = eerste analysejaar vanaf eerste positieve jaar",26,"trim-trend-v2","formeel","1997-2022",1997,2022,26,26,6.18056103002633,0.563887201145036,5.0231098321436,7.35076840393185,4.34990408798201e-11,"rtrim::overall(imputed); volledige variantie-covariantiematrix","beschikbaar","sterke_toename_p_kleiner_dan_0_05","rtrim_overall_classificatie","model3_overdisp","voorkeursmodel_gekozen"
218,15080,"Wielewaal","golden oriole","trim_bruikbaar",1997,"index_100 = eerste analysejaar vanaf eerste positieve jaar",26,"trim-trend-v2","formeel","1997-2022",1997,2022,26,26,-3.85771231714426,6.66134037283345,-16.6682668085124,10.9222036658325,0.575442904824787,"rtrim::overall(imputed); volledige variantie-covariantiematrix","beschikbaar","onzeker","rtrim_overall_classificatie","model2_basis","model3_varianten_mislukt_fallback_naar_model2"
222,15390,"Gaai","jay","trim_bruikbaar",1997,"index_100 = eerste analysejaar vanaf eerste positieve jaar",26,"trim-trend-v2","formeel","1997-2022",1997,2022,26,26,-2.20621159354493,0.272417329160949,-2.76684018387101,-1.64235052145147,3.09622181106554e-08,"rtrim::overall(imputed); volledige variantie-covariantiematrix","beschikbaar","matige_afname_p_kleiner_dan_0_01","rtrim_overall_classificatie","model3_overdisp","voorkeursmodel_gekozen"
223,15490,"Ekster","magpie","trim_bruikbaar",1997,"index_100 = eerste analysejaar vanaf eerste positieve jaar",26,"trim-trend-v2","formeel","1997-2022",1997,2022,26,26,-9.942047549775,0.713722596156154,-11.4031168774028,-8.45688342891184,1.6598637439144e-12,"rtrim::overall(imputed); volledige variantie-covariantiematrix","beschikbaar","sterke_afname_p_kleiner_dan_0_01","rtrim_overall_classificatie","model3_overdisp","voorkeursmodel_gekozen"
224,15600,"Kauw","jackdaw","trim_bruikbaar",1997,"index_100 = eerste analysejaar vanaf eerste positieve jaar",26,"trim-trend-v2","formeel","1997-2022",1997,2022,26,26,-12.3924499424392,0.847691249731052,-14.1246449019189,-10.6253148144533,8.00880698683149e-13,"rtrim::overall(imputed); volledige variantie-covariantiematrix","beschikbaar","sterke_afname_p_kleiner_dan_0_01","rtrim_overall_classificatie","model2_basis","model3_varianten_mislukt_fallback_naar_model2"
226,15671,"Zwarte Kraai","carrion crow","trim_bruikbaar",1997,"index_100 = eerste analysejaar vanaf eerste positieve jaar",26,"trim-trend-v2","formeel","1997-2022",1997,2022,26,26,-5.15099123445716,0.366216845322332,-5.90382208516058,-4.39213724548893,7.72052592703331e-13,"rtrim::overall(imputed); volledige variantie-covariantiematrix","beschikbaar","matige_afname_p_kleiner_dan_0_01","rtrim_overall_classificatie","model3_overdisp","voorkeursmodel_gekozen"
229,15820,"Spreeuw","starling","trim_bruikbaar",1997,"index_100 = eerste analysejaar vanaf eerste positieve jaar",26,"trim-trend-v2","formeel","1997-2022",1997,2022,26,26,-8.27420026584728,2.32936743217562,-12.9579623587905,-3.33840331781802,0.00235215987202511,"rtrim::overall(imputed); volledige variantie-covariantiematrix","beschikbaar","matige_afname_p_kleiner_dan_0_05","rtrim_overall_classificatie","model2_basis","model3_varianten_mislukt_fallback_naar_model2"
232,15980,"Ringmus","Tree Sparrow","trim_bruikbaar",1997,"index_100 = eerste analysejaar vanaf eerste positieve jaar",26,"trim-trend-v2","formeel","1997-2022",1997,2022,26,26,-11.9983486029107,26.0606521770297,-52.2415345010861,62.1553491661275,0.669881346005633,"rtrim::overall(imputed); volledige variantie-covariantiematrix","beschikbaar","onzeker","rtrim_overall_classificatie","model2_basis","model3_varianten_mislukt_fallback_naar_model2"
233,16360,"Vink","chaffinch","trim_bruikbaar",1997,"index_100 = eerste analysejaar vanaf eerste positieve jaar",26,"trim-trend-v2","formeel","1997-2022",1997,2022,26,26,9.00469152669101,0.379960891026268,8.22330488334364,9.79171988544394,1.37213131203523e-18,"rtrim::overall(imputed); volledige variantie-covariantiematrix","beschikbaar","sterke_toename_p_kleiner_dan_0_01","rtrim_overall_classificatie","model3_overdisp","voorkeursmodel_gekozen"
236,16490,"Groenling","greenfinch","trim_bruikbaar",1997,"index_100 = eerste analysejaar vanaf eerste positieve jaar",26,"trim-trend-v2","formeel","1997-2022",1997,2022,26,26,10.6989933098092,2.33517030351413,5.98284814043992,15.6250028643013,6.58905546831874e-05,"rtrim::overall(imputed); volledige variantie-covariantiematrix","beschikbaar","sterke_toename_p_kleiner_dan_0_05","rtrim_overall_classificatie","model2_basis","model3_varianten_mislukt_fallback_naar_model2"
237,16530,"Putter","goldfinch","trim_bruikbaar",1997,"index_100 = eerste analysejaar vanaf eerste positieve jaar",26,"trim-trend-v2","formeel","1997-2022",1997,2022,26,26,15.2216943578557,70.300423689248,-67.2923879531605,305.900584600396,0.81833208691906,"rtrim::overall(imputed); volledige variantie-covariantiematrix","beschikbaar","onzeker","rtrim_overall_classificatie","model2_basis","model3_varianten_mislukt_fallback_naar_model2"
238,16540,"Sijs","Eurasian Siskin","trim_bruikbaar",1998,"index_100 = eerste analysejaar vanaf eerste positieve jaar",25,"trim-trend-v2","formeel","1997-2022",1998,2022,25,25,0.588232485233142,1.07437853698417,-1.60991512292354,2.83548923800825,0.588217442638808,"rtrim::overall(imputed); volledige variantie-covariantiematrix","beschikbaar","stabiel","rtrim_overall_classificatie","model2_basis","model3_varianten_mislukt_fallback_naar_model2"
239,16600,"Kneu","common linnet","trim_bruikbaar",1997,"index_100 = eerste analysejaar vanaf eerste positieve jaar",26,"trim-trend-v2","formeel","1997-2022",1997,2022,26,26,-2.94530934497736,0.407827995399464,-3.78338555915599,-2.09993322999831,2.35769751215701e-07,"rtrim::overall(imputed); volledige variantie-covariantiematrix","beschikbaar","matige_afname_p_kleiner_dan_0_01","rtrim_overall_classificatie","model3_overdisp","voorkeursmodel_gekozen"
242,16634,"Kleine Barmsijs","Lesser Redpoll","trim_bruikbaar",1997,"index_100 = eerste analysejaar vanaf eerste positieve jaar",26,"trim-trend-v2","formeel","1997-2022",1997,2022,26,26,-4.72532670350058,13.081683804526,-28.2361735933273,26.4880069286646,0.727506840598066,"rtrim::overall(imputed); volledige variantie-covariantiematrix","beschikbaar","onzeker","rtrim_overall_classificatie","model2_basis","model3_varianten_mislukt_fallback_naar_model2"
243,16660,"Kruisbek","Crossbill","trim_bruikbaar",1998,"index_100 = eerste analysejaar vanaf eerste positieve jaar",25,"trim-trend-v2","formeel","1997-2022",1998,2022,25,25,-15.354809646325,67.8905130355384,-83.8925649501139,344.813729052442,0.837181574172278,"rtrim::overall(imputed); volledige variantie-covariantiematrix","beschikbaar","onzeker","rtrim_overall_classificatie","model2_basis","model3_varianten_mislukt_fallback_naar_model2"
246,17100,"Goudvink","bullfinch","trim_bruikbaar",1997,"index_100 = eerste analysejaar vanaf eerste positieve jaar",26,"trim-trend-v2","formeel","1997-2022",1997,2022,26,26,-8.93019673064708,0.582283645368332,-10.1240764522063,-7.72045793656556,1.86681144614402e-13,"rtrim::overall(imputed); volledige variantie-covariantiematrix","beschikbaar","sterke_afname_p_kleiner_dan_0_01","rtrim_overall_classificatie","model3_overdisp","voorkeursmodel_gekozen"
248,17170,"Appelvink","hawfinch","trim_bruikbaar",2001,"index_100 = eerste analysejaar vanaf eerste positieve jaar",22,"trim-trend-v2","formeel","1997-2022",2001,2022,22,22,23.7176382217551,40.0565264918246,-37.0323185040853,143.077935276402,0.518452118067226,"rtrim::overall(imputed); volledige variantie-covariantiematrix","beschikbaar","onzeker","rtrim_overall_classificatie","model2_basis","model3_varianten_mislukt_fallback_naar_model2"
251,18770,"Rietgors","reed bunting","trim_bruikbaar",1997,"index_100 = eerste analysejaar vanaf eerste positieve jaar",26,"trim-trend-v2","formeel","1997-2022",1997,2022,26,26,-5.65105518283516,0.443024089953807,-6.56099562464301,-4.73225343505372,6.44715123956168e-12,"rtrim::overall(imputed); volledige variantie-covariantiematrix","beschikbaar","matige_afname_p_kleiner_dan_0_01","rtrim_overall_classificatie","model3_overdisp","voorkeursmodel_gekozen"
