"soort_id","euring_code","soort_naam","engelse_naam","n_getelde_cellen","n_positieve_cellen","n_jaren_geteld","n_positieve_jaren","n_actieve_plots","model_gelukt","model","model_overdispersion","model_serial_correlation","model_aic","model_fallback_reden","fout","waarschuwingen","modelpogingen","modelselectie_methode","analyse_categorie"
1,70,"Dodaars","little grebe",625,324,26,26,17,TRUE,"model3_overdisp",TRUE,FALSE,NA,"voorkeursmodel_gekozen",NA,NA,"model3_overdisp:ok:aic=NA || model3_overdisp_serialcor:ok:aic=NA || model3_basis:ok:aic=NA || model2_basis:ok:aic=NA","vaste_voorkeurhierarchie_eerste_werkende_model","trim_bruikbaar"
2,90,"Fuut","great crested grebe",625,322,26,26,15,TRUE,"model3_overdisp",TRUE,FALSE,NA,"voorkeursmodel_gekozen",NA,"Overdispersion 0.5 <1; consider setting overdisp=FALSE","model3_overdisp:ok:aic=NA || model3_overdisp_serialcor:ok:aic=NA || model3_basis:ok:aic=NA || model2_basis:ok:aic=NA","vaste_voorkeurhierarchie_eerste_werkende_model","trim_bruikbaar"
4,120,"Geoorde Fuut","black-necked grebe",625,93,26,22,12,TRUE,"model2_basis",FALSE,FALSE,NA,"model3_varianten_mislukt_fallback_naar_model2",NA,"Data ends with 2 years without positive observations.","model3_overdisp:fout:Found zero or less counts for year 22, 23, 25, 26 || model3_overdisp_serialcor:fout:Found zero or less counts for year 22, 23, 25, 26 || model3_basis:fout:Found zero or less counts for year 22, 23, 25, 26 || model2_basis:ok:aic=NA","vaste_voorkeurhierarchie_eerste_werkende_model","trim_bruikbaar"
5,720,"Aalscholver","Cormorant",625,77,26,24,9,TRUE,"model2_basis",FALSE,FALSE,NA,"model3_varianten_mislukt_fallback_naar_model2",NA,NA,"model3_overdisp:fout:Found zero or less counts for year 5, 6 || model3_overdisp_serialcor:fout:Found zero or less counts for year 5, 6 || model3_basis:fout:Found zero or less counts for year 5, 6 || model2_basis:ok:aic=NA","vaste_voorkeurhierarchie_eerste_werkende_model","trim_bruikbaar"
7,950,"Roerdomp","bittern",625,53,26,17,11,TRUE,"model3_overdisp",TRUE,FALSE,NA,"voorkeursmodel_gekozen",NA,"Overdispersion 0.7 <1; consider setting overdisp=FALSE","model3_overdisp:ok:aic=NA || model3_overdisp_serialcor:ok:aic=NA || model3_basis:ok:aic=NA || model2_basis:ok:aic=NA","vaste_voorkeurhierarchie_eerste_werkende_model","trim_bruikbaar"
8,980,"Woudaap","Little Bittern",625,4,26,4,3,TRUE,"model2_basis",FALSE,FALSE,NA,"model3_varianten_mislukt_fallback_naar_model2",NA,"Data ends with 7 years without positive observations.","model3_overdisp:fout:Found zero or less counts for year 2, 5, 6, 7, 8, 9, 11, 12, 13, 14, 15, 16, 17 || model3_overdisp_serialcor:fout:Found zero or less counts for year 2, 5, 6, 7, 8, 9, 11, 12, 13, 14, 15, 16, 17 || model3_basis:fout:Found zero or less counts for year 2, 5, 6, 7, 8, 9, 11, 12, 13, 14, 15, 16, 17 || model2_basis:ok:aic=NA","vaste_voorkeurhierarchie_eerste_werkende_model","trim_bruikbaar"
11,1220,"Blauwe Reiger","Grey Heron",625,1,26,1,1,FALSE,NA,FALSE,FALSE,NA,"geen_model","te_weinig_data",NA,NA,"vaste_voorkeurhierarchie_eerste_werkende_model","te_zeldzaam"
17,1520,"Knobbelzwaan","mute swan",625,211,26,26,17,TRUE,"model3_overdisp",TRUE,FALSE,NA,"voorkeursmodel_gekozen",NA,"Overdispersion 0.6 <1; consider setting overdisp=FALSE","model3_overdisp:ok:aic=NA || model3_overdisp_serialcor:ok:aic=NA || model3_basis:ok:aic=NA || model2_basis:ok:aic=NA","vaste_voorkeurhierarchie_eerste_werkende_model","trim_bruikbaar"
21,1610,"Grauwe Gans","greylag goose",625,294,26,26,17,TRUE,"model3_overdisp",TRUE,FALSE,NA,"voorkeursmodel_gekozen",NA,NA,"model3_overdisp:ok:aic=NA || model3_overdisp_serialcor:ok:aic=NA || model3_basis:ok:aic=NA || model2_basis:ok:aic=NA","vaste_voorkeurhierarchie_eerste_werkende_model","trim_bruikbaar"
22,1619,"Soepgans","Domestic Goose",625,5,26,3,5,TRUE,"model2_basis",FALSE,FALSE,NA,"model3_varianten_mislukt_fallback_naar_model2",NA,"Data ends with 2 years without positive observations.","model3_overdisp:fout:Found zero or less counts for year 2, 3, 4, 5, 7, 8, 9, 11, 12 || model3_overdisp_serialcor:fout:Found zero or less counts for year 2, 3, 4, 5, 7, 8, 9, 11, 12 || model3_basis:fout:Found zero or less counts for year 2, 3, 4, 5, 7, 8, 9, 11, 12 || model2_basis:ok:aic=NA","vaste_voorkeurhierarchie_eerste_werkende_model","trim_bruikbaar"
25,1661,"Grote Canadese Gans","canada goose",625,191,26,24,17,TRUE,"model3_overdisp",TRUE,FALSE,NA,"voorkeursmodel_gekozen",NA,"Overdispersion 0.6 <1; consider setting overdisp=FALSE","model3_overdisp:ok:aic=NA || model3_overdisp_serialcor:ok:aic=NA || model3_basis:ok:aic=NA || model2_basis:ok:aic=NA","vaste_voorkeurhierarchie_eerste_werkende_model","trim_bruikbaar"
27,1700,"Nijlgans","Egyptian goose",625,192,26,26,19,TRUE,"model3_overdisp",TRUE,FALSE,NA,"voorkeursmodel_gekozen",NA,"Overdispersion 0.7 <1; consider setting overdisp=FALSE","model3_overdisp:ok:aic=NA || model3_overdisp_serialcor:ok:aic=NA || model3_basis:ok:aic=NA || model2_basis:ok:aic=NA","vaste_voorkeurhierarchie_eerste_werkende_model","trim_bruikbaar"
29,1730,"Bergeend","Common Shelduck",625,40,26,14,13,TRUE,"model2_basis",FALSE,FALSE,NA,"model3_varianten_mislukt_fallback_naar_model2",NA,"Data ends with 1 years without positive observations.","model3_overdisp:fout:Found zero or less counts for year 6, 7, 8, 9, 10, 11, 12, 17, 18, 19, 20, 26 || model3_overdisp_serialcor:fout:Found zero or less counts for year 6, 7, 8, 9, 10, 11, 12, 17, 18, 19, 20, 26 || model3_basis:fout:Found zero or less counts for year 6, 7, 8, 9, 10, 11, 12, 17, 18, 19, 20, 26 || model2_basis:ok:aic=NA","vaste_voorkeurhierarchie_eerste_werkende_model","trim_bruikbaar"
34,1820,"Krakeend","gadwall",625,294,26,26,18,TRUE,"model3_overdisp",TRUE,FALSE,NA,"voorkeursmodel_gekozen",NA,NA,"model3_overdisp:ok:aic=NA || model3_overdisp_serialcor:ok:aic=NA || model3_basis:ok:aic=NA || model2_basis:ok:aic=NA","vaste_voorkeurhierarchie_eerste_werkende_model","trim_bruikbaar"
35,1840,"Wintertaling","Teal",625,13,26,11,5,TRUE,"model2_basis",FALSE,FALSE,NA,"model3_varianten_mislukt_fallback_naar_model2",NA,"Data ends with 1 years without positive observations.","model3_overdisp:fout:Found zero or less counts for year 4, 5, 6, 8, 10, 13, 15, 16, 19, 20, 21, 22, 23, 24, 26 || model3_overdisp_serialcor:fout:Found zero or less counts for year 4, 5, 6, 8, 10, 13, 15, 16, 19, 20, 21, 22, 23, 24, 26 || model3_basis:fout:Found zero or less counts for year 4, 5, 6, 8, 10, 13, 15, 16, 19, 20, 21, 22, 23, 24, 26 || model2_basis:ok:aic=NA","vaste_voorkeurhierarchie_eerste_werkende_model","trim_bruikbaar"
36,1860,"Wilde Eend","mallard",625,403,26,26,20,TRUE,"model3_overdisp",TRUE,FALSE,NA,"voorkeursmodel_gekozen",NA,NA,"model3_overdisp:ok:aic=NA || model3_overdisp_serialcor:ok:aic=NA || model3_basis:ok:aic=NA || model2_basis:ok:aic=NA","vaste_voorkeurhierarchie_eerste_werkende_model","trim_bruikbaar"
37,1869,"Soepeend","hybrid duck",625,54,26,19,15,TRUE,"model2_basis",FALSE,FALSE,NA,"model3_varianten_mislukt_fallback_naar_model2",NA,NA,"model3_overdisp:fout:Found zero or less counts for year 12, 14, 18, 19, 20, 21, 23 || model3_overdisp_serialcor:fout:Found zero or less counts for year 12, 14, 18, 19, 20, 21, 23 || model3_basis:fout:Found zero or less counts for year 12, 14, 18, 19, 20, 21, 23 || model2_basis:ok:aic=NA","vaste_voorkeurhierarchie_eerste_werkende_model","trim_bruikbaar"
38,1890,"Pijlstaart","Pintail",625,1,26,1,1,FALSE,NA,FALSE,FALSE,NA,"geen_model","te_weinig_data",NA,NA,"vaste_voorkeurhierarchie_eerste_werkende_model","te_zeldzaam"
39,1910,"Zomertaling","Garganey",625,3,26,3,2,TRUE,"model2_basis",FALSE,FALSE,NA,"model3_varianten_mislukt_fallback_naar_model2",NA,"Data ends with 10 years without positive observations.","model3_overdisp:fout:Found zero or less counts for year 2, 3, 4, 5, 6, 8, 9, 11, 12, 13, 14, 15, 16, 17, 18, 19, 20 || model3_overdisp_serialcor:fout:Found zero or less counts for year 2, 3, 4, 5, 6, 8, 9, 11, 12, 13, 14, 15, 16, 17, 18, 19, 20 || model3_basis:fout:Found zero or less counts for year 2, 3, 4, 5, 6, 8, 9, 11, 12, 13, 14, 15, 16, 17, 18, 19, 20 || model2_basis:ok:aic=NA","vaste_voorkeurhierarchie_eerste_werkende_model","trim_bruikbaar"
40,1940,"Slobeend","shoveler",625,48,26,20,12,TRUE,"model2_basis",FALSE,FALSE,NA,"model3_varianten_mislukt_fallback_naar_model2",NA,NA,"model3_overdisp:fout:Found zero or less counts for year 9, 10, 11, 12, 14, 15 || model3_overdisp_serialcor:fout:Found zero or less counts for year 9, 10, 11, 12, 14, 15 || model3_basis:fout:Found zero or less counts for year 9, 10, 11, 12, 14, 15 || model2_basis:ok:aic=NA","vaste_voorkeurhierarchie_eerste_werkende_model","trim_bruikbaar"
41,1960,"Krooneend","red-crested pochard",625,180,26,23,15,TRUE,"model2_basis",FALSE,FALSE,NA,"model3_varianten_mislukt_fallback_naar_model2",NA,NA,"model3_overdisp:fout:Found zero or less counts for year 3, 7 || model3_overdisp_serialcor:fout:Found zero or less counts for year 3, 7 || model3_basis:fout:Found zero or less counts for year 3, 7 || model2_basis:ok:aic=NA","vaste_voorkeurhierarchie_eerste_werkende_model","trim_bruikbaar"
42,1980,"Tafeleend","pochard",625,306,26,26,17,TRUE,"model3_overdisp",TRUE,FALSE,NA,"voorkeursmodel_gekozen",NA,NA,"model3_overdisp:ok:aic=NA || model3_overdisp_serialcor:ok:aic=NA || model3_basis:ok:aic=NA || model2_basis:ok:aic=NA","vaste_voorkeurhierarchie_eerste_werkende_model","trim_bruikbaar"
44,2030,"Kuifeend","tufted duck",625,325,26,26,17,TRUE,"model3_overdisp",TRUE,FALSE,NA,"voorkeursmodel_gekozen",NA,NA,"model3_overdisp:ok:aic=NA || model3_overdisp_serialcor:ok:aic=NA || model3_basis:ok:aic=NA || model2_basis:ok:aic=NA","vaste_voorkeurhierarchie_eerste_werkende_model","trim_bruikbaar"
53,2310,"Wespendief","Honey Buzzard",625,2,26,2,1,FALSE,NA,FALSE,FALSE,NA,"geen_model","te_weinig_data",NA,NA,"vaste_voorkeurhierarchie_eerste_werkende_model","te_zeldzaam"
57,2600,"Bruine Kiekendief","Marsh Harrier",625,1,26,1,1,FALSE,NA,FALSE,FALSE,NA,"geen_model","te_weinig_data",NA,NA,"vaste_voorkeurhierarchie_eerste_werkende_model","te_zeldzaam"
60,2670,"Havik","goshawk",625,86,26,26,13,TRUE,"model3_overdisp",TRUE,FALSE,NA,"voorkeursmodel_gekozen",NA,"Overdispersion 0.8 <1; consider setting overdisp=FALSE","model3_overdisp:ok:aic=NA || model3_overdisp_serialcor:ok:aic=NA || model3_basis:ok:aic=NA || model2_basis:ok:aic=NA","vaste_voorkeurhierarchie_eerste_werkende_model","trim_bruikbaar"
61,2690,"Sperwer","Sparrowhawk",625,28,26,22,11,TRUE,"model2_basis",FALSE,FALSE,NA,"model3_varianten_mislukt_fallback_naar_model2",NA,NA,"model3_overdisp:fout:Found zero or less counts for year 2, 3, 17, 19 || model3_overdisp_serialcor:fout:Found zero or less counts for year 2, 3, 17, 19 || model3_basis:fout:Found zero or less counts for year 2, 3, 17, 19 || model2_basis:ok:aic=NA","vaste_voorkeurhierarchie_eerste_werkende_model","trim_bruikbaar"
62,2870,"Buizerd","buzzard",625,205,26,26,23,TRUE,"model3_overdisp",TRUE,FALSE,NA,"voorkeursmodel_gekozen",NA,"Overdispersion 0.7 <1; consider setting overdisp=FALSE","model3_overdisp:ok:aic=NA || model3_overdisp_serialcor:ok:aic=NA || model3_basis:ok:aic=NA || model2_basis:ok:aic=NA","vaste_voorkeurhierarchie_eerste_werkende_model","trim_bruikbaar"
64,3040,"Torenvalk","kestrel",625,26,26,11,10,TRUE,"model2_basis",FALSE,FALSE,NA,"model3_varianten_mislukt_fallback_naar_model2",NA,"Data ends with 1 years without positive observations.","model3_overdisp:fout:Found zero or less counts for year 11, 12, 13, 14, 15, 16, 17, 18, 19, 20, 21, 22, 23, 24, 26 || model3_overdisp_serialcor:fout:Found zero or less counts for year 11, 12, 13, 14, 15, 16, 17, 18, 19, 20, 21, 22, 23, 24, 26 || model3_basis:fout:Found zero or less counts for year 11, 12, 13, 14, 15, 16, 17, 18, 19, 20, 21, 22, 23, 24, 26 || model2_basis:ok:aic=NA","vaste_voorkeurhierarchie_eerste_werkende_model","trim_bruikbaar"
66,3100,"Boomvalk","hobby",625,33,26,14,12,TRUE,"model2_basis",FALSE,FALSE,NA,"model3_varianten_mislukt_fallback_naar_model2",NA,"Data ends with 5 years without positive observations.","model3_overdisp:fout:Found zero or less counts for year 13, 14, 15, 16, 17, 18, 19, 22, 23, 24, 25, 26 || model3_overdisp_serialcor:fout:Found zero or less counts for year 13, 14, 15, 16, 17, 18, 19, 22, 23, 24, 25, 26 || model3_basis:fout:Found zero or less counts for year 13, 14, 15, 16, 17, 18, 19, 22, 23, 24, 25, 26 || model2_basis:ok:aic=NA","vaste_voorkeurhierarchie_eerste_werkende_model","trim_bruikbaar"
70,3700,"Kwartel","Quail",625,3,26,3,3,TRUE,"model2_basis",FALSE,FALSE,NA,"model3_varianten_mislukt_fallback_naar_model2",NA,"Data ends with 2 years without positive observations.","model3_overdisp:fout:Found zero or less counts for year 3, 4, 5, 6, 7, 8, 9, 10, 11, 12, 13, 15, 16 || model3_overdisp_serialcor:fout:Found zero or less counts for year 3, 4, 5, 6, 7, 8, 9, 10, 11, 12, 13, 15, 16 || model3_basis:fout:Found zero or less counts for year 3, 4, 5, 6, 7, 8, 9, 10, 11, 12, 13, 15, 16 || model2_basis:ok:aic=NA","vaste_voorkeurhierarchie_eerste_werkende_model","trim_bruikbaar"
71,3940,"Gewone Fazant","pheasant",625,152,26,15,23,TRUE,"model2_basis",FALSE,FALSE,NA,"model3_varianten_mislukt_fallback_naar_model2",NA,"Data ends with 11 years without positive observations.","model3_overdisp:fout:Found zero or less counts for year 16, 17, 18, 19, 20, 21, 22, 23, 24, 25, 26 || model3_overdisp_serialcor:fout:Found zero or less counts for year 16, 17, 18, 19, 20, 21, 22, 23, 24, 25, 26 || model3_basis:fout:Found zero or less counts for year 16, 17, 18, 19, 20, 21, 22, 23, 24, 25, 26 || model2_basis:ok:aic=NA","vaste_voorkeurhierarchie_eerste_werkende_model","trim_bruikbaar"
72,4070,"Waterral","water rail",625,128,26,26,15,TRUE,"model3_overdisp",TRUE,FALSE,NA,"voorkeursmodel_gekozen",NA,NA,"model3_overdisp:ok:aic=NA || model3_overdisp_serialcor:ok:aic=NA || model3_basis:ok:aic=NA || model2_basis:ok:aic=NA","vaste_voorkeurhierarchie_eerste_werkende_model","trim_bruikbaar"
76,4210,"Kwartelkoning","Corncrake",625,1,26,1,1,FALSE,NA,FALSE,FALSE,NA,"geen_model","te_weinig_data",NA,NA,"vaste_voorkeurhierarchie_eerste_werkende_model","te_zeldzaam"
77,4240,"Waterhoen","moorhen",625,205,26,26,18,TRUE,"model3_overdisp",TRUE,FALSE,NA,"voorkeursmodel_gekozen",NA,"Overdispersion 1.0 <1; consider setting overdisp=FALSE","model3_overdisp:ok:aic=NA || model3_overdisp_serialcor:ok:aic=NA || model3_basis:ok:aic=NA || model2_basis:ok:aic=NA","vaste_voorkeurhierarchie_eerste_werkende_model","trim_bruikbaar"
78,4290,"Meerkoet","Eurasian coot",625,419,26,26,19,TRUE,"model3_overdisp",TRUE,FALSE,NA,"voorkeursmodel_gekozen",NA,NA,"model3_overdisp:ok:aic=NA || model3_overdisp_serialcor:ok:aic=NA || model3_basis:ok:aic=NA || model2_basis:ok:aic=NA","vaste_voorkeurhierarchie_eerste_werkende_model","trim_bruikbaar"
80,4500,"Scholekster","oystercatcher",625,15,26,9,5,TRUE,"model2_basis",FALSE,FALSE,NA,"model3_varianten_mislukt_fallback_naar_model2",NA,"Data ends with 17 years without positive observations.","model3_overdisp:fout:Found zero or less counts for year 10, 11, 12, 13, 14, 15, 16, 17, 18, 19, 20, 21, 22, 23, 24, 25, 26 || model3_overdisp_serialcor:fout:Found zero or less counts for year 10, 11, 12, 13, 14, 15, 16, 17, 18, 19, 20, 21, 22, 23, 24, 25, 26 || model3_basis:fout:Found zero or less counts for year 10, 11, 12, 13, 14, 15, 16, 17, 18, 19, 20, 21, 22, 23, 24, 25, 26 || model2_basis:ok:aic=NA","vaste_voorkeurhierarchie_eerste_werkende_model","trim_bruikbaar"
82,4560,"Kluut","Pied Avocet",625,1,26,1,1,FALSE,NA,FALSE,FALSE,NA,"geen_model","te_weinig_data",NA,NA,"vaste_voorkeurhierarchie_eerste_werkende_model","te_zeldzaam"
84,4690,"Kleine Plevier","little ringed plover",625,47,26,19,11,TRUE,"model2_basis",FALSE,FALSE,NA,"model3_varianten_mislukt_fallback_naar_model2",NA,NA,"model3_overdisp:fout:Found zero or less counts for year 6, 7, 8, 10, 11, 14, 15 || model3_overdisp_serialcor:fout:Found zero or less counts for year 6, 7, 8, 10, 11, 14, 15 || model3_basis:fout:Found zero or less counts for year 6, 7, 8, 10, 11, 14, 15 || model2_basis:ok:aic=NA","vaste_voorkeurhierarchie_eerste_werkende_model","trim_bruikbaar"
88,4930,"Kievit","lapwing",625,147,26,26,10,TRUE,"model3_overdisp",TRUE,FALSE,NA,"voorkeursmodel_gekozen",NA,"Overdispersion 1.0 <1; consider setting overdisp=FALSE","model3_overdisp:ok:aic=NA || model3_overdisp_serialcor:ok:aic=NA || model3_basis:ok:aic=NA || model2_basis:ok:aic=NA","vaste_voorkeurhierarchie_eerste_werkende_model","trim_bruikbaar"
93,5190,"Watersnip","Common Snipe",625,3,26,2,2,FALSE,NA,FALSE,FALSE,NA,"geen_model","te_weinig_data",NA,NA,"vaste_voorkeurhierarchie_eerste_werkende_model","te_zeldzaam"
94,5290,"Houtsnip","Woodcock",625,31,26,20,14,TRUE,"model2_basis",FALSE,FALSE,NA,"model3_varianten_mislukt_fallback_naar_model2",NA,NA,"model3_overdisp:fout:Found zero or less counts for year 5, 6, 16, 18, 20 || model3_overdisp_serialcor:fout:Found zero or less counts for year 5, 6, 16, 18, 20 || model3_basis:fout:Found zero or less counts for year 5, 6, 16, 18, 20 || model2_basis:ok:aic=NA","vaste_voorkeurhierarchie_eerste_werkende_model","trim_bruikbaar"
97,5410,"Wulp","Curlew",625,5,26,3,3,TRUE,"model2_basis",FALSE,FALSE,NA,"model3_varianten_mislukt_fallback_naar_model2",NA,"Data ends with 11 years without positive observations.","model3_overdisp:fout:Found zero or less counts for year 3, 4, 5, 6, 7, 8, 9, 10, 11, 12, 13, 14, 16, 17, 18, 19, 20, 21, 22, 23, 24, 25, 26 || model3_overdisp_serialcor:fout:Found zero or less counts for year 3, 4, 5, 6, 7, 8, 9, 10, 11, 12, 13, 14, 16, 17, 18, 19, 20, 21, 22, 23, 24, 25, 26 || model3_basis:fout:Found zero or less counts for year 3, 4, 5, 6, 7, 8, 9, 10, 11, 12, 13, 14, 16, 17, 18, 19, 20, 21, 22, 23, 24, 25, 26 || model2_basis:ok:aic=NA","vaste_voorkeurhierarchie_eerste_werkende_model","trim_bruikbaar"
98,5460,"Tureluur","Redshank",625,11,26,10,4,TRUE,"model2_basis",FALSE,FALSE,NA,"model3_varianten_mislukt_fallback_naar_model2",NA,"Data ends with 2 years without positive observations.","model3_overdisp:fout:Found zero or less counts for year 7, 8, 9, 10, 11, 13, 14, 15, 16, 18, 19, 20, 21, 23, 25, 26 || model3_overdisp_serialcor:fout:Found zero or less counts for year 7, 8, 9, 10, 11, 13, 14, 15, 16, 18, 19, 20, 21, 23, 25, 26 || model3_basis:fout:Found zero or less counts for year 7, 8, 9, 10, 11, 13, 14, 15, 16, 18, 19, 20, 21, 23, 25, 26 || model2_basis:ok:aic=NA","vaste_voorkeurhierarchie_eerste_werkende_model","trim_bruikbaar"
102,5560,"Oeverloper","Common Sandpiper",625,2,26,2,1,FALSE,NA,FALSE,FALSE,NA,"geen_model","te_weinig_data",NA,NA,"vaste_voorkeurhierarchie_eerste_werkende_model","te_zeldzaam"
105,5820,"Kokmeeuw","Black-headed Gull",625,1,26,1,1,FALSE,NA,FALSE,FALSE,NA,"geen_model","te_weinig_data",NA,NA,"vaste_voorkeurhierarchie_eerste_werkende_model","te_zeldzaam"
106,5900,"Stormmeeuw","common gull",625,63,26,16,9,TRUE,"model2_basis",FALSE,FALSE,NA,"model3_varianten_mislukt_fallback_naar_model2",NA,"Data ends with 10 years without positive observations.","model3_overdisp:fout:Found zero or less counts for year 17, 18, 19, 20, 21, 22, 23, 24, 25, 26 || model3_overdisp_serialcor:fout:Found zero or less counts for year 17, 18, 19, 20, 21, 22, 23, 24, 25, 26 || model3_basis:fout:Found zero or less counts for year 17, 18, 19, 20, 21, 22, 23, 24, 25, 26 || model2_basis:ok:aic=NA","vaste_voorkeurhierarchie_eerste_werkende_model","trim_bruikbaar"
116,6150,"Visdief","Common Tern",625,3,26,3,2,TRUE,"model2_basis",FALSE,FALSE,NA,"model3_varianten_mislukt_fallback_naar_model2",NA,"Data ends with 19 years without positive observations.","model3_overdisp:fout:Found zero or less counts for year 2, 3, 4, 6, 8, 9, 10, 11, 12, 13, 14, 15, 16, 17, 18, 19, 20, 21, 22, 23, 24, 25, 26 || model3_overdisp_serialcor:fout:Found zero or less counts for year 2, 3, 4, 6, 8, 9, 10, 11, 12, 13, 14, 15, 16, 17, 18, 19, 20, 21, 22, 23, 24, 25, 26 || model3_basis:fout:Found zero or less counts for year 2, 3, 4, 6, 8, 9, 10, 11, 12, 13, 14, 15, 16, 17, 18, 19, 20, 21, 22, 23, 24, 25, 26 || model2_basis:ok:aic=NA","vaste_voorkeurhierarchie_eerste_werkende_model","trim_bruikbaar"
121,6658,"Stadsduif","Feral Pigeon",625,1,26,1,1,FALSE,NA,FALSE,FALSE,NA,"geen_model","te_weinig_data",NA,NA,"vaste_voorkeurhierarchie_eerste_werkende_model","te_zeldzaam"
122,6680,"Holenduif","stock dove",625,59,26,25,17,TRUE,"model2_basis",FALSE,FALSE,NA,"model3_varianten_mislukt_fallback_naar_model2",NA,NA,"model3_overdisp:fout:Found zero or less counts for year 8 || model3_overdisp_serialcor:fout:Found zero or less counts for year 8 || model3_basis:fout:Found zero or less counts for year 8 || model2_basis:ok:aic=NA","vaste_voorkeurhierarchie_eerste_werkende_model","trim_bruikbaar"
123,6700,"Houtduif","woodpigeon",625,451,26,26,25,TRUE,"model3_overdisp",TRUE,FALSE,NA,"voorkeursmodel_gekozen",NA,NA,"model3_overdisp:ok:aic=NA || model3_overdisp_serialcor:ok:aic=NA || model3_basis:ok:aic=NA || model2_basis:ok:aic=NA","vaste_voorkeurhierarchie_eerste_werkende_model","trim_bruikbaar"
124,6840,"Turkse Tortel","Collared Dove",625,19,26,14,9,TRUE,"model2_basis",FALSE,FALSE,NA,"model3_varianten_mislukt_fallback_naar_model2",NA,NA,"model3_overdisp:fout:Found zero or less counts for year 7, 8, 9, 10, 13, 14, 16, 17, 18, 19 || model3_overdisp_serialcor:fout:Found zero or less counts for year 7, 8, 9, 10, 13, 14, 16, 17, 18, 19 || model3_basis:fout:Found zero or less counts for year 7, 8, 9, 10, 13, 14, 16, 17, 18, 19 || model2_basis:ok:aic=NA","vaste_voorkeurhierarchie_eerste_werkende_model","trim_bruikbaar"
125,6870,"Tortelduif","turtle dove",625,123,26,17,20,TRUE,"model2_basis",FALSE,FALSE,NA,"model3_varianten_mislukt_fallback_naar_model2",NA,"Data ends with 3 years without positive observations.","model3_overdisp:fout:Found zero or less counts for year 16, 18, 19, 20, 21, 22, 24, 25, 26 || model3_overdisp_serialcor:fout:Found zero or less counts for year 16, 18, 19, 20, 21, 22, 24, 25, 26 || model3_basis:fout:Found zero or less counts for year 16, 18, 19, 20, 21, 22, 24, 25, 26 || model2_basis:ok:aic=NA","vaste_voorkeurhierarchie_eerste_werkende_model","trim_bruikbaar"
126,7120,"Halsbandparkiet","ring-necked parakeet",625,14,26,10,3,TRUE,"model2_basis",FALSE,FALSE,NA,"model3_varianten_mislukt_fallback_naar_model2",NA,NA,"model3_overdisp:fout:Found zero or less counts for year 7, 8, 9, 11, 12, 13, 14, 15, 16, 17 || model3_overdisp_serialcor:fout:Found zero or less counts for year 7, 8, 9, 11, 12, 13, 14, 15, 16, 17 || model3_basis:fout:Found zero or less counts for year 7, 8, 9, 11, 12, 13, 14, 15, 16, 17 || model2_basis:ok:aic=NA","vaste_voorkeurhierarchie_eerste_werkende_model","trim_bruikbaar"
127,7240,"Koekoek","cuckoo",625,413,26,26,25,TRUE,"model3_overdisp",TRUE,FALSE,NA,"voorkeursmodel_gekozen",NA,"Overdispersion 0.6 <1; consider setting overdisp=FALSE","model3_overdisp:ok:aic=NA || model3_overdisp_serialcor:ok:aic=NA || model3_basis:ok:aic=NA || model2_basis:ok:aic=NA","vaste_voorkeurhierarchie_eerste_werkende_model","trim_bruikbaar"
131,7610,"Bosuil","tawny owl",625,85,26,26,16,TRUE,"model3_overdisp",TRUE,FALSE,NA,"voorkeursmodel_gekozen",NA,NA,"model3_overdisp:ok:aic=NA || model3_overdisp_serialcor:ok:aic=NA || model3_basis:ok:aic=NA || model2_basis:ok:aic=NA","vaste_voorkeurhierarchie_eerste_werkende_model","trim_bruikbaar"
132,7670,"Ransuil","Long-eared Owl",625,5,26,4,4,TRUE,"model2_basis",FALSE,FALSE,NA,"model3_varianten_mislukt_fallback_naar_model2",NA,"Data ends with 2 years without positive observations.","model3_overdisp:fout:Found zero or less counts for year 2, 3, 4, 5, 6, 7, 8, 9, 10, 13, 14, 15, 17, 18 || model3_overdisp_serialcor:fout:Found zero or less counts for year 2, 3, 4, 5, 6, 7, 8, 9, 10, 13, 14, 15, 17, 18 || model3_basis:fout:Found zero or less counts for year 2, 3, 4, 5, 6, 7, 8, 9, 10, 13, 14, 15, 17, 18 || model2_basis:ok:aic=NA","vaste_voorkeurhierarchie_eerste_werkende_model","trim_bruikbaar"
135,7780,"Nachtzwaluw","Nightjar",625,4,26,4,2,TRUE,"model2_basis",FALSE,FALSE,NA,"model3_varianten_mislukt_fallback_naar_model2",NA,NA,"model3_overdisp:fout:Found zero or less counts for year 4, 5, 6, 7, 8, 9, 10, 11, 12, 13, 14, 15, 16, 17, 18, 19, 20 || model3_overdisp_serialcor:fout:Found zero or less counts for year 4, 5, 6, 7, 8, 9, 10, 11, 12, 13, 14, 15, 16, 17, 18, 19, 20 || model3_basis:fout:Found zero or less counts for year 4, 5, 6, 7, 8, 9, 10, 11, 12, 13, 14, 15, 16, 17, 18, 19, 20 || model2_basis:ok:aic=NA","vaste_voorkeurhierarchie_eerste_werkende_model","trim_bruikbaar"
136,7950,"Gierzwaluw","Common Swift",625,1,26,1,1,FALSE,NA,FALSE,FALSE,NA,"geen_model","te_weinig_data",NA,NA,"vaste_voorkeurhierarchie_eerste_werkende_model","te_zeldzaam"
137,8310,"IJsvogel","kingfisher",625,16,26,8,9,TRUE,"model2_basis",FALSE,FALSE,NA,"model3_varianten_mislukt_fallback_naar_model2",NA,"Data ends with 1 years without positive observations.","model3_overdisp:fout:Found zero or less counts for year 2, 3, 4, 5, 10, 14 || model3_overdisp_serialcor:fout:Found zero or less counts for year 2, 3, 4, 5, 10, 14 || model3_basis:fout:Found zero or less counts for year 2, 3, 4, 5, 10, 14 || model2_basis:ok:aic=NA","vaste_voorkeurhierarchie_eerste_werkende_model","trim_bruikbaar"
141,8480,"Draaihals","Eurasian Wryneck",625,1,26,1,1,FALSE,NA,FALSE,FALSE,NA,"geen_model","te_weinig_data",NA,NA,"vaste_voorkeurhierarchie_eerste_werkende_model","te_zeldzaam"
142,8560,"Groene Specht","European Green Woodpecker",625,208,26,26,20,TRUE,"model3_overdisp",TRUE,FALSE,NA,"voorkeursmodel_gekozen",NA,"Overdispersion 0.8 <1; consider setting overdisp=FALSE","model3_overdisp:ok:aic=NA || model3_overdisp_serialcor:ok:aic=NA || model3_basis:ok:aic=NA || model2_basis:ok:aic=NA","vaste_voorkeurhierarchie_eerste_werkende_model","trim_bruikbaar"
143,8630,"Zwarte Specht","Black Woodpecker",625,1,26,1,1,FALSE,NA,FALSE,FALSE,NA,"geen_model","te_weinig_data",NA,NA,"vaste_voorkeurhierarchie_eerste_werkende_model","te_zeldzaam"
144,8760,"Grote Bonte Specht","great spotted woodpecker",625,431,26,26,22,TRUE,"model3_overdisp",TRUE,FALSE,NA,"voorkeursmodel_gekozen",NA,"Overdispersion 0.5 <1; consider setting overdisp=FALSE","model3_overdisp:ok:aic=NA || model3_overdisp_serialcor:ok:aic=NA || model3_basis:ok:aic=NA || model2_basis:ok:aic=NA","vaste_voorkeurhierarchie_eerste_werkende_model","trim_bruikbaar"
146,8870,"Kleine Bonte Specht","lesser spotted woodpecker",625,54,26,16,16,TRUE,"model2_basis",FALSE,FALSE,NA,"model3_varianten_mislukt_fallback_naar_model2",NA,NA,"model3_overdisp:fout:Found zero or less counts for year 2, 3 || model3_overdisp_serialcor:fout:Found zero or less counts for year 2, 3 || model3_basis:fout:Found zero or less counts for year 2, 3 || model2_basis:ok:aic=NA","vaste_voorkeurhierarchie_eerste_werkende_model","trim_bruikbaar"
147,9720,"Kuifleeuwerik","Crested Lark",625,2,26,2,1,FALSE,NA,FALSE,FALSE,NA,"geen_model","te_weinig_data",NA,NA,"vaste_voorkeurhierarchie_eerste_werkende_model","te_zeldzaam"
148,9740,"Boomleeuwerik","woodlark",625,400,26,26,24,TRUE,"model3_overdisp",TRUE,FALSE,NA,"voorkeursmodel_gekozen",NA,"Overdispersion 0.9 <1; consider setting overdisp=FALSE","model3_overdisp:ok:aic=NA || model3_overdisp_serialcor:ok:aic=NA || model3_basis:ok:aic=NA || model2_basis:ok:aic=NA","vaste_voorkeurhierarchie_eerste_werkende_model","trim_bruikbaar"
150,9760,"Veldleeuwerik","Skylark",625,8,26,7,6,TRUE,"model2_basis",FALSE,FALSE,NA,"model3_varianten_mislukt_fallback_naar_model2",NA,NA,"model3_overdisp:fout:Found zero or less counts for year 3, 7, 8, 9, 10, 12, 13, 14, 15, 16, 17, 18, 19, 20, 21, 22, 23 || model3_overdisp_serialcor:fout:Found zero or less counts for year 3, 7, 8, 9, 10, 12, 13, 14, 15, 16, 17, 18, 19, 20, 21, 22, 23 || model3_basis:fout:Found zero or less counts for year 3, 7, 8, 9, 10, 12, 13, 14, 15, 16, 17, 18, 19, 20, 21, 22, 23 || model2_basis:ok:aic=NA","vaste_voorkeurhierarchie_eerste_werkende_model","trim_bruikbaar"
151,9810,"Oeverzwaluw","sand martin",625,3,26,2,3,FALSE,NA,FALSE,FALSE,NA,"geen_model","te_weinig_data",NA,NA,"vaste_voorkeurhierarchie_eerste_werkende_model","te_zeldzaam"
152,9920,"Boerenzwaluw","Barn Swallow",625,1,26,1,1,FALSE,NA,FALSE,FALSE,NA,"geen_model","te_weinig_data",NA,NA,"vaste_voorkeurhierarchie_eerste_werkende_model","te_zeldzaam"
155,10090,"Boompieper","tree pipit",625,308,26,26,21,TRUE,"model3_overdisp",TRUE,FALSE,NA,"voorkeursmodel_gekozen",NA,NA,"model3_overdisp:ok:aic=NA || model3_overdisp_serialcor:ok:aic=NA || model3_basis:ok:aic=NA || model2_basis:ok:aic=NA","vaste_voorkeurhierarchie_eerste_werkende_model","trim_bruikbaar"
156,10110,"Graspieper","meadow pipit",625,214,26,26,18,TRUE,"model3_overdisp",TRUE,FALSE,NA,"voorkeursmodel_gekozen",NA,"Overdispersion 1.0 <1; consider setting overdisp=FALSE","model3_overdisp:ok:aic=NA || model3_overdisp_serialcor:ok:aic=NA || model3_basis:ok:aic=NA || model2_basis:ok:aic=NA","vaste_voorkeurhierarchie_eerste_werkende_model","trim_bruikbaar"
158,10171,"Gele Kwikstaart","Yellow Wagtail",625,1,26,1,1,FALSE,NA,FALSE,FALSE,NA,"geen_model","te_weinig_data",NA,NA,"vaste_voorkeurhierarchie_eerste_werkende_model","te_zeldzaam"
162,10201,"Witte Kwikstaart","White Wagtail",625,47,26,23,14,TRUE,"model2_basis",FALSE,FALSE,NA,"model3_varianten_mislukt_fallback_naar_model2",NA,NA,"model3_overdisp:fout:Found zero or less counts for year 8, 10, 11 || model3_overdisp_serialcor:fout:Found zero or less counts for year 8, 10, 11 || model3_basis:fout:Found zero or less counts for year 8, 10, 11 || model2_basis:ok:aic=NA","vaste_voorkeurhierarchie_eerste_werkende_model","trim_bruikbaar"
163,10202,"Rouwkwikstaart","Pied Wagtail",625,1,26,1,1,FALSE,NA,FALSE,FALSE,NA,"geen_model","te_weinig_data",NA,NA,"vaste_voorkeurhierarchie_eerste_werkende_model","te_zeldzaam"
164,10660,"Winterkoning","wren",625,604,26,26,25,TRUE,"model3_overdisp",TRUE,FALSE,NA,"voorkeursmodel_gekozen",NA,NA,"model3_overdisp:ok:aic=NA || model3_overdisp_serialcor:ok:aic=NA || model3_basis:ok:aic=NA || model2_basis:ok:aic=NA","vaste_voorkeurhierarchie_eerste_werkende_model","trim_bruikbaar"
165,10840,"Heggenmus","dunnock",625,600,26,26,25,TRUE,"model3_overdisp",TRUE,FALSE,NA,"voorkeursmodel_gekozen",NA,NA,"model3_overdisp:ok:aic=NA || model3_overdisp_serialcor:ok:aic=NA || model3_basis:ok:aic=NA || model2_basis:ok:aic=NA","vaste_voorkeurhierarchie_eerste_werkende_model","trim_bruikbaar"
166,10990,"Roodborst","robin",625,457,26,26,24,TRUE,"model3_overdisp",TRUE,FALSE,NA,"voorkeursmodel_gekozen",NA,NA,"model3_overdisp:ok:aic=NA || model3_overdisp_serialcor:ok:aic=NA || model3_basis:ok:aic=NA || model2_basis:ok:aic=NA","vaste_voorkeurhierarchie_eerste_werkende_model","trim_bruikbaar"
167,11040,"Nachtegaal","nightingale",625,602,26,26,25,TRUE,"model3_overdisp",TRUE,FALSE,NA,"voorkeursmodel_gekozen",NA,NA,"model3_overdisp:ok:aic=NA || model3_overdisp_serialcor:ok:aic=NA || model3_basis:ok:aic=NA || model2_basis:ok:aic=NA","vaste_voorkeurhierarchie_eerste_werkende_model","trim_bruikbaar"
168,11060,"Blauwborst","bluethroat",625,148,26,26,13,TRUE,"model3_overdisp",TRUE,FALSE,NA,"voorkeursmodel_gekozen",NA,NA,"model3_overdisp:ok:aic=NA || model3_overdisp_serialcor:ok:aic=NA || model3_basis:ok:aic=NA || model2_basis:ok:aic=NA","vaste_voorkeurhierarchie_eerste_werkende_model","trim_bruikbaar"
170,11220,"Gekraagde Roodstaart","redstart",625,404,26,26,24,TRUE,"model3_overdisp",TRUE,FALSE,NA,"voorkeursmodel_gekozen",NA,NA,"model3_overdisp:ok:aic=NA || model3_overdisp_serialcor:ok:aic=NA || model3_basis:ok:aic=NA || model2_basis:ok:aic=NA","vaste_voorkeurhierarchie_eerste_werkende_model","trim_bruikbaar"
172,11390,"Roodborsttapuit","stonechat",625,364,26,26,23,TRUE,"model3_overdisp",TRUE,FALSE,NA,"voorkeursmodel_gekozen",NA,"Overdispersion 0.9 <1; consider setting overdisp=FALSE","model3_overdisp:ok:aic=NA || model3_overdisp_serialcor:ok:aic=NA || model3_basis:ok:aic=NA || model2_basis:ok:aic=NA","vaste_voorkeurhierarchie_eerste_werkende_model","trim_bruikbaar"
173,11460,"Tapuit","Wheatear",625,7,26,5,6,TRUE,"model2_basis",FALSE,FALSE,NA,"model3_varianten_mislukt_fallback_naar_model2",NA,"Data ends with 11 years without positive observations.","model3_overdisp:fout:Found zero or less counts for year 3, 4, 6, 7, 8, 10, 11, 12, 13, 14, 16, 17, 18, 19, 20, 21, 22, 23, 24, 25, 26 || model3_overdisp_serialcor:fout:Found zero or less counts for year 3, 4, 6, 7, 8, 10, 11, 12, 13, 14, 16, 17, 18, 19, 20, 21, 22, 23, 24, 25, 26 || model3_basis:fout:Found zero or less counts for year 3, 4, 6, 7, 8, 10, 11, 12, 13, 14, 16, 17, 18, 19, 20, 21, 22, 23, 24, 25, 26 || model2_basis:ok:aic=NA","vaste_voorkeurhierarchie_eerste_werkende_model","trim_bruikbaar"
175,11870,"Merel","blackbird",625,613,26,26,25,TRUE,"model3_overdisp",TRUE,FALSE,NA,"voorkeursmodel_gekozen",NA,NA,"model3_overdisp:ok:aic=NA || model3_overdisp_serialcor:ok:aic=NA || model3_basis:ok:aic=NA || model2_basis:ok:aic=NA","vaste_voorkeurhierarchie_eerste_werkende_model","trim_bruikbaar"
176,11980,"Kramsvogel","Fieldfare",625,3,26,3,1,FALSE,NA,FALSE,FALSE,NA,"geen_model","te_weinig_data",NA,NA,"vaste_voorkeurhierarchie_eerste_werkende_model","lokaal_incidenteel"
177,12000,"Zanglijster","song thrush",625,450,26,26,25,TRUE,"model3_overdisp",TRUE,FALSE,NA,"voorkeursmodel_gekozen",NA,"Overdispersion 1.0 <1; consider setting overdisp=FALSE","model3_overdisp:ok:aic=NA || model3_overdisp_serialcor:ok:aic=NA || model3_basis:ok:aic=NA || model2_basis:ok:aic=NA","vaste_voorkeurhierarchie_eerste_werkende_model","trim_bruikbaar"
179,12020,"Grote Lijster","mistle thrush",625,44,26,21,14,TRUE,"model2_basis",FALSE,FALSE,NA,"model3_varianten_mislukt_fallback_naar_model2",NA,NA,"model3_overdisp:fout:Found zero or less counts for year 2, 11, 16, 17 || model3_overdisp_serialcor:fout:Found zero or less counts for year 2, 11, 16, 17 || model3_basis:fout:Found zero or less counts for year 2, 11, 16, 17 || model2_basis:ok:aic=NA","vaste_voorkeurhierarchie_eerste_werkende_model","trim_bruikbaar"
180,12200,"Cetti's Zanger","Cetti's warbler",625,25,26,4,9,TRUE,"model3_overdisp",TRUE,FALSE,NA,"voorkeursmodel_gekozen",NA,"Overdispersion 0.7 <1; consider setting overdisp=FALSE","model3_overdisp:ok:aic=NA || model3_overdisp_serialcor:ok:aic=NA || model3_basis:ok:aic=NA || model2_basis:ok:aic=NA","vaste_voorkeurhierarchie_eerste_werkende_model","trim_bruikbaar"
182,12360,"Sprinkhaanrietzanger","grasshopper warbler",625,406,26,26,24,TRUE,"model3_overdisp",TRUE,FALSE,NA,"voorkeursmodel_gekozen",NA,NA,"model3_overdisp:ok:aic=NA || model3_overdisp_serialcor:ok:aic=NA || model3_basis:ok:aic=NA || model2_basis:ok:aic=NA","vaste_voorkeurhierarchie_eerste_werkende_model","trim_bruikbaar"
184,12380,"Snor","Savi's Warbler",625,2,26,1,2,FALSE,NA,FALSE,FALSE,NA,"geen_model","te_weinig_data",NA,NA,"vaste_voorkeurhierarchie_eerste_werkende_model","te_zeldzaam"
186,12430,"Rietzanger","sedge warbler",625,136,26,26,17,TRUE,"model3_overdisp",TRUE,FALSE,NA,"voorkeursmodel_gekozen",NA,NA,"model3_overdisp:ok:aic=NA || model3_overdisp_serialcor:ok:aic=NA || model3_basis:ok:aic=NA || model2_basis:ok:aic=NA","vaste_voorkeurhierarchie_eerste_werkende_model","trim_bruikbaar"
187,12500,"Bosrietzanger","marsh warbler",625,217,26,26,23,TRUE,"model3_overdisp",TRUE,FALSE,NA,"voorkeursmodel_gekozen",NA,NA,"model3_overdisp:ok:aic=NA || model3_overdisp_serialcor:ok:aic=NA || model3_basis:ok:aic=NA || model2_basis:ok:aic=NA","vaste_voorkeurhierarchie_eerste_werkende_model","trim_bruikbaar"
188,12510,"Kleine Karekiet","reed warbler",625,380,26,26,22,TRUE,"model3_overdisp",TRUE,FALSE,NA,"voorkeursmodel_gekozen",NA,NA,"model3_overdisp:ok:aic=NA || model3_overdisp_serialcor:ok:aic=NA || model3_basis:ok:aic=NA || model2_basis:ok:aic=NA","vaste_voorkeurhierarchie_eerste_werkende_model","trim_bruikbaar"
189,12530,"Grote Karekiet","Great Reed Warbler",625,3,26,3,3,TRUE,"model2_basis",FALSE,FALSE,NA,"model3_varianten_mislukt_fallback_naar_model2",NA,"Data ends with 11 years without positive observations.","model3_overdisp:fout:Found zero or less counts for year 2, 3, 4, 6, 7, 8, 9, 10, 11, 12, 13, 14, 16, 17, 18, 19, 20, 21, 22, 23, 24, 25, 26 || model3_overdisp_serialcor:fout:Found zero or less counts for year 2, 3, 4, 6, 7, 8, 9, 10, 11, 12, 13, 14, 16, 17, 18, 19, 20, 21, 22, 23, 24, 25, 26 || model3_basis:fout:Found zero or less counts for year 2, 3, 4, 6, 7, 8, 9, 10, 11, 12, 13, 14, 16, 17, 18, 19, 20, 21, 22, 23, 24, 25, 26 || model2_basis:ok:aic=NA","vaste_voorkeurhierarchie_eerste_werkende_model","trim_bruikbaar"
190,12590,"Spotvogel","Icterine Warbler",625,27,26,19,11,TRUE,"model2_basis",FALSE,FALSE,NA,"model3_varianten_mislukt_fallback_naar_model2",NA,"Data ends with 1 years without positive observations.","model3_overdisp:fout:Found zero or less counts for year 8, 13, 19, 21, 22, 24, 26 || model3_overdisp_serialcor:fout:Found zero or less counts for year 8, 13, 19, 21, 22, 24, 26 || model3_basis:fout:Found zero or less counts for year 8, 13, 19, 21, 22, 24, 26 || model2_basis:ok:aic=NA","vaste_voorkeurhierarchie_eerste_werkende_model","trim_bruikbaar"
192,12740,"Braamsluiper","lesser whitethroat",625,535,26,26,25,TRUE,"model3_overdisp",TRUE,FALSE,NA,"voorkeursmodel_gekozen",NA,"Overdispersion 0.8 <1; consider setting overdisp=FALSE","model3_overdisp:ok:aic=NA || model3_overdisp_serialcor:ok:aic=NA || model3_basis:ok:aic=NA || model2_basis:ok:aic=NA","vaste_voorkeurhierarchie_eerste_werkende_model","trim_bruikbaar"
193,12750,"Grasmus","whitethroat",625,605,26,26,25,TRUE,"model3_overdisp",TRUE,FALSE,NA,"voorkeursmodel_gekozen",NA,NA,"model3_overdisp:ok:aic=NA || model3_overdisp_serialcor:ok:aic=NA || model3_basis:ok:aic=NA || model2_basis:ok:aic=NA","vaste_voorkeurhierarchie_eerste_werkende_model","trim_bruikbaar"
194,12760,"Tuinfluiter","garden warbler",625,518,26,26,25,TRUE,"model3_overdisp",TRUE,FALSE,NA,"voorkeursmodel_gekozen",NA,NA,"model3_overdisp:ok:aic=NA || model3_overdisp_serialcor:ok:aic=NA || model3_basis:ok:aic=NA || model2_basis:ok:aic=NA","vaste_voorkeurhierarchie_eerste_werkende_model","trim_bruikbaar"
195,12770,"Zwartkop","blackcap",625,596,26,26,25,TRUE,"model3_overdisp",TRUE,FALSE,NA,"voorkeursmodel_gekozen",NA,"Overdispersion 1.0 <1; consider setting overdisp=FALSE","model3_overdisp:ok:aic=NA || model3_overdisp_serialcor:ok:aic=NA || model3_basis:ok:aic=NA || model2_basis:ok:aic=NA","vaste_voorkeurhierarchie_eerste_werkende_model","trim_bruikbaar"
197,13080,"Fluiter","Wood Warbler",625,8,26,8,4,TRUE,"model2_basis",FALSE,FALSE,NA,"model3_varianten_mislukt_fallback_naar_model2",NA,"Data ends with 2 years without positive observations.","model3_overdisp:fout:Found zero or less counts for year 4, 5, 6, 8, 10, 11, 12, 13, 14, 15, 16, 17, 20, 21, 22, 23, 25, 26 || model3_overdisp_serialcor:fout:Found zero or less counts for year 4, 5, 6, 8, 10, 11, 12, 13, 14, 15, 16, 17, 20, 21, 22, 23, 25, 26 || model3_basis:fout:Found zero or less counts for year 4, 5, 6, 8, 10, 11, 12, 13, 14, 15, 16, 17, 20, 21, 22, 23, 25, 26 || model2_basis:ok:aic=NA","vaste_voorkeurhierarchie_eerste_werkende_model","trim_bruikbaar"
198,13110,"Tjiftjaf","Common Chiffchaff",625,614,26,26,25,TRUE,"model3_overdisp",TRUE,FALSE,NA,"voorkeursmodel_gekozen",NA,NA,"model3_overdisp:ok:aic=NA || model3_overdisp_serialcor:ok:aic=NA || model3_basis:ok:aic=NA || model2_basis:ok:aic=NA","vaste_voorkeurhierarchie_eerste_werkende_model","trim_bruikbaar"
200,13120,"Fitis","willow warbler",625,611,26,26,25,TRUE,"model3_overdisp",TRUE,FALSE,NA,"voorkeursmodel_gekozen",NA,NA,"model3_overdisp:ok:aic=NA || model3_overdisp_serialcor:ok:aic=NA || model3_basis:ok:aic=NA || model2_basis:ok:aic=NA","vaste_voorkeurhierarchie_eerste_werkende_model","trim_bruikbaar"
201,13140,"Goudhaan","goldcrest",625,68,26,23,17,TRUE,"model2_basis",FALSE,FALSE,NA,"model3_varianten_mislukt_fallback_naar_model2",NA,NA,"model3_overdisp:fout:Found zero or less counts for year 2, 14, 15 || model3_overdisp_serialcor:fout:Found zero or less counts for year 2, 14, 15 || model3_basis:fout:Found zero or less counts for year 2, 14, 15 || model2_basis:ok:aic=NA","vaste_voorkeurhierarchie_eerste_werkende_model","trim_bruikbaar"
202,13150,"Vuurgoudhaan","Common Firecrest",625,1,26,1,1,FALSE,NA,FALSE,FALSE,NA,"geen_model","te_weinig_data",NA,NA,"vaste_voorkeurhierarchie_eerste_werkende_model","te_zeldzaam"
203,13350,"Grauwe Vliegenvanger","Spotted Flycatcher",625,47,26,19,12,TRUE,"model2_basis",FALSE,FALSE,NA,"model3_varianten_mislukt_fallback_naar_model2",NA,NA,"model3_overdisp:fout:Found zero or less counts for year 8, 11, 13, 14, 15, 16, 17 || model3_overdisp_serialcor:fout:Found zero or less counts for year 8, 11, 13, 14, 15, 16, 17 || model3_basis:fout:Found zero or less counts for year 8, 11, 13, 14, 15, 16, 17 || model2_basis:ok:aic=NA","vaste_voorkeurhierarchie_eerste_werkende_model","trim_bruikbaar"
205,13490,"Bonte Vliegenvanger","Pied Flycatcher",625,2,26,2,2,FALSE,NA,FALSE,FALSE,NA,"geen_model","te_weinig_data",NA,NA,"vaste_voorkeurhierarchie_eerste_werkende_model","te_zeldzaam"
206,13640,"Baardmannetje","Bearded Tit",625,1,26,1,1,FALSE,NA,FALSE,FALSE,NA,"geen_model","te_weinig_data",NA,NA,"vaste_voorkeurhierarchie_eerste_werkende_model","te_zeldzaam"
207,14370,"Staartmees","long-tailed tit",625,483,26,26,25,TRUE,"model3_overdisp",TRUE,FALSE,NA,"voorkeursmodel_gekozen",NA,"Overdispersion 0.7 <1; consider setting overdisp=FALSE","model3_overdisp:ok:aic=NA || model3_overdisp_serialcor:ok:aic=NA || model3_basis:ok:aic=NA || model2_basis:ok:aic=NA","vaste_voorkeurhierarchie_eerste_werkende_model","trim_bruikbaar"
208,14400,"Glanskop","marsh tit",625,328,26,26,22,TRUE,"model3_overdisp",TRUE,FALSE,NA,"voorkeursmodel_gekozen",NA,"Overdispersion 1.0 <1; consider setting overdisp=FALSE","model3_overdisp:ok:aic=NA || model3_overdisp_serialcor:ok:aic=NA || model3_basis:ok:aic=NA || model2_basis:ok:aic=NA","vaste_voorkeurhierarchie_eerste_werkende_model","trim_bruikbaar"
209,14420,"Matkop","Willow Tit",625,21,26,9,10,TRUE,"model2_basis",FALSE,FALSE,NA,"model3_varianten_mislukt_fallback_naar_model2",NA,"Data ends with 15 years without positive observations.","model3_overdisp:fout:Found zero or less counts for year 4, 5, 12, 13, 14, 15, 16, 17, 18, 19, 20, 21, 22, 23, 24, 25, 26 || model3_overdisp_serialcor:fout:Found zero or less counts for year 4, 5, 12, 13, 14, 15, 16, 17, 18, 19, 20, 21, 22, 23, 24, 25, 26 || model3_basis:fout:Found zero or less counts for year 4, 5, 12, 13, 14, 15, 16, 17, 18, 19, 20, 21, 22, 23, 24, 25, 26 || model2_basis:ok:aic=NA","vaste_voorkeurhierarchie_eerste_werkende_model","trim_bruikbaar"
210,14540,"Kuifmees","crested tit",625,62,26,26,6,TRUE,"model3_overdisp",TRUE,FALSE,NA,"voorkeursmodel_gekozen",NA,"Overdispersion 0.7 <1; consider setting overdisp=FALSE","model3_overdisp:ok:aic=NA || model3_overdisp_serialcor:ok:aic=NA || model3_basis:ok:aic=NA || model2_basis:ok:aic=NA","vaste_voorkeurhierarchie_eerste_werkende_model","trim_bruikbaar"
212,14610,"Zwarte Mees","coal tit",625,33,26,19,7,TRUE,"model2_basis",FALSE,FALSE,NA,"model3_varianten_mislukt_fallback_naar_model2",NA,"Data ends with 2 years without positive observations.","model3_overdisp:fout:Found zero or less counts for year 3, 4, 14, 15, 19, 25, 26 || model3_overdisp_serialcor:fout:Found zero or less counts for year 3, 4, 14, 15, 19, 25, 26 || model3_basis:fout:Found zero or less counts for year 3, 4, 14, 15, 19, 25, 26 || model2_basis:ok:aic=NA","vaste_voorkeurhierarchie_eerste_werkende_model","trim_bruikbaar"
213,14620,"Pimpelmees","blue tit",625,566,26,26,25,TRUE,"model3_overdisp",TRUE,FALSE,NA,"voorkeursmodel_gekozen",NA,NA,"model3_overdisp:ok:aic=NA || model3_overdisp_serialcor:ok:aic=NA || model3_basis:ok:aic=NA || model2_basis:ok:aic=NA","vaste_voorkeurhierarchie_eerste_werkende_model","trim_bruikbaar"
214,14640,"Koolmees","great tit",625,610,26,26,25,TRUE,"model3_overdisp",TRUE,FALSE,NA,"voorkeursmodel_gekozen",NA,NA,"model3_overdisp:ok:aic=NA || model3_overdisp_serialcor:ok:aic=NA || model3_basis:ok:aic=NA || model2_basis:ok:aic=NA","vaste_voorkeurhierarchie_eerste_werkende_model","trim_bruikbaar"
215,14790,"Boomklever","nuthatch",625,49,26,26,7,TRUE,"model3_overdisp",TRUE,FALSE,NA,"voorkeursmodel_gekozen",NA,"Overdispersion 0.8 <1; consider setting overdisp=FALSE","model3_overdisp:ok:aic=NA || model3_overdisp_serialcor:ok:aic=NA || model3_basis:ok:aic=NA || model2_basis:ok:aic=NA","vaste_voorkeurhierarchie_eerste_werkende_model","trim_bruikbaar"
217,14870,"Boomkruiper","short-toed treecreeper",625,310,26,26,22,TRUE,"model3_overdisp",TRUE,FALSE,NA,"voorkeursmodel_gekozen",NA,"Overdispersion 1.0 <1; consider setting overdisp=FALSE","model3_overdisp:ok:aic=NA || model3_overdisp_serialcor:ok:aic=NA || model3_basis:ok:aic=NA || model2_basis:ok:aic=NA","vaste_voorkeurhierarchie_eerste_werkende_model","trim_bruikbaar"
218,15080,"Wielewaal","golden oriole",625,64,26,24,21,TRUE,"model2_basis",FALSE,FALSE,NA,"model3_varianten_mislukt_fallback_naar_model2",NA,NA,"model3_overdisp:fout:Found zero or less counts for year 14, 21 || model3_overdisp_serialcor:fout:Found zero or less counts for year 14, 21 || model3_basis:fout:Found zero or less counts for year 14, 21 || model2_basis:ok:aic=NA","vaste_voorkeurhierarchie_eerste_werkende_model","trim_bruikbaar"
219,15150,"Grauwe Klauwier","Red-backed Shrike",625,2,26,2,2,FALSE,NA,FALSE,FALSE,NA,"geen_model","te_weinig_data",NA,NA,"vaste_voorkeurhierarchie_eerste_werkende_model","te_zeldzaam"
222,15390,"Gaai","jay",625,546,26,26,25,TRUE,"model3_overdisp",TRUE,FALSE,NA,"voorkeursmodel_gekozen",NA,"Overdispersion 0.5 <1; consider setting overdisp=FALSE","model3_overdisp:ok:aic=NA || model3_overdisp_serialcor:ok:aic=NA || model3_basis:ok:aic=NA || model2_basis:ok:aic=NA","vaste_voorkeurhierarchie_eerste_werkende_model","trim_bruikbaar"
223,15490,"Ekster","magpie",625,314,26,26,24,TRUE,"model3_overdisp",TRUE,FALSE,NA,"voorkeursmodel_gekozen",NA,"Overdispersion 1.0 <1; consider setting overdisp=FALSE","model3_overdisp:ok:aic=NA || model3_overdisp_serialcor:ok:aic=NA || model3_basis:ok:aic=NA || model2_basis:ok:aic=NA","vaste_voorkeurhierarchie_eerste_werkende_model","trim_bruikbaar"
224,15600,"Kauw","jackdaw",625,82,26,23,14,TRUE,"model2_basis",FALSE,FALSE,NA,"model3_varianten_mislukt_fallback_naar_model2",NA,NA,"model3_overdisp:fout:Found zero or less counts for year 19, 20, 21 || model3_overdisp_serialcor:fout:Found zero or less counts for year 19, 20, 21 || model3_basis:fout:Found zero or less counts for year 19, 20, 21 || model2_basis:ok:aic=NA","vaste_voorkeurhierarchie_eerste_werkende_model","trim_bruikbaar"
226,15671,"Zwarte Kraai","carrion crow",625,479,26,26,25,TRUE,"model3_overdisp",TRUE,FALSE,NA,"voorkeursmodel_gekozen",NA,"Overdispersion 0.6 <1; consider setting overdisp=FALSE","model3_overdisp:ok:aic=NA || model3_overdisp_serialcor:ok:aic=NA || model3_basis:ok:aic=NA || model2_basis:ok:aic=NA","vaste_voorkeurhierarchie_eerste_werkende_model","trim_bruikbaar"
229,15820,"Spreeuw","starling",625,57,26,24,10,TRUE,"model2_basis",FALSE,FALSE,NA,"model3_varianten_mislukt_fallback_naar_model2",NA,"Data ends with 1 years without positive observations.","model3_overdisp:fout:Found zero or less counts for year 23, 26 || model3_overdisp_serialcor:fout:Found zero or less counts for year 23, 26 || model3_basis:fout:Found zero or less counts for year 23, 26 || model2_basis:ok:aic=NA","vaste_voorkeurhierarchie_eerste_werkende_model","trim_bruikbaar"
232,15980,"Ringmus","Tree Sparrow",625,5,26,4,4,TRUE,"model2_basis",FALSE,FALSE,NA,"model3_varianten_mislukt_fallback_naar_model2",NA,"Data ends with 19 years without positive observations.","model3_overdisp:fout:Found zero or less counts for year 2, 4, 5, 8, 9, 10, 11, 12, 13, 14, 15, 16, 17, 18, 19, 20, 21, 22, 23, 24, 25, 26 || model3_overdisp_serialcor:fout:Found zero or less counts for year 2, 4, 5, 8, 9, 10, 11, 12, 13, 14, 15, 16, 17, 18, 19, 20, 21, 22, 23, 24, 25, 26 || model3_basis:fout:Found zero or less counts for year 2, 4, 5, 8, 9, 10, 11, 12, 13, 14, 15, 16, 17, 18, 19, 20, 21, 22, 23, 24, 25, 26 || model2_basis:ok:aic=NA","vaste_voorkeurhierarchie_eerste_werkende_model","trim_bruikbaar"
233,16360,"Vink","chaffinch",625,531,26,26,25,TRUE,"model3_overdisp",TRUE,FALSE,NA,"voorkeursmodel_gekozen",NA,NA,"model3_overdisp:ok:aic=NA || model3_overdisp_serialcor:ok:aic=NA || model3_basis:ok:aic=NA || model2_basis:ok:aic=NA","vaste_voorkeurhierarchie_eerste_werkende_model","trim_bruikbaar"
236,16490,"Groenling","greenfinch",625,69,26,22,20,TRUE,"model2_basis",FALSE,FALSE,NA,"model3_varianten_mislukt_fallback_naar_model2",NA,NA,"model3_overdisp:fout:Found zero or less counts for year 11, 13, 15, 18 || model3_overdisp_serialcor:fout:Found zero or less counts for year 11, 13, 15, 18 || model3_basis:fout:Found zero or less counts for year 11, 13, 15, 18 || model2_basis:ok:aic=NA","vaste_voorkeurhierarchie_eerste_werkende_model","trim_bruikbaar"
237,16530,"Putter","goldfinch",625,47,26,16,15,TRUE,"model2_basis",FALSE,FALSE,NA,"model3_varianten_mislukt_fallback_naar_model2",NA,NA,"model3_overdisp:fout:Found zero or less counts for year 2, 7, 8, 9, 10, 11, 12, 13, 15, 16 || model3_overdisp_serialcor:fout:Found zero or less counts for year 2, 7, 8, 9, 10, 11, 12, 13, 15, 16 || model3_basis:fout:Found zero or less counts for year 2, 7, 8, 9, 10, 11, 12, 13, 15, 16 || model2_basis:ok:aic=NA","vaste_voorkeurhierarchie_eerste_werkende_model","trim_bruikbaar"
238,16540,"Sijs","Eurasian Siskin",625,4,26,3,3,TRUE,"model2_basis",FALSE,FALSE,NA,"model3_varianten_mislukt_fallback_naar_model2",NA,"Data ends with 1 years without positive observations.","model3_overdisp:fout:Found zero or less counts for year 2, 3, 5, 6, 7, 8, 9, 10, 11, 12, 13, 14, 15, 16, 17, 18, 19, 20, 21, 22, 23, 25 || model3_overdisp_serialcor:fout:Found zero or less counts for year 2, 3, 5, 6, 7, 8, 9, 10, 11, 12, 13, 14, 15, 16, 17, 18, 19, 20, 21, 22, 23, 25 || model3_basis:fout:Found zero or less counts for year 2, 3, 5, 6, 7, 8, 9, 10, 11, 12, 13, 14, 15, 16, 17, 18, 19, 20, 21, 22, 23, 25 || model2_basis:ok:aic=NA","vaste_voorkeurhierarchie_eerste_werkende_model","trim_bruikbaar"
239,16600,"Kneu","common linnet",625,316,26,26,23,TRUE,"model3_overdisp",TRUE,FALSE,NA,"voorkeursmodel_gekozen",NA,NA,"model3_overdisp:ok:aic=NA || model3_overdisp_serialcor:ok:aic=NA || model3_basis:ok:aic=NA || model2_basis:ok:aic=NA","vaste_voorkeurhierarchie_eerste_werkende_model","trim_bruikbaar"
242,16634,"Kleine Barmsijs","Lesser Redpoll",625,9,26,6,5,TRUE,"model2_basis",FALSE,FALSE,NA,"model3_varianten_mislukt_fallback_naar_model2",NA,"Data ends with 2 years without positive observations.","model3_overdisp:fout:Found zero or less counts for year 2, 6, 7, 9, 10, 11, 12, 13, 14, 15, 16, 17, 18, 19, 20, 21, 22, 23, 25, 26 || model3_overdisp_serialcor:fout:Found zero or less counts for year 2, 6, 7, 9, 10, 11, 12, 13, 14, 15, 16, 17, 18, 19, 20, 21, 22, 23, 25, 26 || model3_basis:fout:Found zero or less counts for year 2, 6, 7, 9, 10, 11, 12, 13, 14, 15, 16, 17, 18, 19, 20, 21, 22, 23, 25, 26 || model2_basis:ok:aic=NA","vaste_voorkeurhierarchie_eerste_werkende_model","trim_bruikbaar"
243,16660,"Kruisbek","Crossbill",625,3,26,3,2,TRUE,"model2_basis",FALSE,FALSE,NA,"model3_varianten_mislukt_fallback_naar_model2",NA,"Data ends with 19 years without positive observations.","model3_overdisp:fout:Found zero or less counts for year 2, 4, 5, 7, 8, 9, 10, 11, 12, 13, 14, 15, 16, 17, 18, 19, 20, 21, 22, 23, 24, 25 || model3_overdisp_serialcor:fout:Found zero or less counts for year 2, 4, 5, 7, 8, 9, 10, 11, 12, 13, 14, 15, 16, 17, 18, 19, 20, 21, 22, 23, 24, 25 || model3_basis:fout:Found zero or less counts for year 2, 4, 5, 7, 8, 9, 10, 11, 12, 13, 14, 15, 16, 17, 18, 19, 20, 21, 22, 23, 24, 25 || model2_basis:ok:aic=NA","vaste_voorkeurhierarchie_eerste_werkende_model","trim_bruikbaar"
245,16790,"Roodmus","Common Rosefinch",625,1,26,1,1,FALSE,NA,FALSE,FALSE,NA,"geen_model","te_weinig_data",NA,NA,"vaste_voorkeurhierarchie_eerste_werkende_model","te_zeldzaam"
246,17100,"Goudvink","bullfinch",625,361,26,26,24,TRUE,"model3_overdisp",TRUE,FALSE,NA,"voorkeursmodel_gekozen",NA,"Overdispersion 0.7 <1; consider setting overdisp=FALSE","model3_overdisp:ok:aic=NA || model3_overdisp_serialcor:ok:aic=NA || model3_basis:ok:aic=NA || model2_basis:ok:aic=NA","vaste_voorkeurhierarchie_eerste_werkende_model","trim_bruikbaar"
248,17170,"Appelvink","hawfinch",625,40,26,14,13,TRUE,"model2_basis",FALSE,FALSE,NA,"model3_varianten_mislukt_fallback_naar_model2",NA,NA,"model3_overdisp:fout:Found zero or less counts for year 2, 3, 4, 6, 8, 10, 11, 12 || model3_overdisp_serialcor:fout:Found zero or less counts for year 2, 3, 4, 6, 8, 10, 11, 12 || model3_basis:fout:Found zero or less counts for year 2, 3, 4, 6, 8, 10, 11, 12 || model2_basis:ok:aic=NA","vaste_voorkeurhierarchie_eerste_werkende_model","trim_bruikbaar"
251,18770,"Rietgors","reed bunting",625,285,26,26,20,TRUE,"model3_overdisp",TRUE,FALSE,NA,"voorkeursmodel_gekozen",NA,"Overdispersion 0.9 <1; consider setting overdisp=FALSE","model3_overdisp:ok:aic=NA || model3_overdisp_serialcor:ok:aic=NA || model3_basis:ok:aic=NA || model2_basis:ok:aic=NA","vaste_voorkeurhierarchie_eerste_werkende_model","trim_bruikbaar"
