"analysis_id","model","status","n","row_hash","logLik","AIC","BIC","pdHess","waarschuwingen","fout"
"lang_mean","M0","geslaagd",203628,"134b916617d3c116a14c513d425c2e633bda95251fd594078d31e7514b9c1a5e",-196424.551780403,392871.103560805,392983.568111671,TRUE,"",""
"lang_mean","M1","geslaagd",203628,"134b916617d3c116a14c513d425c2e633bda95251fd594078d31e7514b9c1a5e",-195952.759291278,391929.518582556,392052.207183501,TRUE,"",""
"lang_mean","M2","geslaagd",203628,"134b916617d3c116a14c513d425c2e633bda95251fd594078d31e7514b9c1a5e",-195642.984515815,391317.969031631,391481.553832891,TRUE,"",""
"lang_min","M0","geslaagd",203628,"134b916617d3c116a14c513d425c2e633bda95251fd594078d31e7514b9c1a5e",-196424.551780403,392871.103560805,392983.568111671,TRUE,"",""
"lang_min","M1","geslaagd",203628,"134b916617d3c116a14c513d425c2e633bda95251fd594078d31e7514b9c1a5e",-195952.759291278,391929.518582556,392052.207183501,TRUE,"",""
"lang_min","M2","geslaagd",203628,"134b916617d3c116a14c513d425c2e633bda95251fd594078d31e7514b9c1a5e",-195627.281946807,391286.563893613,391450.148694873,TRUE,"",""
"lang_max","M0","geslaagd",203628,"134b916617d3c116a14c513d425c2e633bda95251fd594078d31e7514b9c1a5e",-196424.551780403,392871.103560805,392983.568111671,TRUE,"",""
"lang_max","M1","geslaagd",203628,"134b916617d3c116a14c513d425c2e633bda95251fd594078d31e7514b9c1a5e",-195952.759291278,391929.518582556,392052.207183501,TRUE,"",""
"lang_max","M2","geslaagd",203628,"134b916617d3c116a14c513d425c2e633bda95251fd594078d31e7514b9c1a5e",-195686.930294497,391405.860588994,391569.445390255,TRUE,"",""
"een_teller_mean","M0","geslaagd",183852,"830a43134cde4ebec38627bbfefabd0dc8e524013ea2a9d2429f9371f3f637a5",-176983.36635186,353988.73270372,354100.073453736,TRUE,"",""
"een_teller_mean","M1","geslaagd",183852,"830a43134cde4ebec38627bbfefabd0dc8e524013ea2a9d2429f9371f3f637a5",-176569.163710612,353162.327421223,353283.790057605,TRUE,"",""
"een_teller_mean","M2","geslaagd",183852,"830a43134cde4ebec38627bbfefabd0dc8e524013ea2a9d2429f9371f3f637a5",-176263.876017471,352559.752034943,352721.702216784,TRUE,"",""
"inspanning_duur","M0","geslaagd",120731,"309871249325f8b4468fe7e58c258f9aee21f45582916931ae833c3c11db4251",-126998.362791765,254020.72558353,254137.141426041,TRUE,"",""
"inspanning_duur","M1","geslaagd",120731,"309871249325f8b4468fe7e58c258f9aee21f45582916931ae833c3c11db4251",-126738.688047234,253503.376094468,253629.493257188,TRUE,"",""
"inspanning_duur","M2","geslaagd",120731,"309871249325f8b4468fe7e58c258f9aee21f45582916931ae833c3c11db4251",-126584.878595665,253203.75719133,253368.679634887,TRUE,"",""
"inspanning_bezoeken","M0","geslaagd",120731,"309871249325f8b4468fe7e58c258f9aee21f45582916931ae833c3c11db4251",-127002.576623363,254029.153246725,254145.569089236,TRUE,"",""
"inspanning_bezoeken","M1","geslaagd",120731,"309871249325f8b4468fe7e58c258f9aee21f45582916931ae833c3c11db4251",-126747.870522583,253521.741045166,253647.858207887,TRUE,"",""
"inspanning_bezoeken","M2","geslaagd",120731,"309871249325f8b4468fe7e58c258f9aee21f45582916931ae833c3c11db4251",-126597.315667555,253228.63133511,253393.553778667,TRUE,"",""
