protocol_sleutel,protocol_code,protocol_naam,levering_scope,hoofdtype,aanvullend_gebruik,aanvullende_typen,wetenschappelijk_gebruik,passende_analyse,benodigde_onderzoekscontext,begrenzing,bron_nummers,bron_urls
01.201,01.201,Monitoring van amfibieën in Nederland (NEM),beide,TV,TA bij telgerichte deelmethoden,TA,Verspreidingsverandering; aantalsindex voor soorten en deelmethoden met vergelijkbare tellingen.,Bezettingsmodel of telmodel per soort en deelprotocol.,"Soort, deelprotocol, water/traject, bezoek, inspanning, levensstadium en niet-detecties.",Algemene inventarisaties niet mengen met soortgerichte tellingen; telopzet bewijst nog geen voldoende lange reeks.,"69, 14","[""https://ndff.nl/natuurdata/waarnemen-en-aanleveren/protocollen/01-203-monitoring-van-amfibieen-in-nederland-2015-nem/"", ""https://longreads.cbs.nl/meetprogrammas-flora-en-fauna-2025/meetprogrammas/""]"
02.202,02.202,"Korstmossen op steen, heiden en stuifzanden (NEM)",beide,TK,TV; abundantie-index afhankelijk van deelmeetnet,TV,"Verandering in voorkomen, bedekking of abundantie op vaste meetlocaties.",Herhaalde meetlocaties analyseren; de oorspronkelijke meetvariabele en schaal behouden.,"Locatie, substraat, oppervlakte, bezoekronde, waarnemer en gebruikte abundantieklasse.",Geen uniforme aantalstrend voor alle deelmeetnetten; indicatorwaarden zijn geen directe milieumetingen.,8,"[""https://ndff.nl/natuurdata/waarnemen-en-aanleveren/protocollen/2-202-korstmossen-op-steen-heiden-en-stuifzanden-nem/""]"
02.204,02.204,Meetnet mossen (NEM),beide,I,TV bij aantoonbaar vergelijkbare herinventarisatie,TV,"Verspreiding, relatieve zeldzaamheid en abundantieklassen in geïnventariseerde kilometerhokken.",Analyse van geselecteerde hokken; trend pas na toetsing van herhaling en detectie.,"Steekproefselectie, volledige soortenlijst, hok, datum, tijdsbesteding, abundantieklasse.","Een codebrede, gevalideerde tijdreeks is hier niet vastgesteld; niet verwarren met meetnet Geel schorpioenmos.","67, 68, 9","[""https://www.verspreidingsatlas.nl/projecten/blwg/meetnetmossen.aspx"", ""https://www.gbif.org/dataset/2d1a33c3-f278-40d2-a662-e0d3369658e2"", ""https://www.blwg.nl/onderzoek""]"
03.001,03.001,Gebiedsgerichte inventarisaties vlinders,beide,V,I met originele complete inventarisatie; TV conditioneel,"I,TV",Vondstlocaties en aangetoonde soortensamenstelling van onderzochte gebieden.,Verspreidingskaart; lijstvergelijking alleen met onderzoeksgrenzen en inspanning.,"Gebiedsbegrenzing, bezoekgegevens, doelsoorten en volledigheid van de lijst.",De NDFF-code wordt als losse waarnemingen behandeld; geen gebieds- of aantalstrend uit recordtotalen.,10,"[""https://ndff.nl/natuurdata/waarnemen-en-aanleveren/protocollen/3-001-gebiedsgerichte-inventarisaties-dagvlinders/""]"
03.201,03.201,Landelijk Meetnet Vlinders (NEM),beide,TA,TV met passende detectieanalyse,TV,Relatieve aantalstrends van dagvlinders op routes en in een onderbouwde regionale of landelijke steekproef.,Seizoens-/route-index en telmodel met locatie- en jaareffecten.,"Vaste route en secties, tellingen inclusief nulbezoeken, seizoen, weer en wijzigingen.",Geen absolute dichtheid of lokale beheerwerking afleiden zonder aanvullende opzet.,11,"[""https://ndff.nl/natuurdata/waarnemen-en-aanleveren/protocollen/3-201-landelijk-meetnet-vlinders-nem/""]"
04.004,04.004,Atlasproject Nederlandse Mollusken,beide,V,I bij complete bemonstering; TV bij vergelijkbare perioden,"I,TV","Verspreidingskaarten, historische referenties en opsporing van kennislacunes.",Inventarisatie of verspreidingsmodellering met expliciete verzamel- en zoekbias.,"Monster-/bezoekidentiteit, verzamelwijze, taxonomie, datum en ruimtelijke precisie.",Geen homogene herhaalde telling onder de gehele atlascode; recordaantal is geen populatieomvang.,12,"[""https://ndff.nl/natuurdata/waarnemen-en-aanleveren/protocollen/4-004-atlasproject-nederlandse-mollusken/""]"
04.006,04.006,Slakken van de Habitatrichtlijn,beide,TV,TA-index bij passende gestandaardiseerde monstertellingen,TA,Verandering in bezetting van onderzochte locaties en sublocaties van doelsoorten.,Herhaalde bemonstering met detectiecorrectie; monsteraantallen apart analyseren.,"Soort, sublocatie, monsteromvang, zoekmethode, bezoeken en niet-detecties.",Bezetting niet gelijkstellen aan aantallen; eventuele telindex alleen voor de daarvoor geschikte deelmethode.,"13, 14","[""https://www.anemoon.org/projecten/natura2000/habslak-protocollen"", ""https://longreads.cbs.nl/meetprogrammas-flora-en-fauna-2025/meetprogrammas/""]"
10.002,10.002,Environmental DNA-onderzoek,beide,I,"TV bij herhaalde, gevalideerde bemonstering",TV,Aantonen van soortspecifiek DNA in een onderzocht monster en onderbouwde inferentie over voorkomen.,"Detectieanalyse met veld-/labreplicaten, blanco's en gevalideerde soortassay.","Monsterlocatie, volume, datum, hydrologie, techniek, controles en detectielimiet.",DNA kan worden verplaatst; concentratie of reads niet zonder kalibratie omrekenen naar aantallen dieren.,"15, 16","[""https://ndff.nl/natuurdata/waarnemen-en-aanleveren/protocollen/10-002-environmental-dna-onderzoek/"", ""https://onlinelibrary.wiley.com/doi/abs/10.1002/edn3.70073""]"
102.002,102.002,Jaarrond Tuintelling,beide,I,TV / TA met vergelijkbare herhaalde tuinbezoeken,"TA,TV","Voorkomen, seizoenpatronen en telresultaten in deelnemende tuinen.","Herhaalde-tuinmodellen met telwijze, inspanning en waarnemer als covariaten.","Vaste tuin, telduur, volledige doelgroepen, telwijze en veranderingen in tuininrichting.",Weekmaxima en tijdtellingen gescheiden houden; deelnemende tuinen zijn geen aselecte landelijke steekproef.,17,"[""https://ndff.nl/natuurdata/waarnemen-en-aanleveren/protocollen/102-002-jaarrond-tuintelling/""]"
102.006,102.006,ObsIdentify,beide,V,TV met aanvullende reconstructie en gevalideerd model,TV,"Controleerbaar voorkomensbewijs, verspreidingskaarten en gerichte signalering.","Validatie van determinatie, tijd en plaats; biasbewuste verspreidingsanalyse.","Foto/bewijs, taxonomische zekerheid, locatieprecisie en oorspronkelijke waarnemings-ID.","App-/herkomstlabel, geen telprotocol; groei in appgebruik niet interpreteren als populatiegroei.","18, 71","[""https://ndff.nl/natuurdata/waarnemen-en-aanleveren/protocollen/102-006-obsidentify/"", ""https://besjournals.onlinelibrary.wiley.com/doi/full/10.1111/1365-2664.12158""]"
104.000,104.000,Waarnemingen uit literatuur,beide,V,Andere typen afhankelijk van de oorspronkelijke studie,,Historisch voorkomen en reconstructie van gedocumenteerde verspreiding.,Bronkritiek en teruggaan naar oorspronkelijke observaties of onderzoeksopzet.,"Volledige bronverwijzing, waarnemingsdatum, locatie, taxonomie en ontdubbeling.",Publicatiejaar niet gelijkstellen aan waarnemingsjaar; bronlabel kan verschillende methoden verbergen.,"66, 70","[""https://ndff.nl/natuurdata/waarnemen-en-aanleveren/protocollen/"", ""https://ndff.nl/natuurdata/waarnemen-en-aanleveren/protocollen/overzicht-waarnemingen-via-protocol/""]"
105.000,105.000,Waarnemingen uit collecties,beide,V,TV bij onderbouwde historische reconstructie,TV,"Hercontroleerbaar historisch voorkomensbewijs, taxonomische revisie en verspreidingsreconstructie.",Specimen- en etiketcontrole; historische analyse met verzamelbias.,"Collectie-/specimen-ID, verzamelaar, vindplaats, verzameldatum en determinatie.",Aantal verzamelde exemplaren is geen directe trend in de populatie.,19,"[""https://ndff.nl/natuurdata/waarnemen-en-aanleveren/protocollen/105-000-waarnemingen-uit-collecties/""]"
11.201,11.201,Meetnet Bospaddenstoelen (NEM),beide,TA,Historische vruchtlichaamindex; protocol eindigde in 2016,,Verandering in getelde vruchtlichamen op vaste proefvlakken binnen het oude meetnet.,"Telmodel met proefvlak, seizoen en jaar; oorspronkelijke telreeks afzonderlijk houden.","Vast proefvlak, bezoek, telinspanning, vruchtlichaamaantal, fenologie en methodeversie.",Geen trend in schimmelindividuen of biomassa; niet ongewijzigd koppelen aan 11.204.,"20, 22","[""https://ndff.nl/natuurdata/waarnemen-en-aanleveren/protocollen/11-201-meetnet-bospaddenstoelen-nem/"", ""https://www.cbs.nl/nl-nl/onze-diensten/methoden/onderzoeksomschrijvingen/korte-onderzoeksomschrijvingen/paddenstoelenstatistiek""]"
11.202,11.202,Zeereeppaddenstoelen (NEM),beide,TV,,,Verspreidings- en bezettingstrends van doelsoorten in de zeereep.,Bezettingsanalyse van kilometerhokken met herbezoeken en detectie-/lijstcorrectie.,"Hok, bezoeklijsten, herhaling, doelsoorten en onderzoeksinspanning.",Geen automatische aantalstrend van vruchtlichamen of ondergrondse schimmels.,"21, 22","[""https://ndff.nl/natuurdata/waarnemen-en-aanleveren/protocollen/11-202-zeereeppaddenstoelen/"", ""https://www.cbs.nl/nl-nl/onze-diensten/methoden/onderzoeksomschrijvingen/korte-onderzoeksomschrijvingen/paddenstoelenstatistiek""]"
12.001,12.001,Streeplijsten kilometerhokken vaatplanten (FLORBASE),beide,I,TV bij vergelijkbare herhaalde inventarisatie,TV,Soortenrijkdom en samenstelling van geïnventariseerde hokken; verspreidingsanalyse.,"Hok-/periodevergelijking met inspanning, volledigheid en detectie in het model.","Volledige lijsten, waarnemer, bezoekdata, tijdsbesteding en taxonomische harmonisatie.",Verschillende lijstlengtes of zoekintensiteit niet als ecologische verandering behandelen.,"23, 71","[""https://ndff.nl/natuurdata/waarnemen-en-aanleveren/protocollen/12-001-totaalproject-floron/"", ""https://besjournals.onlinelibrary.wiley.com/doi/full/10.1111/1365-2664.12158""]"
12.002,12.002,Bedreigde Soorten Project FLORON,beide,I,TV / TA bij vergelijkbare groeiplaatsherbezoeken,"TA,TV","Status, omvang en bedreigingen van onderzochte groeiplaatsen van doelsoorten.",Gepaarde groeiplaatsvergelijking of geschikt tel-/bezettingsmodel.,"Historische en actuele locatie, zoekinspanning, tel-/abundantie-eenheid en niet-teruggevonden locaties.",Gerichte selectie van zeldzame groeiplaatsen is geen representatieve steekproef van alle flora.,24,"[""https://ndff.nl/natuurdata/waarnemen-en-aanleveren/protocollen/12-002-bedreigde-soorten-project-floron/""]"
12.003,12.003,Rode Lijst Project FLORON,beide,I,TV / TA bij vergelijkbare herhaalde metingen,"TA,TV",Voorkomen en vastgelegde populatiekenmerken van onderzochte Rode-Lijstsoorten.,Groeiplaatsanalyse met consistente omvangklassen en onderzochte locaties.,"Groeiplaats-ID, soort, tel-/klasse-eenheid, datum en onderzoeksinspanning.",Een Rode-Lijstdoel of abundantiewaarde is op zichzelf nog geen longitudinaal meetnet.,25,"[""https://ndff.nl/natuurdata/waarnemen-en-aanleveren/protocollen/12-003-rode-lijst-project-floron/""]"
12.004,12.004,FLORIVON en Atlas van de Nederlandse Flora (1850–1975),beide,V,TV bij geharmoniseerde historische vergelijking,TV,Historische verspreidingsreferentie en reconstructie van verandering tussen perioden.,Vergelijking op gemeenschappelijke taxonomische en ruimtelijke resolutie; bemonstering corrigeren.,"Oorspronkelijke waarnemingsperioden, locatieschaal, naamgeving en brondekking.",Atlaspublicatiejaar en gegevensperiode onderscheiden; geen ruwe recordratio als trend.,26,"[""https://ndff.nl/natuurdata/waarnemen-en-aanleveren/protocollen/12-004-atlasgegevens-atlas-van-de-nederlandse-flora-1980-1989/""]"
12.006,12.006,Detailwaarnemingen FLORON (FLORBASE),beide,V,I / TV wanneer de oorspronkelijke projectcontext beschikbaar is,"I,TV","Precieze groeiplaatsen, verspreiding en signalering van bijzondere vondsten.",Voorkomensanalyse; projecten scheiden voordat vergelijkingen worden gemaakt.,"Projectherkomst, precisie, datum, determinatie en eventuele bezoekgegevens.",Heterogene detail- en losse waarnemingen niet als één telreeks behandelen.,27,"[""https://ndff.nl/natuurdata/waarnemen-en-aanleveren/protocollen/12-006-florabase-overige-losse-waarnemingen-na-1993/""]"
12.007,12.007,Vegetatieopnamen,beide,I,TK bij vergelijkbare heropnamen,TK,"Vegetatiesamenstelling, soortenco-existentie en bedekking waar deze is vastgelegd.",Vegetatieclassificatie of multivariate analyse; herhaalde opnamen voor verandering.,"Plotgeometrie, oppervlakte, datum, soortenlijst, bedekkingsschaal en protocol.",Niet iedere opname is een permanent proefvlak; ordinale bedekkingsklassen niet blind middelen.,28,"[""https://ndff.nl/natuurdata/waarnemen-en-aanleveren/protocollen/12-007-vegetatieopname/""]"
12.015,12.015,Florakartering Staatsbosbeheer,beide,I,Voorlopige indeling; TK / TV alleen na methodecontrole,"TK,TV,V","Groeiplaatsen en lokale floristische toestand, voor zover de originele kartering dit vastlegt.",Eerst karteerinstructie en oorspronkelijke inventarisatie reconstrueren.,"Doelsoortenlijst, karteergrens, schaal, abundantie-eenheid, seizoen en herhalingsopzet.",Een uniforme methode voor alle records onder deze code: dit kan ik niet verifiëren. Zonder context minimaal V.,"29, 70","[""https://www.altwym.nl/projecten/florakartering-terschelling/"", ""https://ndff.nl/natuurdata/waarnemen-en-aanleveren/protocollen/overzicht-waarnemingen-via-protocol/""]"
12.202,12.202,Landelijk Meetnet Flora – Milieu- en Natuurkwaliteit (NEM),beide,TK,TV / verandering in bedekking binnen de bemonsterde vegetatie,TV,"Trends in samenstelling, bedekking en afgeleide vegetatie-/milieu-indicatoren.",Analyse van herhaalde permanente proefvlakken en consistente indicatorberekeningen.,"Proefvlak-ID/geometrie, volledige opname, bedekkingsschaal, herhaalronde en weging.",Plantindicatoren zijn geen directe chemische meting en bewijzen geen oorzaak.,30,"[""https://ndff.nl/natuurdata/waarnemen-en-aanleveren/protocollen/12-202-landelijk-meetnet-flora-milieu-en-natuurkwaliteit/""]"
12.204,12.204,Het Nieuwe Strepen (NEM),beide,TV,,,Verandering in verspreiding van vaatplanten binnen gedefinieerde kilometerhokken.,Bezettings-/detectieanalyse van onafhankelijke inventarisaties en herhaalde perioden.,"Hokselectie, onafhankelijke bezoeken, volledige lijsten, duur en doelsoorten.",Geen aantalstrend van planten uit aantallen bezette hokken.,31,"[""https://ndff.nl/natuurdata/waarnemen-en-aanleveren/protocollen/12-204-nieuwe-strepen-floron-nem/""]"
12.205,12.205,Monitoring Beoordeling Natuurkwaliteit EHS–N2000 (SNL-2014),beide,TK,Bij vergelijkbare complete monitoringsronden; anders I,I,Toestand en verandering van expliciet gedefinieerde natuurkwaliteitsindicatoren per beheertype.,Vergelijk complete beoordelingsronden na harmonisatie van criteria en gebiedsgrenzen.,"Monitoringsonderdeel, doelsoorten, karteergebied, beheertype, ronde en protocolversie.",Soortpunten alleen zijn geen volledige kwaliteitsbeoordeling; geen automatische jaarlijkse populatietrend.,"32, 33","[""https://ndff.nl/natuurdata/waarnemen-en-aanleveren/protocollen/12-205-uniforme-werkwijze-monitoring-natuurnetwerk-snl/"", ""https://www.bij12.nl/onderwerp/natuurinformatie/monitoring-en-natuurinformatie/werkwijze-monitoring-beoordeling-natuurnetwerk-natura-2000/""]"
12.211,12.211,Landelijk Meetnet Flora-aandachtssoorten,beide,TA,TK via expliciet gedefinieerde afgeleide indicatoren,TK,Routegebonden verandering in aantallen/abundantie van aandachtssoorten.,Herhaalde routeanalyse met behoud van de oorspronkelijke teleenheid en telcyclus.,"Routegeometrie en -ID, bezoeken, soortenlijst, telgegevens en niet-detecties.",NDFF-punten zonder de in Verspreidingsatlas bewaarde routes zijn geen volledige analysetabel.,34,"[""https://ndff.nl/natuurdata/waarnemen-en-aanleveren/protocollen/12-211-landelijk-meetnet-flora-aandachtssoorten-lmf-a/""]"
13.202,13.202,RAVON Meetnet Natura 2000 amfibieën en vissen,beide,TV,TA bij telgerichte deelmethoden,TA,"Verandering in bezetting en, waar daadwerkelijk geteld wordt, een aantalstrend van doelsoorten.",Soort- en methodegebonden bezettings- of telanalyse; bemonsteringseenheden behouden.,"Water-/monsterlocatie, soort, bemonsteringsmethode, inspanning, herhaling en detectie.","eDNA, visvangsten en amfibieëntellingen niet onder één uniforme aantalstrend samenvoegen.","35, 14","[""https://www.ravon.nl/publicaties/handleiding-meetnet-amfibieen-en-vissen-in-natura-2000-gebieden/"", ""https://longreads.cbs.nl/meetprogrammas-flora-en-fauna-2025/meetprogrammas/""]"
14.204,14.204,Punt Transect Telling,beide,TA,,,Relatieve aantalstrend van vogels in de winter op vaste telpunten.,Analyse van punt-/routetellingen met locatie- en jaareffecten.,"Vaste punten, telduur, winterperiode, volledige telling en wijzigingen.",Geen broedvogeltrend; geen absolute populatieschatting zonder extra onderbouwing.,36,"[""https://sovon.nl/tellen/telprojecten/punt-transect-telling-ptt""]"
17.002,17.002,Braakbalonderzoek,beide,TV,Voor de herhaalde NEM-uitwerking; losse monsters minimaal V,V,Verspreiding en verspreidingsverandering van kleine zoogdieren in het jachtgebied van uilen.,"Bezettingsanalyse met monsteromvang, herhaling en samenstelling van monsters.","Roest-/nestlocatie, verzamelperiode, monster-ID, prooisamenstelling en aantallen onderzochte resten.",Prooiaantallen zijn geen directe populatieaantallen; vindplaats braakbal is niet exacte vangplaats.,"37, 14","[""https://ndff.nl/natuurdata/waarnemen-en-aanleveren/protocollen/17-002-braakbalonderzoek-nem/"", ""https://longreads.cbs.nl/meetprogrammas-flora-en-fauna-2025/meetprogrammas/""]"
17.005,17.005,Atlas van de Nederlandse Zoogdieren 1992,beide,V,TV bij gekalibreerde vergelijking van onderzoeksperioden,TV,Historische verspreidingsreferentie van zoogdieren.,"Atlasvergelijking na harmonisatie van resolutie, soorten en onderzoeksdekking.","Oorspronkelijke data/periode, atlasmethode, taxonomie en geografische onzekerheid.",Atlasjaar 1992 is geen universeel waarnemingsjaar; geen jaarlijkse populatietrend.,38,"[""https://ndff.nl/natuurdata/waarnemen-en-aanleveren/protocollen/17-005-atlas-van-de-nederlandse-zoogdieren-1992/""]"
17.006,17.006,Atlas van de Nederlandse Vleermuizen 1997,beide,V,I voor oorspronkelijke functie-informatie; TV conditioneel,"I,TV",Historisch voorkomen en waar vastgelegd functies of verblijfplaatsen.,Historische vergelijking na correctie voor detectietechniek en waarnemingsinspanning.,"Onderzoeksperiode, detector-/inventarisatiemethode, functie en ruimtelijke precisie.",Techniek- en kennisontwikkeling kunnen schijnbare toename veroorzaken; geen homogene jaarlijkse telreeks.,39,"[""https://ndff.nl/natuurdata/waarnemen-en-aanleveren/protocollen/17-006-atlas-van-de-nederlandse-vleermuizen-1997/""]"
17.007,17.007,Bestrijding Muskusratten en Beverratten,beide,V,Beheer-/vangststatistiek; populatie-index alleen met aanvullende modellering,,Voorkomen en registratie van verwijderde dieren of operationele vangstresultaten.,"Vangst-per-inspanning alleen na controle van vangmiddel, plaatsing en effecten van verwijdering.","Vanglocatie, datum, vangmiddel, inzet/valnachten, vangststrategie en wegvanghistorie.",Meer of minder vangsten kan inzet of succes van bestrijding weerspiegelen; niet rechtstreeks een populatietrend.,40,"[""https://ndff.nl/natuurdata/waarnemen-en-aanleveren/protocollen/17-007-bestrijding-muskus-en-beverratten/""]"
17.204,17.204,Dagactieve Zoogdieren-Broedvogel Monitoring Project (DAZ-BMP) (NEM),beide,TA,V voor incidentele niet-trendgeschikte nevenwaarnemingen,V,Relatieve aantalstrends van voldoende getelde dagactieve zoogdiersoorten.,"Telmodel op terugkerende BMP-gebieden/bezoeken, met soortgerichte geschiktheidstoets.","BMP-gebied en bezoek, inspanning, getelde doelsoorten en nul-/ontbrekende tellingen.",Niet iedere aangetroffen zoogdiersoort levert een betrouwbare trend; geen automatisch resultaat voor kleine gebiedsuitsneden.,"41, 73","[""https://longreads.cbs.nl/meetprogrammas-flora-en-fauna-2022/meetprogrammas/"", ""https://www.cbs.nl/nl-nl/onze-diensten/methoden/onderzoeksomschrijvingen/korte-onderzoeksomschrijvingen/zoogdierenstatistiek""]"
17.208,17.208,Vleermuistransecttelling (NEM),beide,TA,Akoestische activiteits-/abundantie-index,,Verandering in gestandaardiseerde akoestische detectie van doelsoorten langs transecten.,Analyse van routegebonden akoestische index met vaste verwerking.,"Route, snelheid/duur, seizoen, weer, detectorinstelling, classificatie en meeteenheid.",Geluidscontacten zijn geen afzonderlijk herkenbare individuen; geen directe absolute populatietelling.,42,"[""https://ndff.nl/natuurdata/waarnemen-en-aanleveren/protocollen/17-208-vleermuistransecttelling-nem/""]"
17.209,17.209,Konijnen in de duinen (NEM),beide,TA,,,Relatieve aantalstrend van konijnen langs de getelde duinroutes.,Herhaalde route-/seizoensanalyse; weging en representativiteit van de routes toetsen.,"Vaste route, licht-/telwijze, seizoen, herhaalbezoeken en veranderingen in zichtbaarheid.",Trend langs routes niet zonder representativiteitstoets extrapoleren naar het gehele duingebied.,"41, 14","[""https://longreads.cbs.nl/meetprogrammas-flora-en-fauna-2022/meetprogrammas/"", ""https://longreads.cbs.nl/meetprogrammas-flora-en-fauna-2025/meetprogrammas/""]"
17.210,17.210,Uitvliegtellingen meervleermuizen,beide,TA,"Voor volledige, geldige tellingen van doelgroepen",V,Verandering in groepsgrootte van volwassen vrouwtjes bij onderzochte verblijven.,Kolonie-/verblijfplaatsreeks met kwaliteitsselectie en afstemming tussen uitvliegopeningen.,"Verblijf, datum, telvolledigheid, uitgangen, tellingmethode en eventuele verhuizing.",Onvolledige tellingen staan ook in NDFF maar worden uitgesloten van de officiële trend.,43,"[""https://ndff.nl/natuurdata/waarnemen-en-aanleveren/protocollen/17-210-uitvliegtellingen-meervleermuizen-nem/""]"
17.506,17.506,Vleermuisprotocol 2021,beide,I,TV / TA alleen binnen een aanvullend meerjarig ontwerp,"TA,TV",Aanwezigheid en ecologische functies van het onderzochte gebied voor vleermuizen.,Integratie van voorgeschreven bezoeken tot functie- en verblijfplaatsinventarisatie.,"Soort, onderzoeksfunctie, periode, bezoekduur, weer, waarnemingen en protocolversie.",Herhaalde bezoeken binnen één seizoen vormen geen meerjarige trend; nulresultaat is geen absolute afwezigheid.,44,"[""https://ndff.nl/natuurdata/waarnemen-en-aanleveren/protocollen/17-506-vleermuisprotocol-2021/""]"
LOS,,Losse waarnemingen,beide,V,TV bij geschikte datacompletering en gevalideerde bezettingsanalyse,TV,"Voorkomensbewijs, verspreidingskaarten, nieuwe vestigingen en gerichte signalering.",Validatie en biasbewuste analyse; eventueel bezoek-/lijstgeschiedenissen reconstrueren.,"Soort, plaats, tijd, bewijs, waarnemer-ID en beschikbare inspannings-/bezoekinformatie.",Aantallen meldingen of ingevoerde individuen niet als populatietrend presenteren.,"66, 71","[""https://ndff.nl/natuurdata/waarnemen-en-aanleveren/protocollen/"", ""https://besjournals.onlinelibrary.wiley.com/doi/full/10.1111/1365-2664.12158""]"
02.203,02.203,Provinciale epifytenmeetnetten korstmossen,alleen_openbaar,TK,TV / verandering in abundantieklassen,TV,Verandering in samenstelling en abundantie van epifyten op onderzochte boomgroepen.,Herhaalde boom-/locatieanalyse met consistente soorten- en indicatorscores.,"Boom-/locatie-ID, boomsoort, substraat, meetronde, tijd en abundantieklasse.",Boomvervanging en veranderde boomkenmerken scheiden van ecologische verandering; geen directe depositiemeting.,45,"[""https://ndff.nl/natuurdata/waarnemen-en-aanleveren/protocollen/2-203-provinciale-epifytenmeetnet-mossen-en-korstmossen-2/""]"
03.003,03.003,Tuinvlindertelling,alleen_openbaar,I,TV / TA bij vergelijkbare herhaalde tuintellingen,"TA,TV",Voorkomen en getelde vlinders in deelnemende tuinen tijdens de telling.,"Herhaalde-tuinanalyse met inspanning, datum/weer en deelnemersselectie.","Tuin-ID, telwijze, duur, periode en volledige soortenlijst.",Campagnetotalen zijn afhankelijk van deelnemers en omstandigheden; geen ruwe landelijke populatietrend.,46,"[""https://ndff.nl/natuurdata/waarnemen-en-aanleveren/protocollen/3-003-protocol-waarnemingen-tuinvlindertelling/""]"
03.203,03.203,Landelijk Meetprogramma Nachtvlinders (NEM),alleen_openbaar,TA,Gestandaardiseerde vangstindex,,Verandering in aantallen gevangen nachtvlinders bij vaste meetpunten.,Val-/nacht-/jaar-telmodel met seizoen en relevante weers- en methodevariabelen.,"Val-ID, lamp/valtype, bedrijfsduur, locatie, lege vangstnachten en gevolgde soortgroepen.",Vangsten zijn geen directe dichtheid; niet-geregistreerde optionele micro's zijn geen nulwaarnemingen.,47,"[""https://ndff.nl/natuurdata/waarnemen-en-aanleveren/protocollen/3-203-landelijk-meetprogramma-nachtvlinders-nem/""]"
07.001,07.001,Verspreidingsonderzoek libellen,alleen_openbaar,V,I met originele inventarisaties; TV met gevalideerd model,"I,TV",Verspreidingskaarten en historische/actuele vindplaatsen van libellen.,"Bezettingsanalyse na reconstructie van bezoeken, lijsten, inspanning en detectie.","Waarnemingsdatum, locatie, waarnemer en indien beschikbaar complete bezoeklijsten.",Metadata beschrijven positieve waarnemingen zonder nullen; geen directe aantalstrend.,"48, 72, 71","[""https://ndff.nl/natuurdata/waarnemen-en-aanleveren/protocollen/7-001-verspreidingsonderzoek-libellen/"", ""https://www.gbif.org/dataset/9296b0fc-7ea4-46de-b951-6dea892acd41"", ""https://besjournals.onlinelibrary.wiley.com/doi/full/10.1111/1365-2664.12158""]"
07.201,07.201,Landelijk Meetnet Libellen (NEM),alleen_openbaar,TA,TV met passende aanvullende analyse,TV,Relatieve aantalstrends op vaste routes; aparte maat bij larvenhuidjestellingen.,Route-/seizoensanalyse; volwassen dieren en larvenhuidjes als verschillende meeteenheden behandelen.,"Route, telstrook, bezoek, nulresultaten, weer, soortgerichte timing en methode.",Geen homogene vergelijking tussen afwijkende deelmethoden; geen absolute dichtheid zonder onderbouwing.,49,"[""https://vlinderstichting.nl/wat-kan-jij-doen/tellen/meetnetten/meetnet-libellen/""]"
10.201,10.201,Monitoring van reptielen in Nederland (NEM),alleen_openbaar,TA,,,Relatieve aantalstrends van reptielen op herhaald getelde trajecten.,"Tel-/indexmodel met locatie, jaar, seizoen en waar beschikbaar telomstandigheden.","Vast traject, bezoek, inspanning, weer, zoekmethode en nulresultaten.",Veranderde zichtbaarheid en zoekmethode kunnen de index veranderen; geen automatische absolute dichtheid.,"50, 51","[""https://www.ravon.nl/reptielen/"", ""https://www.ravon.nl/publicaties/handleiding-invoerapp-meetprogramma-reptielen/""]"
102.004,102.004,iNaturalist,alleen_openbaar,V,TV na passende datacompletering en modelvalidatie,TV,Gevalideerd voorkomensbewijs en verspreidingsanalyse op passende taxonomische/ruimtelijke schaal.,"Controle op determinatie, locatieprecisie en sampling bias.","Bewijs, validatiestatus, taxonomisch niveau, coördinatenonzekerheid en bron-ID.",Platformstatus bewijst geen steekproefkwaliteit; publicatie- of uploadactiviteit is geen trend.,"52, 71","[""https://ndff.nl/natuurdata/waarnemen-en-aanleveren/protocollen/102-004-inaturalist/"", ""https://besjournals.onlinelibrary.wiley.com/doi/full/10.1111/1365-2664.12158""]"
102.005,102.005,LiveAtlas,alleen_openbaar,I,TV / TA met volledige geschikte bezoekgegevens,"TA,TV","Soortenlijsten, seizoenpatronen en telresultaten van gedocumenteerde bezoeken.","Bezoekmodel met duur, route, waarnemer en volledigheid per soortgroep.","Route, tijdsduur, datum, waarnemer, complete-lijststatus per taxongroep en aantallen.",Niet elke lijst is volledig; niet-genoteerde soorten alleen als niet-detectie gebruiken waar verantwoord.,53,"[""https://ndff.nl/natuurdata/waarnemen-en-aanleveren/protocollen/102-005-liveatlas/""]"
102.007,102.007,Kwartiertellingen,alleen_openbaar,I,TV / TA met originele route- en bezoekgegevens,"TA,TV",Soortenlijsten en gestandaardiseerde of inspanning-gecorrigeerde telresultaten.,"Bezoek-/routemodel met werkelijke duur, doelsoort/-groep, afstand en detectie.","Originele route, werkelijke tijdsduur, doelsoorten, volledigheid en tellingen.",NDFF neemt de punten zonder routegegevens over; de naam bewijst niet altijd exact 15 minuten of een volledige lijst.,54,"[""https://ndff.nl/natuurdata/waarnemen-en-aanleveren/protocollen/102-007-kwartiertellingen-dagvlinders-nachtvlinders-libellen-en-sprinkhanen/""]"
11.204,11.204,Verspreidingsonderzoek bospaddenstoelen (NEM),alleen_openbaar,TV,,,Verspreidings- en bezettingstrends van bospaddenstoelen.,"Bezettingsmodel met hok, bezoeklijst, detectie en onderzoeksinspanning.","Kilometerhok, herbezoeken, volledige doelsoortenlijst en datum.",Geen aantalstrend in vruchtlichamen; methodebreuk ten opzichte van 11.201 behouden.,"55, 22","[""https://www.mycologen.nl/onderzoek/meetnet/bospaddenstoelen/"", ""https://www.cbs.nl/nl-nl/onze-diensten/methoden/onderzoeksomschrijvingen/korte-onderzoeksomschrijvingen/paddenstoelenstatistiek""]"
12.011,12.011,Daglijsten Kranswieren,alleen_openbaar,V,I / TV bij beschikbaarheid van originele complete inventarisaties,"I,TV",Gecontroleerde vindplaatsen en verspreiding van kranswieren.,Voorkomensanalyse met specimencontrole; inventarisatiecontext eerst reconstrueren.,"Monster-/bezoekgegevens, herbariummateriaal waar vereist, locatie en datum.",De gepubliceerde datasetmetadata melden positieve vondsten zonder nullen; 'daglijst' garandeert geen volledigheid.,56,"[""https://www.gbif.org/dataset/709e4b81-35aa-4c95-956f-c2676a53f7f7""]"
12.209,12.209,Nectarindex FLORON,alleen_openbaar,I,TK bij vergelijkbare herhaalde opnamen,TK,Floristische toestand en op plantensoorten gebaseerd potentieel nectar-/bloemaanbod.,Vergelijk de oorspronkelijke plantenopname en index op hetzelfde traject met dezelfde methode.,"Traject, stoplocaties, plantgegevens, telperiode en methode-/indexversie.","Geen meting van werkelijk nectarvolume, insectenaantallen of aangetoond beheer-effect.",57,"[""https://www.floron.nl/nectarindex""]"
13.201,13.201,Beek- en poldervissen (NEM),alleen_openbaar,TV,Voorwaardelijk: deelprotocol en gegevensherkomst controleren,V,Verspreidingsverandering van onderzochte vissoorten voor geschikte historische meetreeksen.,Bezettingsanalyse per soort en deelmethode na controle van protocolkoppeling.,"Monsterpunt, vangmethode, inspanning, herbezoeken, niet-detecties en methodeversie.",NDFF-paginatitel en methodetekst sluiten niet eenduidig aan. Uniforme codebrede methode: dit kan ik niet verifiëren.,"58, 59","[""https://ndff.nl/natuurdata/waarnemen-en-aanleveren/protocollen/13-201-meetnet-beek-en-poldervissen-nem-3/"", ""https://www.clo.nl/indicatoren/nl155204-beek-en-poldervissen-van-de-habitatrichtlijn-1990-2023""]"
17.201,17.201,Monitoren van vleermuizen in de winter,alleen_openbaar,TA,,,Verandering in getelde overwinteraars in de onderzochte winterverblijven.,Herhaalde object-/soort-telreeks met controle op object- en telwijzigingen.,"Object-ID, bezochte ruimten, datum, telmethode, volledigheid en verbouwingen.",Alleen onderzochte/toegankelijke verblijven; veranderde verblijfkeuze kan aantallen per object beïnvloeden.,60,"[""https://ndff.nl/natuurdata/waarnemen-en-aanleveren/protocollen/17-201-monitoren-van-vleermuizen-in-de-winter-nem/""]"
17.202,17.202,Monitoren van vleermuizen op zolder,alleen_openbaar,TA,Voor telbare doelsoorten; overige informatie minimaal V / I,"I,V",Verandering in aantallen van doelsoorten op onderzochte zolders/verblijfplaatsen.,Herhaalde zolder-/soort-telreeks met object- en jaarcomponenten.,"Zolder-ID, bezoekdatum, zichtbaarheid, methode, soort en volledigheid.",Geen automatische trend voor alle soorten of alle vleermuizen in de omgeving.,61,"[""https://ndff.nl/natuurdata/waarnemen-en-aanleveren/protocollen/17-202-monitoren-van-vleermuizen-op-zolders-nem/""]"
17.207,17.207,Verspreidingsonderzoek Bever en Otter (NEM),alleen_openbaar,TV,"Otter: TV; bever: voorlopig V / I, trend opgeschort","I,TV,V",Voorkomen van beide soorten; verspreidingsverandering van otter bij geschikte gegevens.,Bezettings-/verspreidingsanalyse per soort; bever pas na herstel en validatie van de datakwaliteit.,"Onderzochte kilometerhokken, inspanning, sporenmethode, niet-detecties en verificatie.",CBS 2025-rapportage schort bevertrend op wegens datakwaliteit; bezette hokken zijn geen aantallen dieren.,"62, 14","[""https://ndff.nl/natuurdata/waarnemen-en-aanleveren/protocollen/17-207-verspreidingsonderzoek-bever-en-otter-nem/"", ""https://longreads.cbs.nl/meetprogrammas-flora-en-fauna-2025/meetprogrammas/""]"
17.505,17.505,Vleermuisprotocol 2017,alleen_openbaar,I,TV / TA alleen bij aanvullend vergelijkbaar meerjarig ontwerp,"TA,TV","Historische inventarisatie van aanwezigheid, verblijfplaatsen en gebiedsfuncties.",Integreer seizoensbezoeken tot functies; harmoniseer methoden bij latere vergelijking.,"Soort/functie, bezoekdatums, telduur, omstandigheden en gebruikte protocolversie.",Binnen-seizoenherhaling is geen trend; versies 2017 en 2021 niet ongemotiveerd gelijkstellen.,"63, 44","[""https://ndff.nl/natuurdata/waarnemen-en-aanleveren/protocollen/17-505-vleermuisprotocol-2017/"", ""https://ndff.nl/natuurdata/waarnemen-en-aanleveren/protocollen/17-506-vleermuisprotocol-2021/""]"
