"groep_100","jaar","groep_titel","log_index","n_soorten","msi","msi_variant","periode"
100,1997,"Watervogels",4.60517018598809,16,100,"volledig","1997-2022"
100,1998,"Watervogels",4.587327658372,16,98.2315707775683,"volledig","1997-2022"
100,1999,"Watervogels",4.58953846744066,16,98.4489822641617,"volledig","1997-2022"
100,2000,"Watervogels",4.37142968579802,15,79.1567200783908,"volledig","1997-2022"
100,2001,"Watervogels",4.4989276757429,16,89.9206554829983,"volledig","1997-2022"
100,2002,"Watervogels",4.65994421719524,14,105.630189644065,"volledig","1997-2022"
100,2003,"Watervogels",4.35009507212758,18,77.4858293177362,"volledig","1997-2022"
100,2004,"Watervogels",4.2529597555073,13,70.3132145972017,"volledig","1997-2022"
100,2005,"Watervogels",4.35065533351849,14,77.5292537996403,"volledig","1997-2022"
100,2006,"Watervogels",4.0954296729134,14,60.0651419782145,"volledig","1997-2022"
100,2007,"Watervogels",4.58860996038369,15,98.3576141139282,"volledig","1997-2022"
100,2008,"Watervogels",4.24985581109784,16,70.0953046529725,"volledig","1997-2022"
100,2009,"Watervogels",4.49976647003733,17,89.9961120576165,"volledig","1997-2022"
100,2010,"Watervogels",4.52069522005886,15,91.8994661266253,"volledig","1997-2022"
100,2011,"Watervogels",4.25097877581431,14,70.1740634202695,"volledig","1997-2022"
100,2012,"Watervogels",4.17983562137614,17,65.3551093480663,"volledig","1997-2022"
100,2013,"Watervogels",4.09343984023999,17,59.9457412293254,"volledig","1997-2022"
100,2014,"Watervogels",4.20909723378405,17,67.2957600406421,"volledig","1997-2022"
100,2015,"Watervogels",4.64393950460058,15,103.953065561529,"volledig","1997-2022"
100,2016,"Watervogels",4.63908474455252,15,103.449621411034,"volledig","1997-2022"
100,2017,"Watervogels",4.27503800579598,16,71.8828712234824,"volledig","1997-2022"
100,2018,"Watervogels",4.24889238833562,15,70.0278057611502,"volledig","1997-2022"
100,2019,"Watervogels",4.65622673610985,15,105.23824039536,"volledig","1997-2022"
100,2020,"Watervogels",4.43767989712913,16,84.5784830784742,"volledig","1997-2022"
100,2021,"Watervogels",4.62308467979807,16,101.80759208748,"volledig","1997-2022"
100,2022,"Watervogels",3.9385261565533,16,51.3428741506512,"volledig","1997-2022"
200,1997,"Rietvogels",4.60517018598809,8,100,"volledig","1997-2022"
200,1998,"Rietvogels",4.67694387879483,7,107.441216934631,"volledig","1997-2022"
200,1999,"Rietvogels",4.58428057085118,7,97.9327061486822,"volledig","1997-2022"
200,2000,"Rietvogels",4.41972542285129,8,83.0734721493782,"volledig","1997-2022"
200,2001,"Rietvogels",4.60226273071904,8,99.7096767285727,"volledig","1997-2022"
200,2002,"Rietvogels",4.51644310029149,7,91.509528208984,"volledig","1997-2022"
200,2003,"Rietvogels",4.52476771471054,7,92.2744893325985,"volledig","1997-2022"
200,2004,"Rietvogels",4.56801466586839,7,96.3526275974508,"volledig","1997-2022"
200,2005,"Rietvogels",4.36016746262996,7,78.2702406660003,"volledig","1997-2022"
200,2006,"Rietvogels",4.56354942053202,9,95.9233486076896,"volledig","1997-2022"
200,2007,"Rietvogels",3.97216856844156,9,53.0995560961394,"volledig","1997-2022"
200,2008,"Rietvogels",4.13496633924267,9,62.4874876589064,"volledig","1997-2022"
200,2009,"Rietvogels",4.20395257565137,9,66.9504354116908,"volledig","1997-2022"
200,2010,"Rietvogels",4.21002299419111,8,67.3580886370721,"volledig","1997-2022"
200,2011,"Rietvogels",3.99157280368202,9,54.1399739855125,"volledig","1997-2022"
200,2012,"Rietvogels",3.87676826982879,8,48.2679736754815,"volledig","1997-2022"
200,2013,"Rietvogels",3.69994889221758,8,40.4452372408603,"volledig","1997-2022"
200,2014,"Rietvogels",4.10750646788213,8,60.7949342887718,"volledig","1997-2022"
200,2015,"Rietvogels",4.11898767012784,9,61.4969555372533,"volledig","1997-2022"
200,2016,"Rietvogels",4.18441767906153,8,65.6552573517277,"volledig","1997-2022"
200,2017,"Rietvogels",4.17169484227279,8,64.8252275911252,"volledig","1997-2022"
200,2018,"Rietvogels",4.18712471613927,8,65.8332293474405,"volledig","1997-2022"
200,2019,"Rietvogels",4.60554608781578,8,100.037597248763,"volledig","1997-2022"
200,2020,"Rietvogels",4.48963611259075,8,89.0890216063596,"volledig","1997-2022"
200,2021,"Rietvogels",4.4737223105507,8,87.6824978065128,"volledig","1997-2022"
200,2022,"Rietvogels",3.81284474072677,9,45.2790630230402,"volledig","1997-2022"
300,1997,"Vogels van pionierbegroeiingen",4.60517018598809,14,100,"volledig","1997-2022"
300,1998,"Vogels van pionierbegroeiingen",4.51542543910947,13,91.4164498834732,"volledig","1997-2022"
300,1999,"Vogels van pionierbegroeiingen",4.51821996100995,12,91.6722724391206,"volledig","1997-2022"
300,2000,"Vogels van pionierbegroeiingen",4.46398157158337,13,86.8325517550585,"volledig","1997-2022"
300,2001,"Vogels van pionierbegroeiingen",4.36247900410604,14,78.45137484257,"volledig","1997-2022"
300,2002,"Vogels van pionierbegroeiingen",4.12212879490369,12,61.6904288507618,"volledig","1997-2022"
300,2003,"Vogels van pionierbegroeiingen",4.03994337552304,13,56.8231251346307,"volledig","1997-2022"
300,2004,"Vogels van pionierbegroeiingen",4.5835028581952,8,97.8565722526605,"volledig","1997-2022"
300,2005,"Vogels van pionierbegroeiingen",4.42781235257859,11,83.7480052556543,"volledig","1997-2022"
300,2006,"Vogels van pionierbegroeiingen",2.98487297893543,12,19.7839890934066,"volledig","1997-2022"
300,2007,"Vogels van pionierbegroeiingen",4.02359886863337,10,55.901927938848,"volledig","1997-2022"
300,2008,"Vogels van pionierbegroeiingen",3.48822352998524,13,32.7277561563016,"volledig","1997-2022"
300,2009,"Vogels van pionierbegroeiingen",4.19837399463406,11,66.5779868168333,"volledig","1997-2022"
300,2010,"Vogels van pionierbegroeiingen",3.40950581710437,10,30.2502913883858,"volledig","1997-2022"
300,2011,"Vogels van pionierbegroeiingen",3.96657539825765,11,52.803390267238,"volledig","1997-2022"
300,2012,"Vogels van pionierbegroeiingen",3.67173696027238,10,39.3201441078052,"volledig","1997-2022"
300,2013,"Vogels van pionierbegroeiingen",2.39913743694524,13,11.0136722954752,"volledig","1997-2022"
300,2014,"Vogels van pionierbegroeiingen",2.26937884782975,13,9.67339030016561,"volledig","1997-2022"
300,2015,"Vogels van pionierbegroeiingen",4.13214462919711,8,62.3114146176174,"volledig","1997-2022"
300,2016,"Vogels van pionierbegroeiingen",4.16834618589699,8,64.6085132329088,"volledig","1997-2022"
300,2017,"Vogels van pionierbegroeiingen",3.60030554270553,9,36.6094184757604,"volledig","1997-2022"
300,2018,"Vogels van pionierbegroeiingen",3.84269111491488,9,46.6508484602601,"volledig","1997-2022"
300,2019,"Vogels van pionierbegroeiingen",4.14128227726051,9,62.8834037324149,"volledig","1997-2022"
300,2020,"Vogels van pionierbegroeiingen",3.34033289048048,11,28.2285221477962,"volledig","1997-2022"
300,2021,"Vogels van pionierbegroeiingen",4.60336568127952,8,99.8197122431173,"volledig","1997-2022"
300,2022,"Vogels van pionierbegroeiingen",2.35940596851806,12,10.5846619621099,"volledig","1997-2022"
400,1997,"Vogels van open heide",4.60517018598809,6,100,"volledig","1997-2022"
400,1998,"Vogels van open heide",4.46064067593838,6,86.5429373162454,"volledig","1997-2022"
400,1999,"Vogels van open heide",4.23337922326315,6,68.9498358318892,"volledig","1997-2022"
400,2000,"Vogels van open heide",4.30996647029684,6,74.4379930146922,"volledig","1997-2022"
400,2001,"Vogels van open heide",4.01501267145937,6,55.4239977009795,"volledig","1997-2022"
400,2002,"Vogels van open heide",4.62866989350913,5,102.377800131306,"volledig","1997-2022"
400,2003,"Vogels van open heide",3.54840426645184,5,34.7578090091137,"volledig","1997-2022"
400,2004,"Vogels van open heide",4.23351674831887,4,68.9593188139626,"volledig","1997-2022"
400,2005,"Vogels van open heide",4.46531411223326,3,86.9483367870044,"volledig","1997-2022"
400,2006,"Vogels van open heide",1.97695649267611,6,7.2207331543709,"volledig","1997-2022"
400,2007,"Vogels van open heide",4.84059930468149,3,126.545168120961,"volledig","1997-2022"
400,2008,"Vogels van open heide",3.10779246680971,6,22.371603792041,"volledig","1997-2022"
400,2009,"Vogels van open heide",3.80053210662266,4,44.7249766190228,"volledig","1997-2022"
400,2010,"Vogels van open heide",3.7727792238617,3,43.5007954381398,"volledig","1997-2022"
400,2011,"Vogels van open heide",3.84051379826816,4,46.5493852901322,"volledig","1997-2022"
400,2012,"Vogels van open heide",3.53100165501517,3,34.1581651822763,"volledig","1997-2022"
400,2013,"Vogels van open heide",1.85776715239246,7,6.40940954735404,"volledig","1997-2022"
400,2014,"Vogels van open heide",1.46498493352275,7,4.32747803996017,"volledig","1997-2022"
400,2015,"Vogels van open heide",4.53370219348845,2,93.1026076935448,"volledig","1997-2022"
400,2016,"Vogels van open heide",4.35928946315418,2,78.2015495955008,"volledig","1997-2022"
400,2017,"Vogels van open heide",3.93939711011658,3,51.3876108888248,"volledig","1997-2022"
400,2018,"Vogels van open heide",3.91740770419872,4,50.2699611158801,"volledig","1997-2022"
400,2019,"Vogels van open heide",4.25447038639067,3,70.4195121786717,"volledig","1997-2022"
400,2020,"Vogels van open heide",4.05713050483574,5,57.8081925258446,"volledig","1997-2022"
400,2021,"Vogels van open heide",3.58119658657076,3,35.9164923367488,"volledig","1997-2022"
400,2022,"Vogels van open heide",1.60357713494994,5,4.97078181684806,"volledig","1997-2022"
500,1997,"Weidevogels",4.60517018598809,10,100,"volledig","1997-2022"
500,1998,"Weidevogels",4.49014745337184,9,89.1345881052653,"volledig","1997-2022"
500,1999,"Weidevogels",4.58063819585041,9,97.5766473515287,"volledig","1997-2022"
500,2000,"Weidevogels",4.47166808699505,8,87.5025632302979,"volledig","1997-2022"
500,2001,"Weidevogels",4.38933988437655,9,80.5872045457986,"volledig","1997-2022"
500,2002,"Weidevogels",4.70890383842839,8,110.930495489677,"volledig","1997-2022"
500,2003,"Weidevogels",4.38871595705301,10,80.5369396694007,"volledig","1997-2022"
500,2004,"Weidevogels",4.13034183869371,7,62.1991813879885,"volledig","1997-2022"
500,2005,"Weidevogels",4.37484761741535,6,79.4277352264535,"volledig","1997-2022"
500,2006,"Weidevogels",2.93438950318531,7,18.8100161742062,"volledig","1997-2022"
500,2007,"Weidevogels",4.33343039836005,7,76.20525307892,"volledig","1997-2022"
500,2008,"Weidevogels",3.95002219408813,9,51.9365195057311,"volledig","1997-2022"
500,2009,"Weidevogels",4.38660700825849,7,80.3672703623962,"volledig","1997-2022"
500,2010,"Weidevogels",4.29834190096327,5,73.5776933978261,"volledig","1997-2022"
500,2011,"Weidevogels",4.28202345304257,5,72.3867631345181,"volledig","1997-2022"
500,2012,"Weidevogels",4.12446257751689,6,61.8345690315164,"volledig","1997-2022"
500,2013,"Weidevogels",3.2703188401083,10,26.3197297910861,"volledig","1997-2022"
500,2014,"Weidevogels",2.78985083603762,10,16.2785914414796,"volledig","1997-2022"
500,2015,"Weidevogels",4.41424405767931,5,82.6193618216822,"volledig","1997-2022"
500,2016,"Weidevogels",4.39184744468008,5,80.7895353932716,"volledig","1997-2022"
500,2017,"Weidevogels",4.02458104518942,5,55.9568604742159,"volledig","1997-2022"
500,2018,"Weidevogels",4.09008788968144,6,59.7451424549366,"volledig","1997-2022"
500,2019,"Weidevogels",4.33001351169024,5,75.9453127117951,"volledig","1997-2022"
500,2020,"Weidevogels",4.28315581545326,7,72.4687776104146,"volledig","1997-2022"
500,2021,"Weidevogels",4.33052512266669,6,75.9841771082667,"volledig","1997-2022"
500,2022,"Weidevogels",3.07180820070759,7,21.5808899964907,"volledig","1997-2022"
600,1997,"Struweelvogels",4.60517018598809,23,100,"volledig","1997-2022"
600,1998,"Struweelvogels",4.58565933496374,23,98.0678253767319,"volledig","1997-2022"
600,1999,"Struweelvogels",4.61990939280211,23,101.484836456296,"volledig","1997-2022"
600,2000,"Struweelvogels",4.66255840478702,23,105.906688027006,"volledig","1997-2022"
600,2001,"Struweelvogels",4.71429026650955,22,111.529626765826,"volledig","1997-2022"
600,2002,"Struweelvogels",4.6626657090028,23,105.918052870847,"volledig","1997-2022"
600,2003,"Struweelvogels",4.69095010399781,23,108.956650795042,"volledig","1997-2022"
600,2004,"Struweelvogels",4.58817655319687,22,98.3149944535943,"volledig","1997-2022"
600,2005,"Struweelvogels",4.50093408161532,23,90.101253930518,"volledig","1997-2022"
600,2006,"Struweelvogels",4.4755276888273,23,87.8409408650828,"volledig","1997-2022"
600,2007,"Struweelvogels",4.47110171492997,23,87.453018254631,"volledig","1997-2022"
600,2008,"Struweelvogels",4.21847850199573,23,67.9300501861945,"volledig","1997-2022"
600,2009,"Struweelvogels",3.92753597990998,23,50.7816962648372,"volledig","1997-2022"
600,2010,"Struweelvogels",4.21032922011866,22,67.3787185887955,"volledig","1997-2022"
600,2011,"Struweelvogels",4.09272764630446,22,59.9030634351985,"volledig","1997-2022"
600,2012,"Struweelvogels",3.95068664571618,22,51.9710402780936,"volledig","1997-2022"
600,2013,"Struweelvogels",3.92067403068966,22,50.4344276760901,"volledig","1997-2022"
600,2014,"Struweelvogels",3.97891357871264,22,53.4589237542136,"volledig","1997-2022"
600,2015,"Struweelvogels",3.91904559640682,21,50.3523653597057,"volledig","1997-2022"
600,2016,"Struweelvogels",3.8538655992823,22,47.1750711412596,"volledig","1997-2022"
600,2017,"Struweelvogels",3.57637836097143,21,35.7438548111923,"volledig","1997-2022"
600,2018,"Struweelvogels",3.50282822687203,23,33.2092425378011,"volledig","1997-2022"
600,2019,"Struweelvogels",3.88922060744494,23,48.8727805945814,"volledig","1997-2022"
600,2020,"Struweelvogels",3.61205246209899,22,37.0420021520803,"volledig","1997-2022"
600,2021,"Struweelvogels",4.45708877640583,20,86.2360907643065,"volledig","1997-2022"
600,2022,"Struweelvogels",3.54784501669046,23,34.7383761471376,"volledig","1997-2022"
700,1997,"Bosrandvogels",4.60517018598809,19,100,"volledig","1997-2022"
700,1998,"Bosrandvogels",4.3386302299556,19,76.6025395779108,"volledig","1997-2022"
700,1999,"Bosrandvogels",4.67449639258797,19,107.178577572348,"volledig","1997-2022"
700,2000,"Bosrandvogels",4.69587965566355,19,109.49508426191,"volledig","1997-2022"
700,2001,"Bosrandvogels",4.61517644535913,18,101.005648938272,"volledig","1997-2022"
700,2002,"Bosrandvogels",4.61017115001036,19,100.501348971432,"volledig","1997-2022"
700,2003,"Bosrandvogels",4.41533664021659,20,82.7096796244919,"volledig","1997-2022"
700,2004,"Bosrandvogels",4.65917253292271,18,105.548707931134,"volledig","1997-2022"
700,2005,"Bosrandvogels",4.61607025199466,18,101.095968815758,"volledig","1997-2022"
700,2006,"Bosrandvogels",4.53600182122593,18,93.3169553981312,"volledig","1997-2022"
700,2007,"Bosrandvogels",4.46175625583874,18,86.6395367498087,"volledig","1997-2022"
700,2008,"Bosrandvogels",4.39399141231322,20,80.9629313534955,"volledig","1997-2022"
700,2009,"Bosrandvogels",4.10964419140201,20,60.9250360609538,"volledig","1997-2022"
700,2010,"Bosrandvogels",4.50356298253312,19,90.3384328229773,"volledig","1997-2022"
700,2011,"Bosrandvogels",4.32771708986263,19,75.7711103356046,"volledig","1997-2022"
700,2012,"Bosrandvogels",4.46456586831219,19,86.8833025563237,"volledig","1997-2022"
700,2013,"Bosrandvogels",4.54857814816632,19,94.4979506637172,"volledig","1997-2022"
700,2014,"Bosrandvogels",4.51963555014563,19,91.8021346060788,"volledig","1997-2022"
700,2015,"Bosrandvogels",4.66943117302355,18,106.637067136738,"volledig","1997-2022"
700,2016,"Bosrandvogels",4.5496931034221,19,94.6033704086986,"volledig","1997-2022"
700,2017,"Bosrandvogels",4.5028004839197,18,90.2695761481065,"volledig","1997-2022"
700,2018,"Bosrandvogels",4.34797284535594,20,77.3215611851036,"volledig","1997-2022"
700,2019,"Bosrandvogels",4.65583104405984,21,105.196606697883,"volledig","1997-2022"
700,2020,"Bosrandvogels",4.64442366348487,20,104.003407547546,"volledig","1997-2022"
700,2021,"Bosrandvogels",4.81101338652905,20,122.856055126194,"volledig","1997-2022"
700,2022,"Bosrandvogels",4.6781127453909,21,107.566874808485,"volledig","1997-2022"
800,1997,"Bosvogels",4.60517018598809,28,100,"volledig","1997-2022"
800,1998,"Bosvogels",4.35537928821277,32,77.8963649074952,"volledig","1997-2022"
800,1999,"Bosvogels",4.65125589734581,27,104.716416097258,"volledig","1997-2022"
800,2000,"Bosvogels",4.30838587150265,30,74.3204293476618,"volledig","1997-2022"
800,2001,"Bosvogels",4.5280097265341,31,92.574129774504,"volledig","1997-2022"
800,2002,"Bosvogels",4.39281582492872,31,80.8678082764834,"volledig","1997-2022"
800,2003,"Bosvogels",4.36306871041717,33,78.4976517569847,"volledig","1997-2022"
800,2004,"Bosvogels",4.53053854175956,27,92.8085288944805,"volledig","1997-2022"
800,2005,"Bosvogels",4.54028002015797,33,93.7170391056749,"volledig","1997-2022"
800,2006,"Bosvogels",4.32062845492818,32,75.2358958072117,"volledig","1997-2022"
800,2007,"Bosvogels",4.300655208181,33,73.7480982303993,"volledig","1997-2022"
800,2008,"Bosvogels",4.31319505776837,33,74.6787109667281,"volledig","1997-2022"
800,2009,"Bosvogels",4.28706543552101,33,72.7526575674388,"volledig","1997-2022"
800,2010,"Bosvogels",3.7781911594234,29,43.7368571391224,"volledig","1997-2022"
800,2011,"Bosvogels",4.03847181785437,33,56.7395681236391,"volledig","1997-2022"
800,2012,"Bosvogels",4.0320400789164,34,56.375805102398,"volledig","1997-2022"
800,2013,"Bosvogels",3.94538256985961,34,51.6961117036727,"volledig","1997-2022"
800,2014,"Bosvogels",4.09414773565479,34,59.988191568106,"volledig","1997-2022"
800,2015,"Bosvogels",4.14456930973907,34,63.0904436098318,"volledig","1997-2022"
800,2016,"Bosvogels",4.35932250314363,34,78.2041334165588,"volledig","1997-2022"
800,2017,"Bosvogels",4.37932677826067,29,79.7843027937079,"volledig","1997-2022"
800,2018,"Bosvogels",4.1439894715288,32,63.0538719637673,"volledig","1997-2022"
800,2019,"Bosvogels",4.15899096906859,34,64.0069050578427,"volledig","1997-2022"
800,2020,"Bosvogels",4.43812417568571,33,84.6160678332866,"volledig","1997-2022"
800,2021,"Bosvogels",4.6562358563225,31,105.239200194868,"volledig","1997-2022"
800,2022,"Bosvogels",4.27654178753193,31,71.9910486896194,"volledig","1997-2022"
900,1997,"Vogels van bebouwing/overige",4.60517018598809,6,100,"volledig","1997-2022"
900,1998,"Vogels van bebouwing/overige",4.35380032675413,6,77.7734666009162,"volledig","1997-2022"
900,1999,"Vogels van bebouwing/overige",4.76665912133509,7,117.525945424839,"volledig","1997-2022"
900,2000,"Vogels van bebouwing/overige",4.54620358771166,6,94.2738257713893,"volledig","1997-2022"
900,2001,"Vogels van bebouwing/overige",4.57100966854113,6,96.6416365498879,"volledig","1997-2022"
900,2002,"Vogels van bebouwing/overige",4.58251530744912,7,97.7599816236474,"volledig","1997-2022"
900,2003,"Vogels van bebouwing/overige",4.42354053517633,7,83.3910121170291,"volledig","1997-2022"
900,2004,"Vogels van bebouwing/overige",4.20368076331422,4,66.9322399303582,"volledig","1997-2022"
900,2005,"Vogels van bebouwing/overige",4.01778941977704,5,55.5781100599493,"volledig","1997-2022"
900,2006,"Vogels van bebouwing/overige",3.09578753357679,7,22.1046398306644,"volledig","1997-2022"
900,2007,"Vogels van bebouwing/overige",3.42173511758048,6,30.6225025937498,"volledig","1997-2022"
900,2008,"Vogels van bebouwing/overige",3.47156055047584,7,32.186932605421,"volledig","1997-2022"
900,2009,"Vogels van bebouwing/overige",3.82159088605124,7,45.6768171606257,"volledig","1997-2022"
900,2010,"Vogels van bebouwing/overige",3.87265295938001,6,48.0697441468628,"volledig","1997-2022"
900,2011,"Vogels van bebouwing/overige",3.40240811155903,7,30.0363438937859,"volledig","1997-2022"
900,2012,"Vogels van bebouwing/overige",3.25720758426065,7,25.9768974722791,"volledig","1997-2022"
900,2013,"Vogels van bebouwing/overige",3.77242144364162,7,43.4852344978386,"volledig","1997-2022"
900,2014,"Vogels van bebouwing/overige",3.11104188001555,7,22.4444166122409,"volledig","1997-2022"
900,2015,"Vogels van bebouwing/overige",3.18644451306791,7,24.2022235958579,"volledig","1997-2022"
900,2016,"Vogels van bebouwing/overige",3.28248759979964,7,26.6419648824134,"volledig","1997-2022"
900,2017,"Vogels van bebouwing/overige",3.49271710832573,6,32.8751518114395,"volledig","1997-2022"
900,2018,"Vogels van bebouwing/overige",3.23394222539435,7,25.3795117723798,"volledig","1997-2022"
900,2019,"Vogels van bebouwing/overige",3.40884383397178,7,30.230272832435,"volledig","1997-2022"
900,2020,"Vogels van bebouwing/overige",3.94020189896127,6,51.4289837107833,"volledig","1997-2022"
900,2021,"Vogels van bebouwing/overige",4.06017928680802,6,57.9847060399514,"volledig","1997-2022"
900,2022,"Vogels van bebouwing/overige",3.9049626932859,6,49.6482276653917,"volledig","1997-2022"
100,1997,"Watervogels",4.60517018598809,16,100,"robuust","1997-2022"
100,1998,"Watervogels",4.587327658372,16,98.2315707775683,"robuust","1997-2022"
100,1999,"Watervogels",4.58953846744066,16,98.4489822641617,"robuust","1997-2022"
100,2000,"Watervogels",4.37142968579802,15,79.1567200783908,"robuust","1997-2022"
100,2001,"Watervogels",4.4989276757429,16,89.9206554829983,"robuust","1997-2022"
100,2002,"Watervogels",4.65994421719524,14,105.630189644065,"robuust","1997-2022"
100,2003,"Watervogels",4.35009507212758,18,77.4858293177362,"robuust","1997-2022"
100,2004,"Watervogels",4.2529597555073,13,70.3132145972017,"robuust","1997-2022"
100,2005,"Watervogels",4.35065533351849,14,77.5292537996403,"robuust","1997-2022"
100,2006,"Watervogels",4.0954296729134,14,60.0651419782145,"robuust","1997-2022"
100,2007,"Watervogels",4.58860996038369,15,98.3576141139282,"robuust","1997-2022"
100,2008,"Watervogels",4.24985581109784,16,70.0953046529725,"robuust","1997-2022"
100,2009,"Watervogels",4.49976647003733,17,89.9961120576165,"robuust","1997-2022"
100,2010,"Watervogels",4.52069522005886,15,91.8994661266253,"robuust","1997-2022"
100,2011,"Watervogels",4.25097877581431,14,70.1740634202695,"robuust","1997-2022"
100,2012,"Watervogels",4.17983562137614,17,65.3551093480663,"robuust","1997-2022"
100,2013,"Watervogels",4.09343984023999,17,59.9457412293254,"robuust","1997-2022"
100,2014,"Watervogels",4.20909723378405,17,67.2957600406421,"robuust","1997-2022"
100,2015,"Watervogels",4.64393950460058,15,103.953065561529,"robuust","1997-2022"
100,2016,"Watervogels",4.63908474455252,15,103.449621411034,"robuust","1997-2022"
100,2017,"Watervogels",4.27503800579598,16,71.8828712234824,"robuust","1997-2022"
100,2018,"Watervogels",4.24889238833562,15,70.0278057611502,"robuust","1997-2022"
100,2019,"Watervogels",4.65622673610985,15,105.23824039536,"robuust","1997-2022"
100,2020,"Watervogels",4.43767989712913,16,84.5784830784742,"robuust","1997-2022"
100,2021,"Watervogels",4.62308467979807,16,101.80759208748,"robuust","1997-2022"
100,2022,"Watervogels",3.9385261565533,16,51.3428741506512,"robuust","1997-2022"
200,1997,"Rietvogels",4.60517018598809,8,100,"robuust","1997-2022"
200,1998,"Rietvogels",4.67694387879483,7,107.441216934631,"robuust","1997-2022"
200,1999,"Rietvogels",4.58428057085118,7,97.9327061486822,"robuust","1997-2022"
200,2000,"Rietvogels",4.41972542285129,8,83.0734721493782,"robuust","1997-2022"
200,2001,"Rietvogels",4.60226273071904,8,99.7096767285727,"robuust","1997-2022"
200,2002,"Rietvogels",4.51644310029149,7,91.509528208984,"robuust","1997-2022"
200,2003,"Rietvogels",4.52476771471054,7,92.2744893325985,"robuust","1997-2022"
200,2004,"Rietvogels",4.56801466586839,7,96.3526275974508,"robuust","1997-2022"
200,2005,"Rietvogels",4.36016746262996,7,78.2702406660003,"robuust","1997-2022"
200,2006,"Rietvogels",4.56354942053202,9,95.9233486076896,"robuust","1997-2022"
200,2007,"Rietvogels",3.97216856844156,9,53.0995560961394,"robuust","1997-2022"
200,2008,"Rietvogels",4.13496633924267,9,62.4874876589064,"robuust","1997-2022"
200,2009,"Rietvogels",4.20395257565137,9,66.9504354116908,"robuust","1997-2022"
200,2010,"Rietvogels",4.21002299419111,8,67.3580886370721,"robuust","1997-2022"
200,2011,"Rietvogels",3.99157280368202,9,54.1399739855125,"robuust","1997-2022"
200,2012,"Rietvogels",3.87676826982879,8,48.2679736754815,"robuust","1997-2022"
200,2013,"Rietvogels",3.69994889221758,8,40.4452372408603,"robuust","1997-2022"
200,2014,"Rietvogels",4.10750646788213,8,60.7949342887718,"robuust","1997-2022"
200,2015,"Rietvogels",4.11898767012784,9,61.4969555372533,"robuust","1997-2022"
200,2016,"Rietvogels",4.18441767906153,8,65.6552573517277,"robuust","1997-2022"
200,2017,"Rietvogels",4.17169484227279,8,64.8252275911252,"robuust","1997-2022"
200,2018,"Rietvogels",4.18712471613927,8,65.8332293474405,"robuust","1997-2022"
200,2019,"Rietvogels",4.60554608781578,8,100.037597248763,"robuust","1997-2022"
200,2020,"Rietvogels",4.48963611259075,8,89.0890216063596,"robuust","1997-2022"
200,2021,"Rietvogels",4.4737223105507,8,87.6824978065128,"robuust","1997-2022"
200,2022,"Rietvogels",3.81284474072677,9,45.2790630230402,"robuust","1997-2022"
300,1997,"Vogels van pionierbegroeiingen",4.60517018598809,14,100,"robuust","1997-2022"
300,1998,"Vogels van pionierbegroeiingen",4.51542543910947,13,91.4164498834732,"robuust","1997-2022"
300,1999,"Vogels van pionierbegroeiingen",4.51821996100995,12,91.6722724391206,"robuust","1997-2022"
300,2000,"Vogels van pionierbegroeiingen",4.46398157158337,13,86.8325517550585,"robuust","1997-2022"
300,2001,"Vogels van pionierbegroeiingen",4.36247900410604,14,78.45137484257,"robuust","1997-2022"
300,2002,"Vogels van pionierbegroeiingen",4.12212879490369,12,61.6904288507618,"robuust","1997-2022"
300,2003,"Vogels van pionierbegroeiingen",4.03994337552304,13,56.8231251346307,"robuust","1997-2022"
300,2004,"Vogels van pionierbegroeiingen",4.5835028581952,8,97.8565722526605,"robuust","1997-2022"
300,2005,"Vogels van pionierbegroeiingen",4.42781235257859,11,83.7480052556543,"robuust","1997-2022"
300,2006,"Vogels van pionierbegroeiingen",2.98487297893543,12,19.7839890934066,"robuust","1997-2022"
300,2007,"Vogels van pionierbegroeiingen",4.02359886863337,10,55.901927938848,"robuust","1997-2022"
300,2008,"Vogels van pionierbegroeiingen",3.48822352998524,13,32.7277561563016,"robuust","1997-2022"
300,2009,"Vogels van pionierbegroeiingen",4.19837399463406,11,66.5779868168333,"robuust","1997-2022"
300,2010,"Vogels van pionierbegroeiingen",3.40950581710437,10,30.2502913883858,"robuust","1997-2022"
300,2011,"Vogels van pionierbegroeiingen",3.96657539825765,11,52.803390267238,"robuust","1997-2022"
300,2012,"Vogels van pionierbegroeiingen",3.67173696027238,10,39.3201441078052,"robuust","1997-2022"
300,2013,"Vogels van pionierbegroeiingen",2.39913743694524,13,11.0136722954752,"robuust","1997-2022"
300,2014,"Vogels van pionierbegroeiingen",2.26937884782975,13,9.67339030016561,"robuust","1997-2022"
300,2015,"Vogels van pionierbegroeiingen",4.13214462919711,8,62.3114146176174,"robuust","1997-2022"
300,2016,"Vogels van pionierbegroeiingen",4.16834618589699,8,64.6085132329088,"robuust","1997-2022"
300,2017,"Vogels van pionierbegroeiingen",3.60030554270553,9,36.6094184757604,"robuust","1997-2022"
300,2018,"Vogels van pionierbegroeiingen",3.84269111491488,9,46.6508484602601,"robuust","1997-2022"
300,2019,"Vogels van pionierbegroeiingen",4.14128227726051,9,62.8834037324149,"robuust","1997-2022"
300,2020,"Vogels van pionierbegroeiingen",3.34033289048048,11,28.2285221477962,"robuust","1997-2022"
300,2021,"Vogels van pionierbegroeiingen",4.60336568127952,8,99.8197122431173,"robuust","1997-2022"
300,2022,"Vogels van pionierbegroeiingen",2.35940596851806,12,10.5846619621099,"robuust","1997-2022"
400,1997,"Vogels van open heide",4.60517018598809,6,100,"robuust","1997-2022"
400,1998,"Vogels van open heide",4.46064067593838,6,86.5429373162454,"robuust","1997-2022"
400,1999,"Vogels van open heide",4.23337922326315,6,68.9498358318892,"robuust","1997-2022"
400,2000,"Vogels van open heide",4.30996647029684,6,74.4379930146922,"robuust","1997-2022"
400,2001,"Vogels van open heide",4.01501267145937,6,55.4239977009795,"robuust","1997-2022"
400,2002,"Vogels van open heide",4.62866989350913,5,102.377800131306,"robuust","1997-2022"
400,2003,"Vogels van open heide",3.54840426645184,5,34.7578090091137,"robuust","1997-2022"
400,2004,"Vogels van open heide",4.23351674831887,4,68.9593188139626,"robuust","1997-2022"
400,2005,"Vogels van open heide",4.46531411223326,3,86.9483367870044,"robuust","1997-2022"
400,2006,"Vogels van open heide",1.97695649267611,6,7.2207331543709,"robuust","1997-2022"
400,2007,"Vogels van open heide",4.84059930468149,3,126.545168120961,"robuust","1997-2022"
400,2008,"Vogels van open heide",3.10779246680971,6,22.371603792041,"robuust","1997-2022"
400,2009,"Vogels van open heide",3.80053210662266,4,44.7249766190228,"robuust","1997-2022"
400,2010,"Vogels van open heide",3.7727792238617,3,43.5007954381398,"robuust","1997-2022"
400,2011,"Vogels van open heide",3.84051379826816,4,46.5493852901322,"robuust","1997-2022"
400,2012,"Vogels van open heide",3.53100165501517,3,34.1581651822763,"robuust","1997-2022"
400,2013,"Vogels van open heide",1.85776715239246,7,6.40940954735404,"robuust","1997-2022"
400,2014,"Vogels van open heide",1.46498493352275,7,4.32747803996017,"robuust","1997-2022"
400,2015,"Vogels van open heide",4.53370219348845,2,93.1026076935448,"robuust","1997-2022"
400,2016,"Vogels van open heide",4.35928946315418,2,78.2015495955008,"robuust","1997-2022"
400,2017,"Vogels van open heide",3.93939711011658,3,51.3876108888248,"robuust","1997-2022"
400,2018,"Vogels van open heide",3.91740770419872,4,50.2699611158801,"robuust","1997-2022"
400,2019,"Vogels van open heide",4.25447038639067,3,70.4195121786717,"robuust","1997-2022"
400,2020,"Vogels van open heide",4.05713050483574,5,57.8081925258446,"robuust","1997-2022"
400,2021,"Vogels van open heide",3.58119658657076,3,35.9164923367488,"robuust","1997-2022"
400,2022,"Vogels van open heide",1.60357713494994,5,4.97078181684806,"robuust","1997-2022"
500,1997,"Weidevogels",4.60517018598809,10,100,"robuust","1997-2022"
500,1998,"Weidevogels",4.49014745337184,9,89.1345881052653,"robuust","1997-2022"
500,1999,"Weidevogels",4.58063819585041,9,97.5766473515287,"robuust","1997-2022"
500,2000,"Weidevogels",4.47166808699505,8,87.5025632302979,"robuust","1997-2022"
500,2001,"Weidevogels",4.38933988437655,9,80.5872045457986,"robuust","1997-2022"
500,2002,"Weidevogels",4.70890383842839,8,110.930495489677,"robuust","1997-2022"
500,2003,"Weidevogels",4.38871595705301,10,80.5369396694007,"robuust","1997-2022"
500,2004,"Weidevogels",4.13034183869371,7,62.1991813879885,"robuust","1997-2022"
500,2005,"Weidevogels",4.37484761741535,6,79.4277352264535,"robuust","1997-2022"
500,2006,"Weidevogels",2.93438950318531,7,18.8100161742062,"robuust","1997-2022"
500,2007,"Weidevogels",4.33343039836005,7,76.20525307892,"robuust","1997-2022"
500,2008,"Weidevogels",3.95002219408813,9,51.9365195057311,"robuust","1997-2022"
500,2009,"Weidevogels",4.38660700825849,7,80.3672703623962,"robuust","1997-2022"
500,2010,"Weidevogels",4.29834190096327,5,73.5776933978261,"robuust","1997-2022"
500,2011,"Weidevogels",4.28202345304257,5,72.3867631345181,"robuust","1997-2022"
500,2012,"Weidevogels",4.12446257751689,6,61.8345690315164,"robuust","1997-2022"
500,2013,"Weidevogels",3.2703188401083,10,26.3197297910861,"robuust","1997-2022"
500,2014,"Weidevogels",2.78985083603762,10,16.2785914414796,"robuust","1997-2022"
500,2015,"Weidevogels",4.41424405767931,5,82.6193618216822,"robuust","1997-2022"
500,2016,"Weidevogels",4.39184744468008,5,80.7895353932716,"robuust","1997-2022"
500,2017,"Weidevogels",4.02458104518942,5,55.9568604742159,"robuust","1997-2022"
500,2018,"Weidevogels",4.09008788968144,6,59.7451424549366,"robuust","1997-2022"
500,2019,"Weidevogels",4.33001351169024,5,75.9453127117951,"robuust","1997-2022"
500,2020,"Weidevogels",4.28315581545326,7,72.4687776104146,"robuust","1997-2022"
500,2021,"Weidevogels",4.33052512266669,6,75.9841771082667,"robuust","1997-2022"
500,2022,"Weidevogels",3.07180820070759,7,21.5808899964907,"robuust","1997-2022"
600,1997,"Struweelvogels",4.60517018598809,23,100,"robuust","1997-2022"
600,1998,"Struweelvogels",4.58565933496374,23,98.0678253767319,"robuust","1997-2022"
600,1999,"Struweelvogels",4.61990939280211,23,101.484836456296,"robuust","1997-2022"
600,2000,"Struweelvogels",4.66255840478702,23,105.906688027006,"robuust","1997-2022"
600,2001,"Struweelvogels",4.71429026650955,22,111.529626765826,"robuust","1997-2022"
600,2002,"Struweelvogels",4.6626657090028,23,105.918052870847,"robuust","1997-2022"
600,2003,"Struweelvogels",4.69095010399781,23,108.956650795042,"robuust","1997-2022"
600,2004,"Struweelvogels",4.58817655319687,22,98.3149944535943,"robuust","1997-2022"
600,2005,"Struweelvogels",4.50093408161532,23,90.101253930518,"robuust","1997-2022"
600,2006,"Struweelvogels",4.4755276888273,23,87.8409408650828,"robuust","1997-2022"
600,2007,"Struweelvogels",4.47110171492997,23,87.453018254631,"robuust","1997-2022"
600,2008,"Struweelvogels",4.21847850199573,23,67.9300501861945,"robuust","1997-2022"
600,2009,"Struweelvogels",3.92753597990998,23,50.7816962648372,"robuust","1997-2022"
600,2010,"Struweelvogels",4.21032922011866,22,67.3787185887955,"robuust","1997-2022"
600,2011,"Struweelvogels",4.09272764630446,22,59.9030634351985,"robuust","1997-2022"
600,2012,"Struweelvogels",3.95068664571618,22,51.9710402780936,"robuust","1997-2022"
600,2013,"Struweelvogels",3.92067403068966,22,50.4344276760901,"robuust","1997-2022"
600,2014,"Struweelvogels",3.97891357871264,22,53.4589237542136,"robuust","1997-2022"
600,2015,"Struweelvogels",3.91904559640682,21,50.3523653597057,"robuust","1997-2022"
600,2016,"Struweelvogels",3.8538655992823,22,47.1750711412596,"robuust","1997-2022"
600,2017,"Struweelvogels",3.57637836097143,21,35.7438548111923,"robuust","1997-2022"
600,2018,"Struweelvogels",3.50282822687203,23,33.2092425378011,"robuust","1997-2022"
600,2019,"Struweelvogels",3.88922060744494,23,48.8727805945814,"robuust","1997-2022"
600,2020,"Struweelvogels",3.61205246209899,22,37.0420021520803,"robuust","1997-2022"
600,2021,"Struweelvogels",4.45708877640583,20,86.2360907643065,"robuust","1997-2022"
600,2022,"Struweelvogels",3.54784501669046,23,34.7383761471376,"robuust","1997-2022"
700,1997,"Bosrandvogels",4.60517018598809,19,100,"robuust","1997-2022"
700,1998,"Bosrandvogels",4.3386302299556,19,76.6025395779108,"robuust","1997-2022"
700,1999,"Bosrandvogels",4.67449639258797,19,107.178577572348,"robuust","1997-2022"
700,2000,"Bosrandvogels",4.69587965566355,19,109.49508426191,"robuust","1997-2022"
700,2001,"Bosrandvogels",4.61517644535913,18,101.005648938272,"robuust","1997-2022"
700,2002,"Bosrandvogels",4.61017115001036,19,100.501348971432,"robuust","1997-2022"
700,2003,"Bosrandvogels",4.41533664021659,20,82.7096796244919,"robuust","1997-2022"
700,2004,"Bosrandvogels",4.65917253292271,18,105.548707931134,"robuust","1997-2022"
700,2005,"Bosrandvogels",4.61607025199466,18,101.095968815758,"robuust","1997-2022"
700,2006,"Bosrandvogels",4.53600182122593,18,93.3169553981312,"robuust","1997-2022"
700,2007,"Bosrandvogels",4.46175625583874,18,86.6395367498087,"robuust","1997-2022"
700,2008,"Bosrandvogels",4.39399141231322,20,80.9629313534955,"robuust","1997-2022"
700,2009,"Bosrandvogels",4.10964419140201,20,60.9250360609538,"robuust","1997-2022"
700,2010,"Bosrandvogels",4.50356298253312,19,90.3384328229773,"robuust","1997-2022"
700,2011,"Bosrandvogels",4.32771708986263,19,75.7711103356046,"robuust","1997-2022"
700,2012,"Bosrandvogels",4.46456586831219,19,86.8833025563237,"robuust","1997-2022"
700,2013,"Bosrandvogels",4.54857814816632,19,94.4979506637172,"robuust","1997-2022"
700,2014,"Bosrandvogels",4.51963555014563,19,91.8021346060788,"robuust","1997-2022"
700,2015,"Bosrandvogels",4.66943117302355,18,106.637067136738,"robuust","1997-2022"
700,2016,"Bosrandvogels",4.5496931034221,19,94.6033704086986,"robuust","1997-2022"
700,2017,"Bosrandvogels",4.5028004839197,18,90.2695761481065,"robuust","1997-2022"
700,2018,"Bosrandvogels",4.34797284535594,20,77.3215611851036,"robuust","1997-2022"
700,2019,"Bosrandvogels",4.65583104405984,21,105.196606697883,"robuust","1997-2022"
700,2020,"Bosrandvogels",4.64442366348487,20,104.003407547546,"robuust","1997-2022"
700,2021,"Bosrandvogels",4.81101338652905,20,122.856055126194,"robuust","1997-2022"
700,2022,"Bosrandvogels",4.6781127453909,21,107.566874808485,"robuust","1997-2022"
800,1997,"Bosvogels",4.60517018598809,28,100,"robuust","1997-2022"
800,1998,"Bosvogels",4.35537928821277,32,77.8963649074952,"robuust","1997-2022"
800,1999,"Bosvogels",4.65125589734581,27,104.716416097258,"robuust","1997-2022"
800,2000,"Bosvogels",4.30838587150265,30,74.3204293476618,"robuust","1997-2022"
800,2001,"Bosvogels",4.5280097265341,31,92.574129774504,"robuust","1997-2022"
800,2002,"Bosvogels",4.39281582492872,31,80.8678082764834,"robuust","1997-2022"
800,2003,"Bosvogels",4.36306871041717,33,78.4976517569847,"robuust","1997-2022"
800,2004,"Bosvogels",4.53053854175956,27,92.8085288944805,"robuust","1997-2022"
800,2005,"Bosvogels",4.54028002015797,33,93.7170391056749,"robuust","1997-2022"
800,2006,"Bosvogels",4.32062845492818,32,75.2358958072117,"robuust","1997-2022"
800,2007,"Bosvogels",4.300655208181,33,73.7480982303993,"robuust","1997-2022"
800,2008,"Bosvogels",4.31319505776837,33,74.6787109667281,"robuust","1997-2022"
800,2009,"Bosvogels",4.28706543552101,33,72.7526575674388,"robuust","1997-2022"
800,2010,"Bosvogels",3.7781911594234,29,43.7368571391224,"robuust","1997-2022"
800,2011,"Bosvogels",4.03847181785437,33,56.7395681236391,"robuust","1997-2022"
800,2012,"Bosvogels",4.0320400789164,34,56.375805102398,"robuust","1997-2022"
800,2013,"Bosvogels",3.94538256985961,34,51.6961117036727,"robuust","1997-2022"
800,2014,"Bosvogels",4.09414773565479,34,59.988191568106,"robuust","1997-2022"
800,2015,"Bosvogels",4.14456930973907,34,63.0904436098318,"robuust","1997-2022"
800,2016,"Bosvogels",4.35932250314363,34,78.2041334165588,"robuust","1997-2022"
800,2017,"Bosvogels",4.37932677826067,29,79.7843027937079,"robuust","1997-2022"
800,2018,"Bosvogels",4.1439894715288,32,63.0538719637673,"robuust","1997-2022"
800,2019,"Bosvogels",4.15899096906859,34,64.0069050578427,"robuust","1997-2022"
800,2020,"Bosvogels",4.43812417568571,33,84.6160678332866,"robuust","1997-2022"
800,2021,"Bosvogels",4.6562358563225,31,105.239200194868,"robuust","1997-2022"
800,2022,"Bosvogels",4.27654178753193,31,71.9910486896194,"robuust","1997-2022"
900,1997,"Vogels van bebouwing/overige",4.60517018598809,6,100,"robuust","1997-2022"
900,1998,"Vogels van bebouwing/overige",4.35380032675413,6,77.7734666009162,"robuust","1997-2022"
900,1999,"Vogels van bebouwing/overige",4.76665912133509,7,117.525945424839,"robuust","1997-2022"
900,2000,"Vogels van bebouwing/overige",4.54620358771166,6,94.2738257713893,"robuust","1997-2022"
900,2001,"Vogels van bebouwing/overige",4.57100966854113,6,96.6416365498879,"robuust","1997-2022"
900,2002,"Vogels van bebouwing/overige",4.58251530744912,7,97.7599816236474,"robuust","1997-2022"
900,2003,"Vogels van bebouwing/overige",4.42354053517633,7,83.3910121170291,"robuust","1997-2022"
900,2004,"Vogels van bebouwing/overige",4.20368076331422,4,66.9322399303582,"robuust","1997-2022"
900,2005,"Vogels van bebouwing/overige",4.01778941977704,5,55.5781100599493,"robuust","1997-2022"
900,2006,"Vogels van bebouwing/overige",3.09578753357679,7,22.1046398306644,"robuust","1997-2022"
900,2007,"Vogels van bebouwing/overige",3.42173511758048,6,30.6225025937498,"robuust","1997-2022"
900,2008,"Vogels van bebouwing/overige",3.47156055047584,7,32.186932605421,"robuust","1997-2022"
900,2009,"Vogels van bebouwing/overige",3.82159088605124,7,45.6768171606257,"robuust","1997-2022"
900,2010,"Vogels van bebouwing/overige",3.87265295938001,6,48.0697441468628,"robuust","1997-2022"
900,2011,"Vogels van bebouwing/overige",3.40240811155903,7,30.0363438937859,"robuust","1997-2022"
900,2012,"Vogels van bebouwing/overige",3.25720758426065,7,25.9768974722791,"robuust","1997-2022"
900,2013,"Vogels van bebouwing/overige",3.77242144364162,7,43.4852344978386,"robuust","1997-2022"
900,2014,"Vogels van bebouwing/overige",3.11104188001555,7,22.4444166122409,"robuust","1997-2022"
900,2015,"Vogels van bebouwing/overige",3.18644451306791,7,24.2022235958579,"robuust","1997-2022"
900,2016,"Vogels van bebouwing/overige",3.28248759979964,7,26.6419648824134,"robuust","1997-2022"
900,2017,"Vogels van bebouwing/overige",3.49271710832573,6,32.8751518114395,"robuust","1997-2022"
900,2018,"Vogels van bebouwing/overige",3.23394222539435,7,25.3795117723798,"robuust","1997-2022"
900,2019,"Vogels van bebouwing/overige",3.40884383397178,7,30.230272832435,"robuust","1997-2022"
900,2020,"Vogels van bebouwing/overige",3.94020189896127,6,51.4289837107833,"robuust","1997-2022"
900,2021,"Vogels van bebouwing/overige",4.06017928680802,6,57.9847060399514,"robuust","1997-2022"
900,2022,"Vogels van bebouwing/overige",3.9049626932859,6,49.6482276653917,"robuust","1997-2022"
