"groep_100","groep_titel","msi_variant","basisjaar","basisjaar_toelichting","eerste_jaar","laatste_jaar","gemiddeld_n_soorten","min_n_soorten","max_n_soorten","cv_n_soorten","samenstelling_waarschuwing","trend_contract","trend_formaliteit","trend_status","trend_methode","trend_pct_per_jaar","trendduiding_type"
100,"Watervogels","volledig",1997,"MSI = 100 in het eerste analysejaar met geldige groepsindex",1997,2022,15.5384615384615,13,18,0.0755595407062927,"wisselend_soortenaantal","trim-trend-v2","beschrijvend","groeps_msi_zonder_onzekerheidspropagatie","loglineaire samenvatting van groeps-MSI; geen formele inferentie",-0.643923038955174,"beschrijvend_geen_trendklasse"
200,"Rietvogels","volledig",1997,"MSI = 100 in het eerste analysejaar met geldige groepsindex",1997,2022,8.03846153846154,7,9,0.0895746941537727,"stabiel_soortenaantal","trim-trend-v2","beschrijvend","groeps_msi_zonder_onzekerheidspropagatie","loglineaire samenvatting van groeps-MSI; geen formele inferentie",-1.82088805621891,"beschrijvend_geen_trendklasse"
300,"Vogels van pionierbegroeiingen","volledig",1997,"MSI = 100 in het eerste analysejaar met geldige groepsindex",1997,2022,11.0384615384615,8,14,0.178410822651567,"wisselend_soortenaantal","trim-trend-v2","beschrijvend","groeps_msi_zonder_onzekerheidspropagatie","loglineaire samenvatting van groeps-MSI; geen formele inferentie",-4.33361974425612,"beschrijvend_geen_trendklasse"
400,"Vogels van open heide","volledig",1997,"MSI = 100 in het eerste analysejaar met geldige groepsindex",1997,2022,4.5,2,7,0.339934634239519,"wisselend_soortenaantal","trim-trend-v2","beschrijvend","groeps_msi_zonder_onzekerheidspropagatie","loglineaire samenvatting van groeps-MSI; geen formele inferentie",-4.35995687014213,"beschrijvend_geen_trendklasse"
500,"Weidevogels","volledig",1997,"MSI = 100 in het eerste analysejaar met geldige groepsindex",1997,2022,7.23076923076923,5,10,0.248344450407062,"wisselend_soortenaantal","trim-trend-v2","beschrijvend","groeps_msi_zonder_onzekerheidspropagatie","loglineaire samenvatting van groeps-MSI; geen formele inferentie",-2.53760607814945,"beschrijvend_geen_trendklasse"
600,"Struweelvogels","volledig",1997,"MSI = 100 in het eerste analysejaar met geldige groepsindex",1997,2022,22.3846153846154,20,23,0.035910241862854,"stabiel_soortenaantal","trim-trend-v2","beschrijvend","groeps_msi_zonder_onzekerheidspropagatie","loglineaire samenvatting van groeps-MSI; geen formele inferentie",-4.40136516519656,"beschrijvend_geen_trendklasse"
700,"Bosrandvogels","volledig",1997,"MSI = 100 in het eerste analysejaar met geldige groepsindex",1997,2022,19.1153846153846,18,21,0.0475496608615418,"stabiel_soortenaantal","trim-trend-v2","beschrijvend","groeps_msi_zonder_onzekerheidspropagatie","loglineaire samenvatting van groeps-MSI; geen formele inferentie",0.22012737436885,"beschrijvend_geen_trendklasse"
800,"Bosvogels","volledig",1997,"MSI = 100 in het eerste analysejaar met geldige groepsindex",1997,2022,31.7307692307692,27,34,0.0693663833074039,"stabiel_soortenaantal","trim-trend-v2","beschrijvend","groeps_msi_zonder_onzekerheidspropagatie","loglineaire samenvatting van groeps-MSI; geen formele inferentie",-0.984975212454986,"beschrijvend_geen_trendklasse"
900,"Vogels van bebouwing/overige","volledig",1997,"MSI = 100 in het eerste analysejaar met geldige groepsindex",1997,2022,6.42307692307692,4,7,0.117938232374708,"wisselend_soortenaantal","trim-trend-v2","beschrijvend","groeps_msi_zonder_onzekerheidspropagatie","loglineaire samenvatting van groeps-MSI; geen formele inferentie",-4.43628328833428,"beschrijvend_geen_trendklasse"
100,"Watervogels","robuust",1997,"MSI = 100 in het eerste analysejaar met geldige groepsindex",1997,2022,15.5384615384615,13,18,0.0755595407062927,"wisselend_soortenaantal","trim-trend-v2","beschrijvend","groeps_msi_zonder_onzekerheidspropagatie","loglineaire samenvatting van groeps-MSI; geen formele inferentie",-0.643923038955174,"beschrijvend_geen_trendklasse"
200,"Rietvogels","robuust",1997,"MSI = 100 in het eerste analysejaar met geldige groepsindex",1997,2022,8.03846153846154,7,9,0.0895746941537727,"stabiel_soortenaantal","trim-trend-v2","beschrijvend","groeps_msi_zonder_onzekerheidspropagatie","loglineaire samenvatting van groeps-MSI; geen formele inferentie",-1.82088805621891,"beschrijvend_geen_trendklasse"
300,"Vogels van pionierbegroeiingen","robuust",1997,"MSI = 100 in het eerste analysejaar met geldige groepsindex",1997,2022,11.0384615384615,8,14,0.178410822651567,"wisselend_soortenaantal","trim-trend-v2","beschrijvend","groeps_msi_zonder_onzekerheidspropagatie","loglineaire samenvatting van groeps-MSI; geen formele inferentie",-4.33361974425612,"beschrijvend_geen_trendklasse"
400,"Vogels van open heide","robuust",1997,"MSI = 100 in het eerste analysejaar met geldige groepsindex",1997,2022,4.5,2,7,0.339934634239519,"wisselend_soortenaantal","trim-trend-v2","beschrijvend","groeps_msi_zonder_onzekerheidspropagatie","loglineaire samenvatting van groeps-MSI; geen formele inferentie",-4.35995687014213,"beschrijvend_geen_trendklasse"
500,"Weidevogels","robuust",1997,"MSI = 100 in het eerste analysejaar met geldige groepsindex",1997,2022,7.23076923076923,5,10,0.248344450407062,"wisselend_soortenaantal","trim-trend-v2","beschrijvend","groeps_msi_zonder_onzekerheidspropagatie","loglineaire samenvatting van groeps-MSI; geen formele inferentie",-2.53760607814945,"beschrijvend_geen_trendklasse"
600,"Struweelvogels","robuust",1997,"MSI = 100 in het eerste analysejaar met geldige groepsindex",1997,2022,22.3846153846154,20,23,0.035910241862854,"stabiel_soortenaantal","trim-trend-v2","beschrijvend","groeps_msi_zonder_onzekerheidspropagatie","loglineaire samenvatting van groeps-MSI; geen formele inferentie",-4.40136516519656,"beschrijvend_geen_trendklasse"
700,"Bosrandvogels","robuust",1997,"MSI = 100 in het eerste analysejaar met geldige groepsindex",1997,2022,19.1153846153846,18,21,0.0475496608615418,"stabiel_soortenaantal","trim-trend-v2","beschrijvend","groeps_msi_zonder_onzekerheidspropagatie","loglineaire samenvatting van groeps-MSI; geen formele inferentie",0.22012737436885,"beschrijvend_geen_trendklasse"
800,"Bosvogels","robuust",1997,"MSI = 100 in het eerste analysejaar met geldige groepsindex",1997,2022,31.7307692307692,27,34,0.0693663833074039,"stabiel_soortenaantal","trim-trend-v2","beschrijvend","groeps_msi_zonder_onzekerheidspropagatie","loglineaire samenvatting van groeps-MSI; geen formele inferentie",-0.984975212454986,"beschrijvend_geen_trendklasse"
900,"Vogels van bebouwing/overige","robuust",1997,"MSI = 100 in het eerste analysejaar met geldige groepsindex",1997,2022,6.42307692307692,4,7,0.117938232374708,"wisselend_soortenaantal","trim-trend-v2","beschrijvend","groeps_msi_zonder_onzekerheidspropagatie","loglineaire samenvatting van groeps-MSI; geen formele inferentie",-4.43628328833428,"beschrijvend_geen_trendklasse"
