plot_id,jaar,bron,stikstof_mean,stikstof_median
3490,2005,RIVM_HIST_STIKSTOF,1232.9960341201418,1344.0
3496,2005,RIVM_HIST_STIKSTOF,1151.3430798322358,1039.0
3497,2005,RIVM_HIST_STIKSTOF,1378.9719322966562,1362.0
3498,2005,RIVM_HIST_STIKSTOF,1396.3156272487292,1320.0
3499,2005,RIVM_HIST_STIKSTOF,1748.0933371855588,1762.0
3500,2005,RIVM_HIST_STIKSTOF,1473.082194791601,1362.0
3501,2005,RIVM_HIST_STIKSTOF,1465.8076209248247,1411.0
3502,2005,RIVM_HIST_STIKSTOF,1431.878328171361,1436.0
3503,2005,RIVM_HIST_STIKSTOF,1485.584591353685,1411.0
3504,2005,RIVM_HIST_STIKSTOF,1500.5370653344223,1614.0
3505,2005,RIVM_HIST_STIKSTOF,1340.0839684422726,1267.0
3506,2005,RIVM_HIST_STIKSTOF,1234.4105182137996,1227.0
3507,2005,RIVM_HIST_STIKSTOF,1396.7779688841783,1427.0
3508,2005,RIVM_HIST_STIKSTOF,1344.0,1344.0
3509,2005,RIVM_HIST_STIKSTOF,1452.1127904374353,1448.0
3510,2005,RIVM_HIST_STIKSTOF,1655.985323854668,1733.0
3511,2005,RIVM_HIST_STIKSTOF,1430.0934846867815,1436.0
3512,2005,RIVM_HIST_STIKSTOF,1299.0670219127526,1320.0
3513,2005,RIVM_HIST_STIKSTOF,1229.969637969033,1279.0
3514,2005,RIVM_HIST_STIKSTOF,1542.350960251301,1523.0
3515,2005,RIVM_HIST_STIKSTOF,1189.541789974973,1267.0
3516,2005,RIVM_HIST_STIKSTOF,1446.4522665500142,1448.0
3517,2005,RIVM_HIST_STIKSTOF,1522.0949202804889,1523.0
3518,2005,RIVM_HIST_STIKSTOF,1434.563017380575,1439.0
3519,2005,RIVM_HIST_STIKSTOF,1498.435257415553,1448.0
3520,2005,RIVM_HIST_STIKSTOF,1478.1617453751062,1448.0
3521,2005,RIVM_HIST_STIKSTOF,1466.9589694500949,1509.0
3522,2005,RIVM_HIST_STIKSTOF,1509.0,1509.0
3523,2005,RIVM_HIST_STIKSTOF,1273.1814568112168,1267.0
3524,2005,RIVM_HIST_STIKSTOF,1250.8814583310932,1320.0
3525,2005,RIVM_HIST_STIKSTOF,1170.4469480333978,1106.0
3526,2005,RIVM_HIST_STIKSTOF,1587.0,1587.0
3527,2005,RIVM_HIST_STIKSTOF,1396.430372707917,1356.0
3528,2005,RIVM_HIST_STIKSTOF,1485.7648091397843,1512.0
3529,2005,RIVM_HIST_STIKSTOF,1279.0,1279.0
3530,2005,RIVM_HIST_STIKSTOF,1413.9064552367608,1439.0
3531,2005,RIVM_HIST_STIKSTOF,1360.9571552007994,1356.0
3532,2005,RIVM_HIST_STIKSTOF,1400.0283135285956,1436.0
3533,2005,RIVM_HIST_STIKSTOF,1139.0078379581716,1064.0
3534,2005,RIVM_HIST_STIKSTOF,1376.8374503922337,1427.0
3581,2005,RIVM_HIST_STIKSTOF,1442.622403093794,1509.0
3583,2005,RIVM_HIST_STIKSTOF,1317.859801081773,1295.0
9917,2005,RIVM_HIST_STIKSTOF,1617.6529552975385,1614.0
10626,2005,RIVM_HIST_STIKSTOF,1557.835584496478,1617.0
12381,2005,RIVM_HIST_STIKSTOF,1733.0,1733.0
12382,2005,RIVM_HIST_STIKSTOF,1732.952760333996,1733.0
20247,2005,RIVM_HIST_STIKSTOF,1554.5088261081655,1614.0
20758,2005,RIVM_HIST_STIKSTOF,1308.8625838175224,1382.0
27371,2005,RIVM_HIST_STIKSTOF,1572.2607287148323,1614.0
29455,2005,RIVM_HIST_STIKSTOF,1647.9425994227593,1733.0
29456,2005,RIVM_HIST_STIKSTOF,1371.0124704523223,1320.0
29457,2005,RIVM_HIST_STIKSTOF,1884.6324387203624,2327.0
29459,2005,RIVM_HIST_STIKSTOF,1411.3491755450882,1344.0
100425,2005,RIVM_HIST_STIKSTOF,1421.9315458462909,1427.0
112100,2005,RIVM_HIST_STIKSTOF,1644.647850925979,1704.0
3490,2006,RIVM_HIST_STIKSTOF,1143.3473659126498,1261.0
3496,2006,RIVM_HIST_STIKSTOF,1057.734071926462,938.0
3497,2006,RIVM_HIST_STIKSTOF,1304.4451615067971,1287.0
3498,2006,RIVM_HIST_STIKSTOF,1318.4832074123317,1234.0
3499,2006,RIVM_HIST_STIKSTOF,1662.3310579174297,1676.0
3500,2006,RIVM_HIST_STIKSTOF,1406.889004997123,1287.0
3501,2006,RIVM_HIST_STIKSTOF,1388.645885200409,1331.0
3502,2006,RIVM_HIST_STIKSTOF,1352.516154642678,1356.0
3503,2006,RIVM_HIST_STIKSTOF,1411.690333208967,1331.0
3504,2006,RIVM_HIST_STIKSTOF,1435.0552238762414,1559.0
3505,2006,RIVM_HIST_STIKSTOF,1259.3517420858548,1181.0
3506,2006,RIVM_HIST_STIKSTOF,1135.5649915511344,1127.0
3507,2006,RIVM_HIST_STIKSTOF,1319.1027405084722,1347.0
3508,2006,RIVM_HIST_STIKSTOF,1261.0,1261.0
3509,2006,RIVM_HIST_STIKSTOF,1381.4499044077168,1377.0
3510,2006,RIVM_HIST_STIKSTOF,1601.488581976749,1685.0
3511,2006,RIVM_HIST_STIKSTOF,1349.6305467102777,1356.0
3512,2006,RIVM_HIST_STIKSTOF,1209.28961511605,1234.0
3513,2006,RIVM_HIST_STIKSTOF,1138.430125145377,1192.0
3514,2006,RIVM_HIST_STIKSTOF,1477.4036779685398,1458.0
3515,2006,RIVM_HIST_STIKSTOF,1097.4367093818676,1181.0
3516,2006,RIVM_HIST_STIKSTOF,1374.689173498008,1377.0
3517,2006,RIVM_HIST_STIKSTOF,1455.2181857636606,1458.0
3518,2006,RIVM_HIST_STIKSTOF,1359.0160849250606,1363.0
3519,2006,RIVM_HIST_STIKSTOF,1423.2665590150962,1377.0
3520,2006,RIVM_HIST_STIKSTOF,1409.488412140462,1377.0
3521,2006,RIVM_HIST_STIKSTOF,1397.0381926782952,1443.0
3522,2006,RIVM_HIST_STIKSTOF,1443.0,1443.0
3523,2006,RIVM_HIST_STIKSTOF,1187.7878366900093,1181.0
3524,2006,RIVM_HIST_STIKSTOF,1159.8080048855006,1234.0
3525,2006,RIVM_HIST_STIKSTOF,1072.5892283649791,1003.0
3526,2006,RIVM_HIST_STIKSTOF,1516.9999999999998,1517.0
3527,2006,RIVM_HIST_STIKSTOF,1310.0493002919218,1267.0
3528,2006,RIVM_HIST_STIKSTOF,1399.2602862386266,1426.0
3529,2006,RIVM_HIST_STIKSTOF,1192.0,1192.0
3530,2006,RIVM_HIST_STIKSTOF,1335.8012014701785,1363.0
3531,2006,RIVM_HIST_STIKSTOF,1272.5739374646923,1267.0
3532,2006,RIVM_HIST_STIKSTOF,1316.5860468806145,1356.0
3533,2006,RIVM_HIST_STIKSTOF,1042.272203316588,962.0
3534,2006,RIVM_HIST_STIKSTOF,1294.9563547819423,1347.0
3581,2006,RIVM_HIST_STIKSTOF,1370.56183989801,1443.0
3583,2006,RIVM_HIST_STIKSTOF,1225.06401555324,1200.0
9917,2006,RIVM_HIST_STIKSTOF,1562.831698936488,1559.0
10626,2006,RIVM_HIST_STIKSTOF,1485.437299150302,1551.0
12381,2006,RIVM_HIST_STIKSTOF,1685.0,1685.0
12382,2006,RIVM_HIST_STIKSTOF,1684.9467039665592,1685.0
20247,2006,RIVM_HIST_STIKSTOF,1492.224158106064,1559.0
20758,2006,RIVM_HIST_STIKSTOF,1217.7431089642662,1291.0
27371,2006,RIVM_HIST_STIKSTOF,1512.6152859134477,1559.0
29455,2006,RIVM_HIST_STIKSTOF,1592.5864221003185,1685.0
29456,2006,RIVM_HIST_STIKSTOF,1290.410615473732,1234.0
29457,2006,RIVM_HIST_STIKSTOF,1807.1769431793523,2254.0
29459,2006,RIVM_HIST_STIKSTOF,1337.583503160471,1261.0
100425,2006,RIVM_HIST_STIKSTOF,1341.7483487082052,1347.0
112100,2006,RIVM_HIST_STIKSTOF,1568.3055007926616,1628.0
3490,2007,RIVM_HIST_STIKSTOF,1148.411503143749,1265.0
3496,2007,RIVM_HIST_STIKSTOF,1058.4157517694184,951.0
3497,2007,RIVM_HIST_STIKSTOF,1283.8712728144108,1271.0
3498,2007,RIVM_HIST_STIKSTOF,1288.5140846215186,1219.0
3499,2007,RIVM_HIST_STIKSTOF,1611.995103040525,1624.0
3500,2007,RIVM_HIST_STIKSTOF,1367.4838223336624,1271.0
3501,2007,RIVM_HIST_STIKSTOF,1379.77464650685,1321.0
3502,2007,RIVM_HIST_STIKSTOF,1323.0966149284027,1327.0
3503,2007,RIVM_HIST_STIKSTOF,1372.9773141651087,1321.0
3504,2007,RIVM_HIST_STIKSTOF,1385.0217980533398,1490.0
3505,2007,RIVM_HIST_STIKSTOF,1240.7230161125826,1169.0
3506,2007,RIVM_HIST_STIKSTOF,1141.6957387182554,1135.0
3507,2007,RIVM_HIST_STIKSTOF,1303.6377861836131,1332.0
3508,2007,RIVM_HIST_STIKSTOF,1265.0,1265.0
3509,2007,RIVM_HIST_STIKSTOF,1326.9892867601675,1322.0
3510,2007,RIVM_HIST_STIKSTOF,1519.5959454656438,1593.0
3511,2007,RIVM_HIST_STIKSTOF,1321.38781370775,1327.0
3512,2007,RIVM_HIST_STIKSTOF,1199.9659666580935,1219.0
3513,2007,RIVM_HIST_STIKSTOF,1136.5580980767656,1180.0
3514,2007,RIVM_HIST_STIKSTOF,1409.5993126540725,1398.0
3515,2007,RIVM_HIST_STIKSTOF,1098.410005642217,1169.0
3516,2007,RIVM_HIST_STIKSTOF,1322.129173193197,1322.0
3517,2007,RIVM_HIST_STIKSTOF,1398.017848104763,1398.0
3518,2007,RIVM_HIST_STIKSTOF,1322.2023186180938,1322.0
3519,2007,RIVM_HIST_STIKSTOF,1411.033677858761,1323.0
3520,2007,RIVM_HIST_STIKSTOF,1355.6859329807742,1322.0
3521,2007,RIVM_HIST_STIKSTOF,1356.5328480671828,1396.0
3522,2007,RIVM_HIST_STIKSTOF,1396.0,1396.0
3523,2007,RIVM_HIST_STIKSTOF,1174.6468539141829,1169.0
3524,2007,RIVM_HIST_STIKSTOF,1156.7435969973496,1219.0
3525,2007,RIVM_HIST_STIKSTOF,1084.1322639678986,1026.0
3526,2007,RIVM_HIST_STIKSTOF,1514.0,1514.0
3527,2007,RIVM_HIST_STIKSTOF,1322.5072631422568,1284.0
3528,2007,RIVM_HIST_STIKSTOF,1392.9691666494343,1415.0
3529,2007,RIVM_HIST_STIKSTOF,1180.0,1180.0
3530,2007,RIVM_HIST_STIKSTOF,1301.062304948966,1323.0
3531,2007,RIVM_HIST_STIKSTOF,1284.8619380036175,1284.0
3532,2007,RIVM_HIST_STIKSTOF,1293.9542401793797,1327.0
3533,2007,RIVM_HIST_STIKSTOF,1052.3782323400817,984.0
3534,2007,RIVM_HIST_STIKSTOF,1280.896902587088,1332.0
3581,2007,RIVM_HIST_STIKSTOF,1333.66277855765,1396.0
3583,2007,RIVM_HIST_STIKSTOF,1247.037671148673,1225.0
9917,2007,RIVM_HIST_STIKSTOF,1493.1028921694624,1490.0
10626,2007,RIVM_HIST_STIKSTOF,1448.0247013676164,1504.0
12381,2007,RIVM_HIST_STIKSTOF,1593.0000000000002,1593.0
12382,2007,RIVM_HIST_STIKSTOF,1592.9400419623792,1593.0
20247,2007,RIVM_HIST_STIKSTOF,1432.4388735339817,1490.0
20758,2007,RIVM_HIST_STIKSTOF,1211.7433263364262,1278.0
27371,2007,RIVM_HIST_STIKSTOF,1449.8423351520794,1490.0
29455,2007,RIVM_HIST_STIKSTOF,1513.6134580478974,1593.0
29456,2007,RIVM_HIST_STIKSTOF,1266.7735834394764,1219.0
29457,2007,RIVM_HIST_STIKSTOF,1711.0736855401562,2076.0
29459,2007,RIVM_HIST_STIKSTOF,1342.7336742100729,1265.0
100425,2007,RIVM_HIST_STIKSTOF,1327.9085972494156,1332.0
112100,2007,RIVM_HIST_STIKSTOF,1481.3413200276102,1521.0
3490,2008,RIVM_HIST_STIKSTOF,1210.14763928336,1342.0
3496,2008,RIVM_HIST_STIKSTOF,1106.734071926462,987.0
3497,2008,RIVM_HIST_STIKSTOF,1369.3593090812444,1355.0
3498,2008,RIVM_HIST_STIKSTOF,1370.630528136962,1287.0
3499,2008,RIVM_HIST_STIKSTOF,1718.1630804789772,1731.0
3500,2008,RIVM_HIST_STIKSTOF,1467.7693472818744,1355.0
3501,2008,RIVM_HIST_STIKSTOF,1476.6055298673334,1407.0
3502,2008,RIVM_HIST_STIKSTOF,1409.832176920234,1414.0
3503,2008,RIVM_HIST_STIKSTOF,1464.3604782731209,1407.0
3504,2008,RIVM_HIST_STIKSTOF,1486.2236702112407,1611.0
3505,2008,RIVM_HIST_STIKSTOF,1314.7037144422914,1230.0
3506,2008,RIVM_HIST_STIKSTOF,1197.748063679919,1190.0
3507,2008,RIVM_HIST_STIKSTOF,1389.242923209037,1419.0
3508,2008,RIVM_HIST_STIKSTOF,1342.0,1342.0
3509,2008,RIVM_HIST_STIKSTOF,1417.000628671012,1411.0
3510,2008,RIVM_HIST_STIKSTOF,1644.3945459226788,1730.0
3511,2008,RIVM_HIST_STIKSTOF,1407.4983605567545,1414.0
3512,2008,RIVM_HIST_STIKSTOF,1265.268558062592,1287.0
3513,2008,RIVM_HIST_STIKSTOF,1193.1685226738775,1242.0
3514,2008,RIVM_HIST_STIKSTOF,1516.0508613824954,1505.0
3515,2008,RIVM_HIST_STIKSTOF,1150.6339522896276,1230.0
3516,2008,RIVM_HIST_STIKSTOF,1410.966506546851,1411.0
3517,2008,RIVM_HIST_STIKSTOF,1502.8924186006768,1505.0
3518,2008,RIVM_HIST_STIKSTOF,1409.9899030385582,1411.0
3519,2008,RIVM_HIST_STIKSTOF,1514.6948061587088,1411.0
3520,2008,RIVM_HIST_STIKSTOF,1450.96858191491,1411.0
3521,2008,RIVM_HIST_STIKSTOF,1452.8112122159189,1500.0
3522,2008,RIVM_HIST_STIKSTOF,1500.0,1500.0
3523,2008,RIVM_HIST_STIKSTOF,1236.8611583650438,1230.0
3524,2008,RIVM_HIST_STIKSTOF,1216.7366289538463,1287.0
3525,2008,RIVM_HIST_STIKSTOF,1133.9934835622537,1068.0
3526,2008,RIVM_HIST_STIKSTOF,1637.0,1637.0
3527,2008,RIVM_HIST_STIKSTOF,1407.3492042593282,1362.0
3528,2008,RIVM_HIST_STIKSTOF,1484.2783778432583,1509.0
3529,2008,RIVM_HIST_STIKSTOF,1241.9999999999998,1242.0
3530,2008,RIVM_HIST_STIKSTOF,1384.8444860401935,1411.0
3531,2008,RIVM_HIST_STIKSTOF,1363.272432480694,1362.0
3532,2008,RIVM_HIST_STIKSTOF,1375.4466135426096,1414.0
3533,2008,RIVM_HIST_STIKSTOF,1098.7570710155485,1022.0
3534,2008,RIVM_HIST_STIKSTOF,1359.745488275826,1419.0
3581,2008,RIVM_HIST_STIKSTOF,1425.541652166082,1500.0
3583,2008,RIVM_HIST_STIKSTOF,1319.3849719590146,1294.0
9917,2008,RIVM_HIST_STIKSTOF,1614.5530191405844,1611.0
10626,2008,RIVM_HIST_STIKSTOF,1552.356600006466,1619.0
12381,2008,RIVM_HIST_STIKSTOF,1730.0,1730.0
12382,2008,RIVM_HIST_STIKSTOF,1729.923084133557,1730.0
20247,2008,RIVM_HIST_STIKSTOF,1541.1982852203969,1611.0
20758,2008,RIVM_HIST_STIKSTOF,1280.2624848327248,1352.0
27371,2008,RIVM_HIST_STIKSTOF,1564.2151603987493,1611.0
29455,2008,RIVM_HIST_STIKSTOF,1635.6813123143716,1730.0
29456,2008,RIVM_HIST_STIKSTOF,1344.490244478014,1287.0
29457,2008,RIVM_HIST_STIKSTOF,1835.417350732294,2239.0
29459,2008,RIVM_HIST_STIKSTOF,1434.5462272287775,1342.0
100425,2008,RIVM_HIST_STIKSTOF,1414.2979401224627,1419.0
112100,2008,RIVM_HIST_STIKSTOF,1576.9254473215356,1618.0
3490,2009,RIVM_HIST_STIKSTOF,1099.2264021414603,1221.0
3496,2009,RIVM_HIST_STIKSTOF,1005.3430798322358,893.0
3497,2009,RIVM_HIST_STIKSTOF,1241.2728550135237,1229.0
3498,2009,RIVM_HIST_STIKSTOF,1249.3930014344091,1175.0
3499,2009,RIVM_HIST_STIKSTOF,1570.7177621866758,1583.0
3500,2009,RIVM_HIST_STIKSTOF,1333.420362211015,1229.0
3501,2009,RIVM_HIST_STIKSTOF,1337.3504419346368,1273.0
3502,2009,RIVM_HIST_STIKSTOF,1283.0205745317885,1287.0
3503,2009,RIVM_HIST_STIKSTOF,1326.1553893561968,1273.0
3504,2009,RIVM_HIST_STIKSTOF,1353.035872084035,1466.0
3505,2009,RIVM_HIST_STIKSTOF,1196.9820800974444,1121.0
3506,2009,RIVM_HIST_STIKSTOF,1091.2663390318592,1084.0
3507,2009,RIVM_HIST_STIKSTOF,1262.1728318587543,1291.0
3508,2009,RIVM_HIST_STIKSTOF,1221.0,1221.0
3509,2009,RIVM_HIST_STIKSTOF,1286.7309374947868,1281.0
3510,2009,RIVM_HIST_STIKSTOF,1489.5439063350293,1572.0
3511,2009,RIVM_HIST_STIKSTOF,1281.100141734319,1287.0
3512,2009,RIVM_HIST_STIKSTOF,1154.095256979229,1175.0
3513,2009,RIVM_HIST_STIKSTOF,1086.423968153834,1132.0
3514,2009,RIVM_HIST_STIKSTOF,1365.1875887053811,1355.0
3515,2009,RIVM_HIST_STIKSTOF,1046.594330271526,1121.0
3516,2009,RIVM_HIST_STIKSTOF,1281.345652763155,1281.0
3517,2009,RIVM_HIST_STIKSTOF,1353.3818250057757,1355.0
3518,2009,RIVM_HIST_STIKSTOF,1280.3443346524782,1281.0
3519,2009,RIVM_HIST_STIKSTOF,1375.785975194169,1284.0
3520,2009,RIVM_HIST_STIKSTOF,1318.6814971448143,1281.0
3521,2009,RIVM_HIST_STIKSTOF,1323.2664033067608,1366.0
3522,2009,RIVM_HIST_STIKSTOF,1366.0,1366.0
3523,2009,RIVM_HIST_STIKSTOF,1127.132575694527,1121.0
3524,2009,RIVM_HIST_STIKSTOF,1109.0823103499863,1175.0
3525,2009,RIVM_HIST_STIKSTOF,1031.7484414727803,970.0
3526,2009,RIVM_HIST_STIKSTOF,1485.0,1485.0
3527,2009,RIVM_HIST_STIKSTOF,1278.2982903976288,1238.0
3528,2009,RIVM_HIST_STIKSTOF,1342.8100381513646,1364.0
3529,2009,RIVM_HIST_STIKSTOF,1132.0,1132.0
3530,2009,RIVM_HIST_STIKSTOF,1261.0060223778712,1284.0
3531,2009,RIVM_HIST_STIKSTOF,1239.2731386301464,1238.0
3532,2009,RIVM_HIST_STIKSTOF,1252.0609935229895,1287.0
3533,2009,RIVM_HIST_STIKSTOF,997.876492899147,926.0
3534,2009,RIVM_HIST_STIKSTOF,1237.7022910417484,1291.0
3581,2009,RIVM_HIST_STIKSTOF,1298.4680101041208,1366.0
3583,2009,RIVM_HIST_STIKSTOF,1198.4821888432164,1175.0
9917,2009,RIVM_HIST_STIKSTOF,1469.149263799177,1466.0
10626,2009,RIVM_HIST_STIKSTOF,1406.2296523281912,1460.0
12381,2009,RIVM_HIST_STIKSTOF,1572.0,1572.0
12382,2009,RIVM_HIST_STIKSTOF,1571.926717954019,1572.0
20247,2009,RIVM_HIST_STIKSTOF,1402.2090842634436,1466.0
20758,2009,RIVM_HIST_STIKSTOF,1163.6179104036646,1231.0
27371,2009,RIVM_HIST_STIKSTOF,1418.0252699986547,1466.0
29455,2009,RIVM_HIST_STIKSTOF,1486.4229287280682,1572.0
29456,2009,RIVM_HIST_STIKSTOF,1226.5522849544632,1175.0
29457,2009,RIVM_HIST_STIKSTOF,1681.3532431743583,2058.0
29459,2009,RIVM_HIST_STIKSTOF,1314.66759295087,1221.0
100425,2009,RIVM_HIST_STIKSTOF,1286.7254001113297,1291.0
112100,2009,RIVM_HIST_STIKSTOF,1421.3757746524684,1458.0
3490,2010,RIVM_HIST_STIKSTOF,955.5949882583712,1049.0
3496,2010,RIVM_HIST_STIKSTOF,882.7209739055855,796.0
3497,2010,RIVM_HIST_STIKSTOF,1063.4598911755866,1053.0
3498,2010,RIVM_HIST_STIKSTOF,1074.8051258506694,1015.0
3499,2010,RIVM_HIST_STIKSTOF,1362.1044664559222,1373.0
3500,2010,RIVM_HIST_STIKSTOF,1138.494662786958,1053.0
3501,2010,RIVM_HIST_STIKSTOF,1149.3250952282813,1098.0
3502,2010,RIVM_HIST_STIKSTOF,1103.6207036831156,1108.0
3503,2010,RIVM_HIST_STIKSTOF,1142.4106954233814,1098.0
3504,2010,RIVM_HIST_STIKSTOF,1157.4948432423364,1247.0
3505,2010,RIVM_HIST_STIKSTOF,1032.3365057689634,972.0
3506,2010,RIVM_HIST_STIKSTOF,950.5865487448856,945.0
3507,2010,RIVM_HIST_STIKSTOF,1082.9625578079074,1109.0
3508,2010,RIVM_HIST_STIKSTOF,1049.0,1049.0
3509,2010,RIVM_HIST_STIKSTOF,1106.4499044077168,1102.0
3510,2010,RIVM_HIST_STIKSTOF,1269.9519479109388,1335.0
3511,2010,RIVM_HIST_STIKSTOF,1103.1637513804656,1108.0
3512,2010,RIVM_HIST_STIKSTOF,999.2099750374408,1015.0
3513,2010,RIVM_HIST_STIKSTOF,948.2806881074298,984.0
3514,2010,RIVM_HIST_STIKSTOF,1170.498117935794,1161.0
3515,2010,RIVM_HIST_STIKSTOF,914.383301902566,972.0
3516,2010,RIVM_HIST_STIKSTOF,1101.966506546851,1102.0
3517,2010,RIVM_HIST_STIKSTOF,1159.5848783212298,1161.0
3518,2010,RIVM_HIST_STIKSTOF,1100.9899030385582,1102.0
3519,2010,RIVM_HIST_STIKSTOF,1177.3496460841525,1102.0
3520,2010,RIVM_HIST_STIKSTOF,1131.9559256155524,1102.0
3521,2010,RIVM_HIST_STIKSTOF,1134.313212598525,1168.0
3522,2010,RIVM_HIST_STIKSTOF,1168.0,1168.0
3523,2010,RIVM_HIST_STIKSTOF,976.9461650340332,972.0
3524,2010,RIVM_HIST_STIKSTOF,964.0913823007824,1015.0
3525,2010,RIVM_HIST_STIKSTOF,904.6158568342762,857.0
3526,2010,RIVM_HIST_STIKSTOF,1266.0,1266.0
3527,2010,RIVM_HIST_STIKSTOF,1100.1487403217736,1067.0
3528,2010,RIVM_HIST_STIKSTOF,1159.3326526571543,1178.0
3529,2010,RIVM_HIST_STIKSTOF,984.0,984.0
3530,2010,RIVM_HIST_STIKSTOF,1083.6489539152974,1102.0
3531,2010,RIVM_HIST_STIKSTOF,1068.3895845193613,1067.0
3532,2010,RIVM_HIST_STIKSTOF,1079.9455268189524,1108.0
3533,2010,RIVM_HIST_STIKSTOF,877.8171297178561,821.0
3534,2010,RIVM_HIST_STIKSTOF,1066.04831689835,1109.0
3581,2010,RIVM_HIST_STIKSTOF,1114.897922475035,1168.0
3583,2010,RIVM_HIST_STIKSTOF,1036.9450535042197,1019.0
9917,2010,RIVM_HIST_STIKSTOF,1249.6564652133095,1247.0
10626,2010,RIVM_HIST_STIKSTOF,1200.4664909582327,1241.0
12381,2010,RIVM_HIST_STIKSTOF,1335.0,1335.0
12382,2010,RIVM_HIST_STIKSTOF,1334.950337787021,1335.0
20247,2010,RIVM_HIST_STIKSTOF,1198.4050159848523,1247.0
20758,2010,RIVM_HIST_STIKSTOF,1012.8481725083734,1068.0
27371,2010,RIVM_HIST_STIKSTOF,1209.41841448302,1247.0
29455,2010,RIVM_HIST_STIKSTOF,1267.9144281701535,1335.0
29456,2010,RIVM_HIST_STIKSTOF,1056.2958094137848,1015.0
29457,2010,RIVM_HIST_STIKSTOF,1435.0798335208294,1751.0
29459,2010,RIVM_HIST_STIKSTOF,1115.0916971503834,1049.0
100425,2010,RIVM_HIST_STIKSTOF,1105.3360572382826,1109.0
112100,2010,RIVM_HIST_STIKSTOF,1216.234582060916,1247.0
3490,2011,RIVM_HIST_STIKSTOF,1065.6736035683712,1178.0
3496,2011,RIVM_HIST_STIKSTOF,978.9230189631368,872.0
3497,2011,RIVM_HIST_STIKSTOF,1196.5789736972715,1186.0
3498,2011,RIVM_HIST_STIKSTOF,1209.6905997009726,1138.0
3499,2011,RIVM_HIST_STIKSTOF,1504.312064016353,1516.0
3500,2011,RIVM_HIST_STIKSTOF,1287.7988735932934,1186.0
3501,2011,RIVM_HIST_STIKSTOF,1282.948082882496,1221.0
3502,2011,RIVM_HIST_STIKSTOF,1241.4407600026989,1247.0
3503,2011,RIVM_HIST_STIKSTOF,1273.22377215292,1221.0
3504,2011,RIVM_HIST_STIKSTOF,1309.3591954833005,1417.0
3505,2011,RIVM_HIST_STIKSTOF,1161.6574025681143,1089.0
3506,2011,RIVM_HIST_STIKSTOF,1054.2889807138415,1047.0
3507,2011,RIVM_HIST_STIKSTOF,1223.453197259884,1256.0
3508,2011,RIVM_HIST_STIKSTOF,1178.0,1178.0
3509,2011,RIVM_HIST_STIKSTOF,1241.000628671012,1235.0
3510,2011,RIVM_HIST_STIKSTOF,1434.1324500109104,1517.0
3511,2011,RIVM_HIST_STIKSTOF,1241.0759235194612,1247.0
3512,2011,RIVM_HIST_STIKSTOF,1116.6698208787914,1138.0
3513,2011,RIVM_HIST_STIKSTOF,1053.816570834188,1098.0
3514,2011,RIVM_HIST_STIKSTOF,1307.239034393185,1299.0
3515,2011,RIVM_HIST_STIKSTOF,1017.2653030310096,1089.0
3516,2011,RIVM_HIST_STIKSTOF,1235.5705056964002,1235.0
3517,2011,RIVM_HIST_STIKSTOF,1297.1713158255989,1299.0
3518,2011,RIVM_HIST_STIKSTOF,1233.7388749272234,1235.0
3519,2011,RIVM_HIST_STIKSTOF,1323.513420767278,1240.0
3520,2011,RIVM_HIST_STIKSTOF,1273.7940954106043,1235.0
3521,2011,RIVM_HIST_STIKSTOF,1282.6815150165128,1324.0
3522,2011,RIVM_HIST_STIKSTOF,1324.0,1324.0
3523,2011,RIVM_HIST_STIKSTOF,1094.8280229845898,1089.0
3524,2011,RIVM_HIST_STIKSTOF,1074.9816231822415,1138.0
3525,2011,RIVM_HIST_STIKSTOF,1000.350754936234,941.0
3526,2011,RIVM_HIST_STIKSTOF,1425.0,1425.0
3527,2011,RIVM_HIST_STIKSTOF,1229.73690110008,1192.0
3528,2011,RIVM_HIST_STIKSTOF,1287.6599554556103,1307.0
3529,2011,RIVM_HIST_STIKSTOF,1098.0,1098.0
3530,2011,RIVM_HIST_STIKSTOF,1218.4809185770805,1240.0
3531,2011,RIVM_HIST_STIKSTOF,1194.5782654501477,1192.0
3532,2011,RIVM_HIST_STIKSTOF,1212.577333520187,1247.0
3533,2011,RIVM_HIST_STIKSTOF,969.762075642739,901.0
3534,2011,RIVM_HIST_STIKSTOF,1203.6428388468942,1256.0
3581,2011,RIVM_HIST_STIKSTOF,1258.776796083467,1324.0
3583,2011,RIVM_HIST_STIKSTOF,1158.1529436797089,1138.0
9917,2011,RIVM_HIST_STIKSTOF,1419.9595236815276,1417.0
10626,2011,RIVM_HIST_STIKSTOF,1351.0298916887732,1392.0
12381,2011,RIVM_HIST_STIKSTOF,1517.0,1517.0
12382,2011,RIVM_HIST_STIKSTOF,1516.9261123172753,1517.0
20247,2011,RIVM_HIST_STIKSTOF,1355.6790543856437,1417.0
20758,2011,RIVM_HIST_STIKSTOF,1129.5734157211368,1193.0
27371,2011,RIVM_HIST_STIKSTOF,1366.6559811482014,1417.0
29455,2011,RIVM_HIST_STIKSTOF,1435.4604333812842,1517.0
29456,2011,RIVM_HIST_STIKSTOF,1188.202748699111,1138.0
29457,2011,RIVM_HIST_STIKSTOF,1598.2109112523465,1942.0
29459,2011,RIVM_HIST_STIKSTOF,1262.0690448505648,1178.0
100425,2011,RIVM_HIST_STIKSTOF,1251.236874409767,1256.0
112100,2011,RIVM_HIST_STIKSTOF,1346.330598545317,1375.0
3490,2012,RIVM_HIST_STIKSTOF,1055.2060906124177,1157.0
3496,2012,RIVM_HIST_STIKSTOF,974.1119659998114,880.0
3497,2012,RIVM_HIST_STIKSTOF,1170.6903518695265,1160.0
3498,2012,RIVM_HIST_STIKSTOF,1180.2123590872288,1115.0
3499,2012,RIVM_HIST_STIKSTOF,1477.6290249921806,1489.0
3500,2012,RIVM_HIST_STIKSTOF,1252.5422464780188,1160.0
3501,2012,RIVM_HIST_STIKSTOF,1256.3332493306514,1202.0
3502,2012,RIVM_HIST_STIKSTOF,1208.8803544296595,1214.0
3503,2012,RIVM_HIST_STIKSTOF,1250.4486664074757,1202.0
3504,2012,RIVM_HIST_STIKSTOF,1272.1755431107065,1370.0
3505,2012,RIVM_HIST_STIKSTOF,1138.338730160467,1071.0
3506,2012,RIVM_HIST_STIKSTOF,1044.154026067871,1038.0
3507,2012,RIVM_HIST_STIKSTOF,1196.9181515847429,1229.0
3508,2012,RIVM_HIST_STIKSTOF,1157.0,1157.0
3509,2012,RIVM_HIST_STIKSTOF,1212.1241323482798,1207.0
3510,2012,RIVM_HIST_STIKSTOF,1388.5626990424582,1459.0
3511,2012,RIVM_HIST_STIKSTOF,1208.7636734366783,1214.0
3512,2012,RIVM_HIST_STIKSTOF,1097.375252797549,1115.0
3513,2012,RIVM_HIST_STIKSTOF,1042.531649810427,1081.0
3514,2012,RIVM_HIST_STIKSTOF,1279.8285799687376,1270.0
3515,2012,RIVM_HIST_STIKSTOF,1008.4229239206678,1071.0
3516,2012,RIVM_HIST_STIKSTOF,1206.9581331835636,1207.0
3517,2012,RIVM_HIST_STIKSTOF,1268.64249534716,1270.0
3518,2012,RIVM_HIST_STIKSTOF,1205.7373787981978,1207.0
3519,2012,RIVM_HIST_STIKSTOF,1285.800570098249,1207.0
3520,2012,RIVM_HIST_STIKSTOF,1241.205529410409,1207.0
3521,2012,RIVM_HIST_STIKSTOF,1246.0167884150192,1283.0
3522,2012,RIVM_HIST_STIKSTOF,1283.0,1283.0
3523,2012,RIVM_HIST_STIKSTOF,1076.3814610044117,1071.0
3524,2012,RIVM_HIST_STIKSTOF,1060.0547959279354,1115.0
3525,2012,RIVM_HIST_STIKSTOF,995.538333590086,944.0
3526,2012,RIVM_HIST_STIKSTOF,1380.0,1380.0
3527,2012,RIVM_HIST_STIKSTOF,1201.4772971830623,1166.0
3528,2012,RIVM_HIST_STIKSTOF,1263.3236068548383,1283.0
3529,2012,RIVM_HIST_STIKSTOF,1081.0,1081.0
3530,2012,RIVM_HIST_STIKSTOF,1187.594296094337,1207.0
3531,2012,RIVM_HIST_STIKSTOF,1168.052812086364,1166.0
3532,2012,RIVM_HIST_STIKSTOF,1183.7080534977647,1214.0
3533,2012,RIVM_HIST_STIKSTOF,967.6992008775376,907.0
3534,2012,RIVM_HIST_STIKSTOF,1179.4644822623309,1229.0
3581,2012,RIVM_HIST_STIKSTOF,1224.703154021506,1283.0
3583,2012,RIVM_HIST_STIKSTOF,1134.697883183018,1116.0
9917,2012,RIVM_HIST_STIKSTOF,1372.6190150460034,1370.0
10626,2012,RIVM_HIST_STIKSTOF,1318.7415847380844,1358.0
12381,2012,RIVM_HIST_STIKSTOF,1459.0,1459.0
12382,2012,RIVM_HIST_STIKSTOF,1458.9479152400468,1459.0
20247,2012,RIVM_HIST_STIKSTOF,1313.8092764303758,1370.0
20758,2012,RIVM_HIST_STIKSTOF,1111.849774210892,1171.0
27371,2012,RIVM_HIST_STIKSTOF,1325.96686317299,1370.0
29455,2012,RIVM_HIST_STIKSTOF,1388.246706816387,1459.0
29456,2012,RIVM_HIST_STIKSTOF,1160.344418179842,1115.0
29457,2012,RIVM_HIST_STIKSTOF,1548.0647139882617,1868.0
29459,2012,RIVM_HIST_STIKSTOF,1239.2943947666272,1157.0
100425,2012,RIVM_HIST_STIKSTOF,1224.6032686859392,1229.0
112100,2012,RIVM_HIST_STIKSTOF,1327.397375138974,1359.0
3490,2013,RIVM_HIST_STIKSTOF,996.1921198250436,1106.0
3496,2013,RIVM_HIST_STIKSTOF,909.9666221254462,806.0
3497,2013,RIVM_HIST_STIKSTOF,1119.3008799946576,1109.0
3498,2013,RIVM_HIST_STIKSTOF,1132.6809149549508,1064.0
3499,2013,RIVM_HIST_STIKSTOF,1417.9063658460298,1429.0
3500,2013,RIVM_HIST_STIKSTOF,1208.6031772105955,1109.0
3501,2013,RIVM_HIST_STIKSTOF,1209.0207532825484,1149.0
3502,2013,RIVM_HIST_STIKSTOF,1163.0833737356402,1167.0
3503,2013,RIVM_HIST_STIKSTOF,1198.1966227939497,1149.0
3504,2013,RIVM_HIST_STIKSTOF,1230.85335171834,1335.0
3505,2013,RIVM_HIST_STIKSTOF,1088.7130149008258,1017.0
3506,2013,RIVM_HIST_STIKSTOF,986.7090114283832,980.0
3507,2013,RIVM_HIST_STIKSTOF,1150.7335626610138,1187.0
3508,2013,RIVM_HIST_STIKSTOF,1106.0,1106.0
3509,2013,RIVM_HIST_STIKSTOF,1165.4612463185615,1160.0
3510,2013,RIVM_HIST_STIKSTOF,1349.743478136224,1430.0
3511,2013,RIVM_HIST_STIKSTOF,1161.5586416791311,1167.0
3512,2013,RIVM_HIST_STIKSTOF,1044.663738093817,1064.0
3513,2013,RIVM_HIST_STIKSTOF,984.1368393871307,1027.0
3514,2013,RIVM_HIST_STIKSTOF,1226.0905644770253,1218.0
3515,2013,RIVM_HIST_STIKSTOF,947.554708253424,1017.0
3516,2013,RIVM_HIST_STIKSTOF,1160.4580792297777,1160.0
3517,2013,RIVM_HIST_STIKSTOF,1216.4496853458254,1218.0
3518,2013,RIVM_HIST_STIKSTOF,1159.041604789851,1160.0
3519,2013,RIVM_HIST_STIKSTOF,1247.0290769178216,1164.0
3520,2013,RIVM_HIST_STIKSTOF,1195.6880340007951,1160.0
3521,2013,RIVM_HIST_STIKSTOF,1201.849151715766,1241.0
3522,2013,RIVM_HIST_STIKSTOF,1241.0,1241.0
3523,2013,RIVM_HIST_STIKSTOF,1022.6441283731004,1017.0
3524,2013,RIVM_HIST_STIKSTOF,1003.2791575564888,1064.0
3525,2013,RIVM_HIST_STIKSTOF,931.9422243445306,875.0
3526,2013,RIVM_HIST_STIKSTOF,1347.0,1347.0
3527,2013,RIVM_HIST_STIKSTOF,1155.8888507462534,1119.0
3528,2013,RIVM_HIST_STIKSTOF,1212.1644783567683,1231.0
3529,2013,RIVM_HIST_STIKSTOF,1027.0,1027.0
3530,2013,RIVM_HIST_STIKSTOF,1142.9035940805318,1164.0
3531,2013,RIVM_HIST_STIKSTOF,1120.6401618091286,1119.0
3532,2013,RIVM_HIST_STIKSTOF,1134.814806841375,1167.0
3533,2013,RIVM_HIST_STIKSTOF,901.9959568282276,835.0
3534,2013,RIVM_HIST_STIKSTOF,1133.7022910417484,1187.0
3581,2013,RIVM_HIST_STIKSTOF,1179.239975052487,1241.0
3583,2013,RIVM_HIST_STIKSTOF,1083.8733377688627,1063.0
9917,2013,RIVM_HIST_STIKSTOF,1337.7969979687175,1335.0
10626,2013,RIVM_HIST_STIKSTOF,1271.5228975568114,1307.0
12381,2013,RIVM_HIST_STIKSTOF,1430.0,1430.0
12382,2013,RIVM_HIST_STIKSTOF,1429.9309574112244,1430.0
20247,2013,RIVM_HIST_STIKSTOF,1275.1414568689745,1335.0
20758,2013,RIVM_HIST_STIKSTOF,1054.9830358524837,1118.0
27371,2013,RIVM_HIST_STIKSTOF,1284.6898998759002,1335.0
29455,2013,RIVM_HIST_STIKSTOF,1351.0177525130107,1430.0
29456,2013,RIVM_HIST_STIKSTOF,1111.7735834394762,1064.0
29457,2013,RIVM_HIST_STIKSTOF,1494.8813469497366,1813.0
29459,2013,RIVM_HIST_STIKSTOF,1191.207754405273,1106.0
100425,2013,RIVM_HIST_STIKSTOF,1182.0536772716816,1187.0
112100,2013,RIVM_HIST_STIKSTOF,1266.6331605578682,1295.0
3490,2014,RIVM_HIST_STIKSTOF,1094.9060716295655,1212.0
3496,2014,RIVM_HIST_STIKSTOF,996.8648814133904,886.0
3497,2014,RIVM_HIST_STIKSTOF,1276.6774179791232,1258.0
3498,2014,RIVM_HIST_STIKSTOF,1262.7371755151066,1173.0
3499,2014,RIVM_HIST_STIKSTOF,1707.7066329163124,1723.0
3500,2014,RIVM_HIST_STIKSTOF,1369.3851942446738,1258.0
3501,2014,RIVM_HIST_STIKSTOF,1411.1783562754724,1337.0
3502,2014,RIVM_HIST_STIKSTOF,1301.1164987199304,1298.0
3503,2014,RIVM_HIST_STIKSTOF,1398.670014617962,1337.0
3504,2014,RIVM_HIST_STIKSTOF,1379.4014175753864,1511.0
3505,2014,RIVM_HIST_STIKSTOF,1204.8573160709163,1111.0
3506,2014,RIVM_HIST_STIKSTOF,1066.383610484737,1057.0
3507,2014,RIVM_HIST_STIKSTOF,1295.4531972598843,1328.0
3508,2014,RIVM_HIST_STIKSTOF,1212.0,1212.0
3509,2014,RIVM_HIST_STIKSTOF,1331.5173272017732,1327.0
3510,2014,RIVM_HIST_STIKSTOF,1580.972604618601,1653.0
3511,2014,RIVM_HIST_STIKSTOF,1291.5345923993182,1298.0
3512,2014,RIVM_HIST_STIKSTOF,1146.1415067981436,1173.0
3513,2014,RIVM_HIST_STIKSTOF,1072.3802217446294,1120.0
3514,2014,RIVM_HIST_STIKSTOF,1476.6344960174158,1461.0
3515,2014,RIVM_HIST_STIKSTOF,1035.8311951973876,1111.0
3516,2014,RIVM_HIST_STIKSTOF,1325.2956283985764,1327.0
3517,2014,RIVM_HIST_STIKSTOF,1453.367205787933,1461.0
3518,2014,RIVM_HIST_STIKSTOF,1323.612285243703,1327.0
3519,2014,RIVM_HIST_STIKSTOF,1439.1053885253368,1327.0
3520,2014,RIVM_HIST_STIKSTOF,1360.2987509041734,1327.0
3521,2014,RIVM_HIST_STIKSTOF,1344.0409476425834,1394.0
3522,2014,RIVM_HIST_STIKSTOF,1394.0,1394.0
3523,2014,RIVM_HIST_STIKSTOF,1118.5070618894724,1111.0
3524,2014,RIVM_HIST_STIKSTOF,1103.1758533340858,1173.0
3525,2014,RIVM_HIST_STIKSTOF,1016.4804339870236,949.0
3526,2014,RIVM_HIST_STIKSTOF,1581.0000000000002,1581.0
3527,2014,RIVM_HIST_STIKSTOF,1323.00420407009,1271.0
3528,2014,RIVM_HIST_STIKSTOF,1419.0649745312926,1449.0
3529,2014,RIVM_HIST_STIKSTOF,1120.0,1120.0
3530,2014,RIVM_HIST_STIKSTOF,1284.269210324807,1314.0
3531,2014,RIVM_HIST_STIKSTOF,1267.9681402506867,1271.0
3532,2014,RIVM_HIST_STIKSTOF,1256.5206868918256,1298.0
3533,2014,RIVM_HIST_STIKSTOF,985.9107456005949,914.0
3534,2014,RIVM_HIST_STIKSTOF,1259.9670420944672,1328.0
3581,2014,RIVM_HIST_STIKSTOF,1314.9240802073896,1394.0
3583,2014,RIVM_HIST_STIKSTOF,1215.1708233767563,1182.0
9917,2014,RIVM_HIST_STIKSTOF,1515.3847013632983,1511.0
10626,2014,RIVM_HIST_STIKSTOF,1471.9161911701704,1543.0
12381,2014,RIVM_HIST_STIKSTOF,1653.0,1653.0
12382,2014,RIVM_HIST_STIKSTOF,1652.9430701460974,1653.0
20247,2014,RIVM_HIST_STIKSTOF,1442.8082741309793,1511.0
20758,2014,RIVM_HIST_STIKSTOF,1159.4281938286304,1216.0
27371,2014,RIVM_HIST_STIKSTOF,1486.01036734926,1511.0
29455,2014,RIVM_HIST_STIKSTOF,1554.1823337297042,1653.0
29456,2014,RIVM_HIST_STIKSTOF,1232.6495024865778,1173.0
29457,2014,RIVM_HIST_STIKSTOF,1771.5168417469831,2229.0
29459,2014,RIVM_HIST_STIKSTOF,1312.5811924053903,1212.0
100425,2014,RIVM_HIST_STIKSTOF,1320.9163773273465,1328.0
112100,2014,RIVM_HIST_STIKSTOF,1529.464309821286,1585.0
3490,2015,RIVM_HIST_STIKSTOF,1003.591906314628,1115.0
3496,2015,RIVM_HIST_STIKSTOF,910.0538284500656,812.0
3497,2015,RIVM_HIST_STIKSTOF,1150.358398979064,1133.0
3498,2015,RIVM_HIST_STIKSTOF,1140.4437704893214,1064.0
3499,2015,RIVM_HIST_STIKSTOF,1548.0140969416018,1562.0
3500,2015,RIVM_HIST_STIKSTOF,1234.2903297008688,1133.0
3501,2015,RIVM_HIST_STIKSTOF,1271.344161169483,1209.0
3502,2015,RIVM_HIST_STIKSTOF,1177.4725044853258,1177.0
3503,2015,RIVM_HIST_STIKSTOF,1263.4614671619431,1209.0
3504,2015,RIVM_HIST_STIKSTOF,1247.873330757484,1363.0
3505,2015,RIVM_HIST_STIKSTOF,1092.1501242880413,1011.0
3506,2015,RIVM_HIST_STIKSTOF,981.2477306552272,974.0
3507,2015,RIVM_HIST_STIKSTOF,1167.777968884178,1198.0
3508,2015,RIVM_HIST_STIKSTOF,1115.0,1115.0
3509,2015,RIVM_HIST_STIKSTOF,1199.7756764671535,1196.0
3510,2015,RIVM_HIST_STIKSTOF,1423.3147435941896,1485.0
3511,2015,RIVM_HIST_STIKSTOF,1171.3756091205962,1177.0
3512,2015,RIVM_HIST_STIKSTOF,1044.0123955383044,1064.0
3513,2015,RIVM_HIST_STIKSTOF,981.9453633001004,1023.0
3514,2015,RIVM_HIST_STIKSTOF,1333.8122841716076,1319.0
3515,2015,RIVM_HIST_STIKSTOF,945.7519511611844,1011.0
3516,2015,RIVM_HIST_STIKSTOF,1194.4582950449224,1196.0
3517,2015,RIVM_HIST_STIKSTOF,1312.4846756535485,1319.0
3518,2015,RIVM_HIST_STIKSTOF,1193.8247008232383,1196.0
3519,2015,RIVM_HIST_STIKSTOF,1291.9761002343912,1196.0
3520,2015,RIVM_HIST_STIKSTOF,1224.6425380814603,1196.0
3521,2015,RIVM_HIST_STIKSTOF,1210.1471006974705,1252.0
3522,2015,RIVM_HIST_STIKSTOF,1252.0,1252.0
3523,2015,RIVM_HIST_STIKSTOF,1017.5961293007424,1011.0
3524,2015,RIVM_HIST_STIKSTOF,1005.0096735862652,1064.0
3525,2015,RIVM_HIST_STIKSTOF,932.656300596481,876.0
3526,2015,RIVM_HIST_STIKSTOF,1413.0,1413.0
3527,2015,RIVM_HIST_STIKSTOF,1195.6390597940429,1151.0
3528,2015,RIVM_HIST_STIKSTOF,1284.0921119382404,1311.0
3529,2015,RIVM_HIST_STIKSTOF,1023.0,1023.0
3530,2015,RIVM_HIST_STIKSTOF,1158.6979607977712,1184.0
3531,2015,RIVM_HIST_STIKSTOF,1149.0232127061372,1151.0
3532,2015,RIVM_HIST_STIKSTOF,1142.06099352299,1177.0
3533,2015,RIVM_HIST_STIKSTOF,903.8137863158724,840.0
3534,2015,RIVM_HIST_STIKSTOF,1139.372520145923,1198.0
3581,2015,RIVM_HIST_STIKSTOF,1185.9110013412123,1252.0
3583,2015,RIVM_HIST_STIKSTOF,1105.892638842018,1079.0
9917,2015,RIVM_HIST_STIKSTOF,1366.7551736031985,1363.0
10626,2015,RIVM_HIST_STIKSTOF,1332.449546114074,1399.0
12381,2015,RIVM_HIST_STIKSTOF,1485.0,1485.0
12382,2015,RIVM_HIST_STIKSTOF,1484.955788517714,1485.0
20247,2015,RIVM_HIST_STIKSTOF,1302.9688216738336,1363.0
20758,2015,RIVM_HIST_STIKSTOF,1062.8310242329687,1120.0
27371,2015,RIVM_HIST_STIKSTOF,1339.21163072344,1363.0
29455,2015,RIVM_HIST_STIKSTOF,1397.7853618186598,1485.0
29456,2015,RIVM_HIST_STIKSTOF,1114.7425632012516,1064.0
29457,2015,RIVM_HIST_STIKSTOF,1621.0745164023176,2035.0
29459,2015,RIVM_HIST_STIKSTOF,1198.8697423657632,1115.0
100425,2015,RIVM_HIST_STIKSTOF,1192.9315458462909,1198.0
112100,2015,RIVM_HIST_STIKSTOF,1389.1879972078575,1442.0
3490,2016,RIVM_HIST_STIKSTOF,977.7790803341998,1068.0
3496,2016,RIVM_HIST_STIKSTOF,901.1846379369942,812.0
3497,2016,RIVM_HIST_STIKSTOF,1128.488595186792,1113.0
3498,2016,RIVM_HIST_STIKSTOF,1114.044714729662,1037.0
3499,2016,RIVM_HIST_STIKSTOF,1511.697135965774,1526.0
3500,2016,RIVM_HIST_STIKSTOF,1207.6685382448318,1113.0
3501,2016,RIVM_HIST_STIKSTOF,1226.963579534524,1165.0
3502,2016,RIVM_HIST_STIKSTOF,1144.6065568241663,1145.0
3503,2016,RIVM_HIST_STIKSTOF,1218.5259240942096,1165.0
3504,2016,RIVM_HIST_STIKSTOF,1217.6965929132614,1328.0
3505,2016,RIVM_HIST_STIKSTOF,1071.7108263713826,993.0
3506,2016,RIVM_HIST_STIKSTOF,945.1068188997896,937.0
3507,2016,RIVM_HIST_STIKSTOF,1147.2429232090371,1177.0
3508,2016,RIVM_HIST_STIKSTOF,1068.0,1068.0
3509,2016,RIVM_HIST_STIKSTOF,1165.6521727898858,1161.0
3510,2016,RIVM_HIST_STIKSTOF,1375.724926164126,1431.0
3511,2016,RIVM_HIST_STIKSTOF,1139.204781149215,1145.0
3512,2016,RIVM_HIST_STIKSTOF,1013.44973768294,1037.0
3513,2016,RIVM_HIST_STIKSTOF,960.5007177671304,1000.0
3514,2016,RIVM_HIST_STIKSTOF,1294.6881624697965,1283.0
3515,2016,RIVM_HIST_STIKSTOF,931.186058994806,993.0
3516,2016,RIVM_HIST_STIKSTOF,1159.6580278883062,1161.0
3517,2016,RIVM_HIST_STIKSTOF,1276.6797453995853,1283.0
3518,2016,RIVM_HIST_STIKSTOF,1157.4616683769018,1161.0
3519,2016,RIVM_HIST_STIKSTOF,1251.174274679723,1161.0
3520,2016,RIVM_HIST_STIKSTOF,1193.9007797523195,1161.0
3521,2016,RIVM_HIST_STIKSTOF,1187.8390517577595,1230.0
3522,2016,RIVM_HIST_STIKSTOF,1230.0,1230.0
3523,2016,RIVM_HIST_STIKSTOF,999.3621727247572,993.0
3524,2016,RIVM_HIST_STIKSTOF,980.931494036936,1037.0
3525,2016,RIVM_HIST_STIKSTOF,911.9902404024176,858.0
3526,2016,RIVM_HIST_STIKSTOF,1367.0,1367.0
3527,2016,RIVM_HIST_STIKSTOF,1153.1442268396395,1110.0
3528,2016,RIVM_HIST_STIKSTOF,1233.1102035428726,1258.0
3529,2016,RIVM_HIST_STIKSTOF,1000.0,1000.0
3530,2016,RIVM_HIST_STIKSTOF,1126.961925432788,1151.0
3531,2016,RIVM_HIST_STIKSTOF,1108.9836834420537,1110.0
3532,2016,RIVM_HIST_STIKSTOF,1109.2004268609944,1145.0
3533,2016,RIVM_HIST_STIKSTOF,890.0012884758305,831.0
3534,2016,RIVM_HIST_STIKSTOF,1119.313067951069,1177.0
3581,2016,RIVM_HIST_STIKSTOF,1163.622403093794,1230.0
3583,2016,RIVM_HIST_STIKSTOF,1064.2153172386224,1037.0
9917,2016,RIVM_HIST_STIKSTOF,1331.0499847922513,1328.0
10626,2016,RIVM_HIST_STIKSTOF,1297.3682058675638,1353.0
12381,2016,RIVM_HIST_STIKSTOF,1431.0,1431.0
12382,2016,RIVM_HIST_STIKSTOF,1430.9582110646884,1431.0
20247,2016,RIVM_HIST_STIKSTOF,1264.962670621204,1328.0
20758,2016,RIVM_HIST_STIKSTOF,1030.479943973936,1077.0
27371,2016,RIVM_HIST_STIKSTOF,1302.2927476581808,1328.0
29455,2016,RIVM_HIST_STIKSTOF,1354.5691152516538,1431.0
29456,2016,RIVM_HIST_STIKSTOF,1089.0920994566045,1037.0
29457,2016,RIVM_HIST_STIKSTOF,1575.2126050681734,1990.0
29459,2016,RIVM_HIST_STIKSTOF,1162.8931227288383,1068.0
100425,2016,RIVM_HIST_STIKSTOF,1170.3438373162137,1177.0
112100,2016,RIVM_HIST_STIKSTOF,1336.3500868017218,1381.0
3490,2017,RIVM_HIST_STIKSTOF,946.3677771839508,1036.0
3496,2017,RIVM_HIST_STIKSTOF,871.7209739055855,785.0
3497,2017,RIVM_HIST_STIKSTOF,1083.6873375289476,1069.0
3498,2017,RIVM_HIST_STIKSTOF,1070.1232898703347,1001.0
3499,2017,RIVM_HIST_STIKSTOF,1446.212197551494,1460.0
3500,2017,RIVM_HIST_STIKSTOF,1156.6316321869847,1069.0
3501,2017,RIVM_HIST_STIKSTOF,1169.8386563005924,1112.0
3502,2017,RIVM_HIST_STIKSTOF,1097.0678463750278,1098.0
3503,2017,RIVM_HIST_STIKSTOF,1166.3958548188912,1112.0
3504,2017,RIVM_HIST_STIKSTOF,1166.6801323817913,1268.0
3505,2017,RIVM_HIST_STIKSTOF,1033.007150533047,961.0
3506,2017,RIVM_HIST_STIKSTOF,919.2002346153756,912.0
3507,2017,RIVM_HIST_STIKSTOF,1101.6377861836131,1130.0
3508,2017,RIVM_HIST_STIKSTOF,1036.0,1036.0
3509,2017,RIVM_HIST_STIKSTOF,1114.3824816136605,1110.0
3510,2017,RIVM_HIST_STIKSTOF,1324.589429221482,1385.0
3511,2017,RIVM_HIST_STIKSTOF,1092.7801250960758,1098.0
3512,2017,RIVM_HIST_STIKSTOF,980.0316911147772,1001.0
3513,2017,RIVM_HIST_STIKSTOF,929.1955054685744,966.0
3514,2017,RIVM_HIST_STIKSTOF,1235.91485085408,1224.0
3515,2017,RIVM_HIST_STIKSTOF,901.4754642172206,961.0
3516,2017,RIVM_HIST_STIKSTOF,1108.9163742747,1110.0
3517,2017,RIVM_HIST_STIKSTOF,1219.1828352678706,1224.0
3518,2017,RIVM_HIST_STIKSTOF,1106.8663056130888,1110.0
3519,2017,RIVM_HIST_STIKSTOF,1193.7471926241649,1110.0
3520,2017,RIVM_HIST_STIKSTOF,1141.2376409376363,1110.0
3521,2017,RIVM_HIST_STIKSTOF,1136.7298491064753,1175.0
3522,2017,RIVM_HIST_STIKSTOF,1175.0,1175.0
3523,2017,RIVM_HIST_STIKSTOF,966.7282629010678,961.0
3524,2017,RIVM_HIST_STIKSTOF,948.6170678926308,1001.0
3525,2017,RIVM_HIST_STIKSTOF,884.3524033868606,834.0
3526,2017,RIVM_HIST_STIKSTOF,1300.0,1300.0
3527,2017,RIVM_HIST_STIKSTOF,1103.3380752600158,1064.0
3528,2017,RIVM_HIST_STIKSTOF,1173.8009923490483,1196.0
3529,2017,RIVM_HIST_STIKSTOF,966.0,966.0
3530,2017,RIVM_HIST_STIKSTOF,1080.7024110171492,1102.0
3531,2017,RIVM_HIST_STIKSTOF,1063.4195937226452,1064.0
3532,2017,RIVM_HIST_STIKSTOF,1065.986920173774,1098.0
3533,2017,RIVM_HIST_STIKSTOF,861.2366346742783,805.0
3534,2017,RIVM_HIST_STIKSTOF,1077.015806976797,1130.0
3581,2017,RIVM_HIST_STIKSTOF,1114.6829662895782,1175.0
3583,2017,RIVM_HIST_STIKSTOF,1023.233942277746,999.0
9917,2017,RIVM_HIST_STIKSTOF,1271.6720089562052,1268.0
10626,2017,RIVM_HIST_STIKSTOF,1249.8331273825795,1306.0
12381,2017,RIVM_HIST_STIKSTOF,1385.0,1385.0
12382,2017,RIVM_HIST_STIKSTOF,1384.952154697252,1385.0
20247,2017,RIVM_HIST_STIKSTOF,1217.9246399445408,1268.0
20758,2017,RIVM_HIST_STIKSTOF,994.526308381285,1041.0
27371,2017,RIVM_HIST_STIKSTOF,1248.0924574832786,1268.0
29455,2017,RIVM_HIST_STIKSTOF,1304.3066746900122,1385.0
29456,2017,RIVM_HIST_STIKSTOF,1047.9638616862649,1001.0
29457,2017,RIVM_HIST_STIKSTOF,1525.5777612024451,1926.0
29459,2017,RIVM_HIST_STIKSTOF,1132.5434248156078,1036.0
100425,2017,RIVM_HIST_STIKSTOF,1124.2598230066428,1130.0
112100,2017,RIVM_HIST_STIKSTOF,1289.5634038272538,1335.0
3490,2018,RIVM_HIST_STIKSTOF,1004.227176299266,1087.0
3496,2018,RIVM_HIST_STIKSTOF,935.1410347746846,843.0
3497,2018,RIVM_HIST_STIKSTOF,1172.6055734700788,1156.0
3498,2018,RIVM_HIST_STIKSTOF,1166.9059326021556,1076.0
3499,2018,RIVM_HIST_STIKSTOF,1613.5972695009157,1630.0
3500,2018,RIVM_HIST_STIKSTOF,1263.0231649706136,1156.0
3501,2018,RIVM_HIST_STIKSTOF,1288.8963656338976,1216.0
3502,2018,RIVM_HIST_STIKSTOF,1204.6716421958677,1208.0
3503,2018,RIVM_HIST_STIKSTOF,1274.6452389372546,1216.0
3504,2018,RIVM_HIST_STIKSTOF,1276.5497623842662,1399.0
3505,2018,RIVM_HIST_STIKSTOF,1113.9680596141382,1030.0
3506,2018,RIVM_HIST_STIKSTOF,967.6027414415164,958.0
3507,2018,RIVM_HIST_STIKSTOF,1190.777968884178,1221.0
3508,2018,RIVM_HIST_STIKSTOF,1087.0,1087.0
3509,2018,RIVM_HIST_STIKSTOF,1216.6074338175188,1210.0
3510,2018,RIVM_HIST_STIKSTOF,1441.5854604856845,1501.0
3511,2018,RIVM_HIST_STIKSTOF,1200.8359383623183,1208.0
3512,2018,RIVM_HIST_STIKSTOF,1048.1590180476146,1076.0
3513,2018,RIVM_HIST_STIKSTOF,991.1803809231136,1032.0
3514,2018,RIVM_HIST_STIKSTOF,1353.0340389729274,1340.0
3515,2018,RIVM_HIST_STIKSTOF,965.1335186982532,1030.0
3516,2018,RIVM_HIST_STIKSTOF,1209.7751470667545,1210.0
3517,2018,RIVM_HIST_STIKSTOF,1332.5742508880962,1340.0
3518,2018,RIVM_HIST_STIKSTOF,1210.605459725255,1210.0
3519,2018,RIVM_HIST_STIKSTOF,1320.9421011747818,1210.0
3520,2018,RIVM_HIST_STIKSTOF,1254.5456307471022,1210.0
3521,2018,RIVM_HIST_STIKSTOF,1257.394870340078,1308.0
3522,2018,RIVM_HIST_STIKSTOF,1308.0,1308.0
3523,2018,RIVM_HIST_STIKSTOF,1037.1326407365225,1030.0
3524,2018,RIVM_HIST_STIKSTOF,1015.7878442734404,1076.0
3525,2018,RIVM_HIST_STIKSTOF,941.2611086219864,883.0
3526,2018,RIVM_HIST_STIKSTOF,1454.0,1454.0
3527,2018,RIVM_HIST_STIKSTOF,1205.97212419908,1155.0
3528,2018,RIVM_HIST_STIKSTOF,1307.2241030293624,1338.0
3529,2018,RIVM_HIST_STIKSTOF,1032.0,1032.0
3530,2018,RIVM_HIST_STIKSTOF,1180.1586582767927,1208.0
3531,2018,RIVM_HIST_STIKSTOF,1155.767112173276,1155.0
3532,2018,RIVM_HIST_STIKSTOF,1164.971666900234,1208.0
3533,2018,RIVM_HIST_STIKSTOF,920.135881237746,860.0
3534,2018,RIVM_HIST_STIKSTOF,1161.1184564057291,1221.0
3581,2018,RIVM_HIST_STIKSTOF,1228.3468837125529,1308.0
3583,2018,RIVM_HIST_STIKSTOF,1106.8023428681545,1078.0
9917,2018,RIVM_HIST_STIKSTOF,1401.8963805418512,1399.0
10626,2018,RIVM_HIST_STIKSTOF,1346.8218772952644,1407.0
12381,2018,RIVM_HIST_STIKSTOF,1501.0,1501.0
12382,2018,RIVM_HIST_STIKSTOF,1500.960633611663,1501.0
20247,2018,RIVM_HIST_STIKSTOF,1324.0718866795676,1399.0
20758,2018,RIVM_HIST_STIKSTOF,1073.884607496345,1117.0
27371,2018,RIVM_HIST_STIKSTOF,1364.507536679813,1399.0
29455,2018,RIVM_HIST_STIKSTOF,1427.240327308706,1501.0
29456,2018,RIVM_HIST_STIKSTOF,1138.6184822483533,1076.0
29457,2018,RIVM_HIST_STIKSTOF,1612.469265681729,2042.0
29459,2018,RIVM_HIST_STIKSTOF,1254.394841826797,1087.0
100425,2018,RIVM_HIST_STIKSTOF,1212.8171944988312,1221.0
112100,2018,RIVM_HIST_STIKSTOF,1392.4287966614493,1440.0
3490,2019,RIVM_HIST_STIKSTOF,1037.2139920618174,1126.0
3496,2019,RIVM_HIST_STIKSTOF,959.6628363558392,869.0
3497,2019,RIVM_HIST_STIKSTOF,1201.3537955062336,1184.0
3498,2019,RIVM_HIST_STIKSTOF,1192.6942210377824,1103.0
3499,2019,RIVM_HIST_STIKSTOF,1642.3991688910232,1659.0
3500,2019,RIVM_HIST_STIKSTOF,1293.2188613533117,1184.0
3501,2019,RIVM_HIST_STIKSTOF,1312.411801015662,1240.0
3502,2019,RIVM_HIST_STIKSTOF,1229.5460437881643,1233.0
3503,2019,RIVM_HIST_STIKSTOF,1302.7157364964553,1240.0
3504,2019,RIVM_HIST_STIKSTOF,1306.8890415550395,1432.0
3505,2019,RIVM_HIST_STIKSTOF,1140.4588566630305,1053.0
3506,2019,RIVM_HIST_STIKSTOF,998.271441956634,989.0
3507,2019,RIVM_HIST_STIKSTOF,1221.9882429350257,1255.0
3508,2019,RIVM_HIST_STIKSTOF,1126.0,1126.0
3509,2019,RIVM_HIST_STIKSTOF,1244.2703198472373,1238.0
3510,2019,RIVM_HIST_STIKSTOF,1472.764098585423,1531.0
3511,2019,RIVM_HIST_STIKSTOF,1226.0078758416228,1233.0
3512,2019,RIVM_HIST_STIKSTOF,1076.2786203482858,1103.0
3513,2019,RIVM_HIST_STIKSTOF,1018.7229551697732,1059.0
3514,2019,RIVM_HIST_STIKSTOF,1385.8709176796217,1372.0
3515,2019,RIVM_HIST_STIKSTOF,989.2782213094606,1053.0
3516,2019,RIVM_HIST_STIKSTOF,1237.3290139441528,1238.0
3517,2019,RIVM_HIST_STIKSTOF,1364.492683153913,1372.0
3518,2019,RIVM_HIST_STIKSTOF,1236.2308341884511,1238.0
3519,2019,RIVM_HIST_STIKSTOF,1344.152371611258,1238.0
3520,2019,RIVM_HIST_STIKSTOF,1281.026423453457,1238.0
3521,2019,RIVM_HIST_STIKSTOF,1281.1473953295797,1331.0
3522,2019,RIVM_HIST_STIKSTOF,1331.0,1331.0
3523,2019,RIVM_HIST_STIKSTOF,1060.4073018059505,1053.0
3524,2019,RIVM_HIST_STIKSTOF,1043.4940076183295,1103.0
3525,2019,RIVM_HIST_STIKSTOF,969.651192534281,912.0
3526,2019,RIVM_HIST_STIKSTOF,1476.0,1476.0
3527,2019,RIVM_HIST_STIKSTOF,1228.630038768161,1178.0
3528,2019,RIVM_HIST_STIKSTOF,1327.7286259305206,1358.0
3529,2019,RIVM_HIST_STIKSTOF,1059.0,1059.0
3530,2019,RIVM_HIST_STIKSTOF,1205.5829585303793,1233.0
3531,2019,RIVM_HIST_STIKSTOF,1178.7211524435822,1178.0
3532,2019,RIVM_HIST_STIKSTOF,1191.0043468946285,1233.0
3533,2019,RIVM_HIST_STIKSTOF,946.4177512850498,886.0
3534,2019,RIVM_HIST_STIKSTOF,1191.6697811201952,1255.0
3581,2019,RIVM_HIST_STIKSTOF,1252.5012767022258,1331.0
3583,2019,RIVM_HIST_STIKSTOF,1127.2544272195971,1097.0
9917,2019,RIVM_HIST_STIKSTOF,1434.7618299501182,1432.0
10626,2019,RIVM_HIST_STIKSTOF,1389.9983907710464,1454.0
12381,2019,RIVM_HIST_STIKSTOF,1531.0,1531.0
12382,2019,RIVM_HIST_STIKSTOF,1530.9648730688689,1531.0
20247,2019,RIVM_HIST_STIKSTOF,1353.9742834106069,1432.0
20758,2019,RIVM_HIST_STIKSTOF,1101.9964527355971,1147.0
27371,2019,RIVM_HIST_STIKSTOF,1395.7835505029077,1432.0
29455,2019,RIVM_HIST_STIKSTOF,1456.0146342716948,1531.0
29456,2019,RIVM_HIST_STIKSTOF,1164.538853244071,1103.0
29457,2019,RIVM_HIST_STIKSTOF,1685.526597231693,2143.0
29459,2019,RIVM_HIST_STIKSTOF,1299.2591899381798,1126.0
100425,2019,RIVM_HIST_STIKSTOF,1247.1225230623074,1255.0
112100,2019,RIVM_HIST_STIKSTOF,1436.1465680419456,1489.0
3490,2020,RIVM_HIST_STIKSTOF,980.2301255882546,1074.0
3496,2020,RIVM_HIST_STIKSTOF,899.6483019684028,808.0
3497,2020,RIVM_HIST_STIKSTOF,1141.194586827288,1125.0
3498,2020,RIVM_HIST_STIKSTOF,1123.4955168508927,1038.0
3499,2020,RIVM_HIST_STIKSTOF,1538.3009347459897,1553.0
3500,2020,RIVM_HIST_STIKSTOF,1228.4753484503535,1125.0
3501,2020,RIVM_HIST_STIKSTOF,1251.476894822556,1182.0
3502,2020,RIVM_HIST_STIKSTOF,1158.2297616010571,1159.0
3503,2020,RIVM_HIST_STIKSTOF,1240.382229098432,1182.0
3504,2020,RIVM_HIST_STIKSTOF,1238.5480031304292,1360.0
3505,2020,RIVM_HIST_STIKSTOF,1078.706145552566,994.0
3506,2020,RIVM_HIST_STIKSTOF,936.9354579858236,928.0
3507,2020,RIVM_HIST_STIKSTOF,1158.7078775338955,1188.0
3508,2020,RIVM_HIST_STIKSTOF,1074.0,1074.0
3509,2020,RIVM_HIST_STIKSTOF,1181.12413234828,1176.0
3510,2020,RIVM_HIST_STIKSTOF,1419.8025874985883,1488.0
3511,2020,RIVM_HIST_STIKSTOF,1152.5456874785484,1159.0
3512,2020,RIVM_HIST_STIKSTOF,1012.2192016208414,1038.0
3513,2020,RIVM_HIST_STIKSTOF,955.4336186601274,996.0
3514,2020,RIVM_HIST_STIKSTOF,1317.868100389217,1306.0
3515,2020,RIVM_HIST_STIKSTOF,929.5150862353224,994.0
3516,2020,RIVM_HIST_STIKSTOF,1174.537228058396,1176.0
3517,2020,RIVM_HIST_STIKSTOF,1297.7990190980483,1306.0
3518,2020,RIVM_HIST_STIKSTOF,1172.5118739991688,1176.0
3519,2020,RIVM_HIST_STIKSTOF,1278.5384432335966,1176.0
3520,2020,RIVM_HIST_STIKSTOF,1212.3342861994638,1176.0
3521,2020,RIVM_HIST_STIKSTOF,1205.0975364414185,1252.0
3522,2020,RIVM_HIST_STIKSTOF,1252.0,1252.0
3523,2020,RIVM_HIST_STIKSTOF,1001.0694042234812,994.0
3524,2020,RIVM_HIST_STIKSTOF,978.9940010199908,1038.0
3525,2020,RIVM_HIST_STIKSTOF,906.0222707504118,849.0
3526,2020,RIVM_HIST_STIKSTOF,1410.0,1410.0
3527,2020,RIVM_HIST_STIKSTOF,1166.793120382839,1118.0
3528,2020,RIVM_HIST_STIKSTOF,1255.2512404363106,1283.0
3529,2020,RIVM_HIST_STIKSTOF,996.0,996.0
3530,2020,RIVM_HIST_STIKSTOF,1138.22062747336,1165.0
3531,2020,RIVM_HIST_STIKSTOF,1117.1884842263628,1118.0
3532,2020,RIVM_HIST_STIKSTOF,1119.2418202158162,1159.0
3533,2020,RIVM_HIST_STIKSTOF,884.7860523788072,825.0
3534,2020,RIVM_HIST_STIKSTOF,1127.1779086005834,1188.0
3581,2020,RIVM_HIST_STIKSTOF,1178.1188486609185,1252.0
3583,2020,RIVM_HIST_STIKSTOF,1067.8348725517644,1038.0
9917,2020,RIVM_HIST_STIKSTOF,1363.9184600322426,1360.0
10626,2020,RIVM_HIST_STIKSTOF,1317.489416960161,1383.0
12381,2020,RIVM_HIST_STIKSTOF,1488.0,1488.0
12382,2020,RIVM_HIST_STIKSTOF,1487.9467039665594,1488.0
20247,2020,RIVM_HIST_STIKSTOF,1295.0183914043614,1360.0
20758,2020,RIVM_HIST_STIKSTOF,1033.1543819291426,1079.0
27371,2020,RIVM_HIST_STIKSTOF,1333.7438579984496,1360.0
29455,2020,RIVM_HIST_STIKSTOF,1397.3740666351378,1488.0
29456,2020,RIVM_HIST_STIKSTOF,1095.7601517290843,1038.0
29457,2020,RIVM_HIST_STIKSTOF,1570.3089617793796,1976.0
29459,2020,RIVM_HIST_STIKSTOF,1223.8365862180617,1074.0
100425,2020,RIVM_HIST_STIKSTOF,1181.038508752737,1188.0
112100,2020,RIVM_HIST_STIKSTOF,1352.1981772843644,1399.0
3490,2021,RIVM_HIST_STIKSTOF,861.4357950379659,940.0
3496,2021,RIVM_HIST_STIKSTOF,796.3735849736689,720.0
3497,2021,RIVM_HIST_STIKSTOF,985.537335795663,972.0
3498,2021,RIVM_HIST_STIKSTOF,979.1864278638373,915.0
3499,2021,RIVM_HIST_STIKSTOF,1343.9253597471063,1357.0
3500,2021,RIVM_HIST_STIKSTOF,1053.9174827753627,972.0
3501,2021,RIVM_HIST_STIKSTOF,1080.0134901991985,1027.0
3502,2021,RIVM_HIST_STIKSTOF,1008.3818423942856,1009.0
3503,2021,RIVM_HIST_STIKSTOF,1073.4299649953668,1027.0
3504,2021,RIVM_HIST_STIKSTOF,1065.1661195945842,1158.0
3505,2021,RIVM_HIST_STIKSTOF,939.527913219586,875.0
3506,2021,RIVM_HIST_STIKSTOF,840.5540313463564,834.0
3507,2021,RIVM_HIST_STIKSTOF,998.75228375706,1022.0
3508,2021,RIVM_HIST_STIKSTOF,940.0,940.0
3509,2021,RIVM_HIST_STIKSTOF,1023.7082536730974,1020.0
3510,2021,RIVM_HIST_STIKSTOF,1204.605120432958,1257.0
3511,2021,RIVM_HIST_STIKSTOF,1004.0953438081336,1009.0
3512,2021,RIVM_HIST_STIKSTOF,896.3419544273174,915.0
3513,2021,RIVM_HIST_STIKSTOF,850.1924440455713,883.0
3514,2021,RIVM_HIST_STIKSTOF,1127.5824957177454,1116.0
3515,2021,RIVM_HIST_STIKSTOF,823.1068149586025,875.0
3516,2021,RIVM_HIST_STIKSTOF,1019.0957876476205,1020.0
3517,2021,RIVM_HIST_STIKSTOF,1110.5707389461888,1116.0
3518,2021,RIVM_HIST_STIKSTOF,1018.5837696733456,1020.0
3519,2021,RIVM_HIST_STIKSTOF,1099.6339810635434,1020.0
3520,2021,RIVM_HIST_STIKSTOF,1046.7678209232222,1020.0
3521,2021,RIVM_HIST_STIKSTOF,1039.838142042605,1075.0
3522,2021,RIVM_HIST_STIKSTOF,1075.0,1075.0
3523,2021,RIVM_HIST_STIKSTOF,880.3534779026479,875.0
3524,2021,RIVM_HIST_STIKSTOF,867.8430796403519,915.0
3525,2021,RIVM_HIST_STIKSTOF,810.2344935797437,765.0
3526,2021,RIVM_HIST_STIKSTOF,1199.0,1199.0
3527,2021,RIVM_HIST_STIKSTOF,1017.1877243376572,980.0
3528,2021,RIVM_HIST_STIKSTOF,1089.8009923490483,1112.0
3529,2021,RIVM_HIST_STIKSTOF,883.0,883.0
3530,2021,RIVM_HIST_STIKSTOF,992.3343933346576,1013.0
3531,2021,RIVM_HIST_STIKSTOF,979.053908138966,980.0
3532,2021,RIVM_HIST_STIKSTOF,978.8801668301636,1009.0
3533,2021,RIVM_HIST_STIKSTOF,789.238676573509,739.0
3534,2021,RIVM_HIST_STIKSTOF,975.9131575478648,1022.0
3581,2021,RIVM_HIST_STIKSTOF,1019.589136495689,1075.0
3583,2021,RIVM_HIST_STIKSTOF,941.1370257247664,918.0
9917,2021,RIVM_HIST_STIKSTOF,1161.049881226044,1158.0
10626,2021,RIVM_HIST_STIKSTOF,1130.8256101322552,1182.0
12381,2021,RIVM_HIST_STIKSTOF,1257.0,1257.0
12382,2021,RIVM_HIST_STIKSTOF,1256.962450521894,1257.0
20247,2021,RIVM_HIST_STIKSTOF,1109.7080566347122,1158.0
20758,2021,RIVM_HIST_STIKSTOF,912.878860789098,955.0
27371,2021,RIVM_HIST_STIKSTOF,1136.9480131909784,1158.0
29455,2021,RIVM_HIST_STIKSTOF,1187.988859414075,1257.0
29456,2021,RIVM_HIST_STIKSTOF,958.185160171278,915.0
29457,2021,RIVM_HIST_STIKSTOF,1381.162402301682,1742.0
29459,2021,RIVM_HIST_STIKSTOF,1034.933490611424,940.0
100425,2021,RIVM_HIST_STIKSTOF,1016.9926115589864,1022.0
112100,2021,RIVM_HIST_STIKSTOF,1172.3097603066046,1215.0
3490,2022,RIVM_HIST_STIKSTOF,832.2756346323185,912.0
3496,2022,RIVM_HIST_STIKSTOF,768.7500426804585,684.0
3497,2022,RIVM_HIST_STIKSTOF,978.4052419956712,965.0
3498,2022,RIVM_HIST_STIKSTOF,989.4633944042469,917.0
3499,2022,RIVM_HIST_STIKSTOF,1355.6876390152356,1369.0
3500,2022,RIVM_HIST_STIKSTOF,1057.9306669967962,965.0
3501,2022,RIVM_HIST_STIKSTOF,1099.0148693867404,1033.0
3502,2022,RIVM_HIST_STIKSTOF,1030.4663367220376,1032.0
3503,2022,RIVM_HIST_STIKSTOF,1081.809120338485,1033.0
3504,2022,RIVM_HIST_STIKSTOF,1071.6879191310527,1176.0
3505,2022,RIVM_HIST_STIKSTOF,926.8567366992244,856.0
3506,2022,RIVM_HIST_STIKSTOF,826.9485862600667,819.0
3507,2022,RIVM_HIST_STIKSTOF,989.6121010564952,1011.0
3508,2022,RIVM_HIST_STIKSTOF,912.0,912.0
3509,2022,RIVM_HIST_STIKSTOF,1037.3824816136605,1033.0
3510,2022,RIVM_HIST_STIKSTOF,1228.0634096561746,1293.0
3511,2022,RIVM_HIST_STIKSTOF,1025.9513129619506,1032.0
3512,2022,RIVM_HIST_STIKSTOF,894.3657485560109,917.0
3513,2022,RIVM_HIST_STIKSTOF,831.9422677315606,869.0
3514,2022,RIVM_HIST_STIKSTOF,1130.7308905601597,1121.0
3515,2022,RIVM_HIST_STIKSTOF,798.7648694396352,856.0
3516,2022,RIVM_HIST_STIKSTOF,1033.1375465564845,1033.0
3517,2022,RIVM_HIST_STIKSTOF,1113.3580178832035,1121.0
3518,2022,RIVM_HIST_STIKSTOF,1033.454842858454,1033.0
3519,2022,RIVM_HIST_STIKSTOF,1134.9056323897414,1034.0
3520,2022,RIVM_HIST_STIKSTOF,1063.2833706528877,1033.0
3521,2022,RIVM_HIST_STIKSTOF,1056.3569566590572,1098.0
3522,2022,RIVM_HIST_STIKSTOF,1098.0,1098.0
3523,2022,RIVM_HIST_STIKSTOF,862.0863308075232,856.0
3524,2022,RIVM_HIST_STIKSTOF,860.6595990661654,917.0
3525,2022,RIVM_HIST_STIKSTOF,789.8117418562607,735.0
3526,2022,RIVM_HIST_STIKSTOF,1250.0,1250.0
3527,2022,RIVM_HIST_STIKSTOF,1039.9368528188263,998.0
3528,2022,RIVM_HIST_STIKSTOF,1114.4555979459603,1138.0
3529,2022,RIVM_HIST_STIKSTOF,868.9999999999999,869.0
3530,2022,RIVM_HIST_STIKSTOF,1009.3201946144704,1034.0
3531,2022,RIVM_HIST_STIKSTOF,996.9378322329932,998.0
3532,2022,RIVM_HIST_STIKSTOF,995.3398601989992,1032.0
3533,2022,RIVM_HIST_STIKSTOF,762.8003420668451,706.0
3534,2022,RIVM_HIST_STIKSTOF,962.4050300674764,1011.0
3581,2022,RIVM_HIST_STIKSTOF,1031.9110013412123,1098.0
3583,2022,RIVM_HIST_STIKSTOF,952.8208467523892,926.0
9917,2022,RIVM_HIST_STIKSTOF,1179.6573124625356,1176.0
10626,2022,RIVM_HIST_STIKSTOF,1115.1298045505648,1166.0
12381,2022,RIVM_HIST_STIKSTOF,1293.0,1293.0
12382,2022,RIVM_HIST_STIKSTOF,1292.945492693072,1293.0
20247,2022,RIVM_HIST_STIKSTOF,1124.7493797819354,1176.0
20758,2022,RIVM_HIST_STIKSTOF,915.5604381428112,959.0
27371,2022,RIVM_HIST_STIKSTOF,1150.948399486924,1176.0
29455,2022,RIVM_HIST_STIKSTOF,1215.6740155359964,1293.0
29456,2022,RIVM_HIST_STIKSTOF,965.8532124437584,917.0
29457,2022,RIVM_HIST_STIKSTOF,1330.7107239692143,1673.0
29459,2022,RIVM_HIST_STIKSTOF,1020.6447607891456,912.0
100425,2022,RIVM_HIST_STIKSTOF,1004.9544944431664,1011.0
112100,2022,RIVM_HIST_STIKSTOF,1144.905056274551,1180.0
3490,2023,RIVM_HIST_STIKSTOF,821.953628050369,894.0
3496,2023,RIVM_HIST_STIKSTOF,763.4462569108516,692.0
3497,2023,RIVM_HIST_STIKSTOF,941.1760863999448,929.0
3498,2023,RIVM_HIST_STIKSTOF,940.3573901589306,882.0
3499,2023,RIVM_HIST_STIKSTOF,1267.4705445042669,1279.0
3500,2023,RIVM_HIST_STIKSTOF,1003.42008217455,929.0
3501,2023,RIVM_HIST_STIKSTOF,1037.9559911419742,988.0
3502,2023,RIVM_HIST_STIKSTOF,972.0315295567016,973.0
3503,2023,RIVM_HIST_STIKSTOF,1028.744107570484,988.0
3504,2023,RIVM_HIST_STIKSTOF,1012.4865517331132,1098.0
3505,2023,RIVM_HIST_STIKSTOF,896.1117675236201,837.0
3506,2023,RIVM_HIST_STIKSTOF,812.1502518966761,806.0
3507,2023,RIVM_HIST_STIKSTOF,950.401827005648,969.0
3508,2023,RIVM_HIST_STIKSTOF,894.0,894.0
3509,2023,RIVM_HIST_STIKSTOF,981.3037169087594,978.0
3510,2023,RIVM_HIST_STIKSTOF,1143.7406173756026,1191.0
3511,2023,RIVM_HIST_STIKSTOF,968.269500303284,973.0
3512,2023,RIVM_HIST_STIKSTOF,864.5997979641354,882.0
3513,2023,RIVM_HIST_STIKSTOF,814.7786964103614,845.0
3514,2023,RIVM_HIST_STIKSTOF,1073.290596445598,1063.0
3515,2023,RIVM_HIST_STIKSTOF,788.5409227922245,837.0
3516,2023,RIVM_HIST_STIKSTOF,977.6710939634193,978.0
3517,2023,RIVM_HIST_STIKSTOF,1057.5450561979292,1063.0
3518,2023,RIVM_HIST_STIKSTOF,979.160713828243,978.0
3519,2023,RIVM_HIST_STIKSTOF,1057.6515832459934,978.0
3520,2023,RIVM_HIST_STIKSTOF,1002.0345451300102,978.0
3521,2023,RIVM_HIST_STIKSTOF,993.8693516317788,1027.0
3522,2023,RIVM_HIST_STIKSTOF,1027.0,1027.0
3523,2023,RIVM_HIST_STIKSTOF,841.9166372389933,837.0
3524,2023,RIVM_HIST_STIKSTOF,836.537855424423,882.0
3525,2023,RIVM_HIST_STIKSTOF,779.9754232034862,736.0
3526,2023,RIVM_HIST_STIKSTOF,1151.0,1151.0
3527,2023,RIVM_HIST_STIKSTOF,982.5889467788468,948.0
3528,2023,RIVM_HIST_STIKSTOF,1051.1463867521363,1072.0
3529,2023,RIVM_HIST_STIKSTOF,845.0,845.0
3530,2023,RIVM_HIST_STIKSTOF,955.3858016553478,975.0
3531,2023,RIVM_HIST_STIKSTOF,946.8713250423498,948.0
3532,2023,RIVM_HIST_STIKSTOF,944.2570734893562,973.0
3533,2023,RIVM_HIST_STIKSTOF,757.0902402016619,710.0
3534,2023,RIVM_HIST_STIKSTOF,927.6158965735927,969.0
3581,2023,RIVM_HIST_STIKSTOF,974.4751189698718,1027.0
3583,2023,RIVM_HIST_STIKSTOF,911.6459615588344,890.0
9917,2023,RIVM_HIST_STIKSTOF,1100.8807161995314,1098.0
10626,2023,RIVM_HIST_STIKSTOF,1066.2639917162685,1115.0
12381,2023,RIVM_HIST_STIKSTOF,1191.0,1191.0
12382,2023,RIVM_HIST_STIKSTOF,1190.9685068893305,1191.0
20247,2023,RIVM_HIST_STIKSTOF,1054.38161382098,1098.0
20758,2023,RIVM_HIST_STIKSTOF,881.8871201848102,921.0
27371,2023,RIVM_HIST_STIKSTOF,1080.4452245791906,1098.0
29455,2023,RIVM_HIST_STIKSTOF,1129.3622146514558,1191.0
29456,2023,RIVM_HIST_STIKSTOF,921.1365514052206,882.0
29457,2023,RIVM_HIST_STIKSTOF,1264.2636303870709,1567.0
29459,2023,RIVM_HIST_STIKSTOF,983.048857498565,894.0
100425,2023,RIVM_HIST_STIKSTOF,964.4200715478534,969.0
112100,2023,RIVM_HIST_STIKSTOF,1103.3320809659754,1139.0
