"soort_id","soort_naam","winters_met_detectie","bezoeken_met_detectie","plots_met_detectie","totaal_geregistreerd","maximum_bezoektotaal","voorlopige_klasse","protocolgroep","soortgroep","opmerking"
180,"Cetti's Zanger",7,277,23,684,15,"alleen_beschrijvend","alle_volledige_bezoeken","water_wetland","Onvoldoende positieve bezoeken of winters voor de volledige modelvalidatie; beschrijvende uitvoer blijft beschikbaar."
71,"Gewone Fazant",12,177,27,389,17,"alleen_beschrijvend","alle_volledige_bezoeken","overige_vogels","Onvoldoende positieve bezoeken of winters voor de volledige modelvalidatie; beschrijvende uitvoer blijft beschikbaar."
173,"Tapuit",25,93,24,186,15,"alleen_beschrijvend","alle_volledige_bezoeken","overige_vogels","Onvoldoende positieve bezoeken of winters voor de volledige modelvalidatie; beschrijvende uitvoer blijft beschikbaar."
170,"Gekraagde Roodstaart",24,92,30,181,16,"alleen_beschrijvend","alle_volledige_bezoeken","overige_vogels","Onvoldoende positieve bezoeken of winters voor de volledige modelvalidatie; beschrijvende uitvoer blijft beschikbaar."
58,"Blauwe Kiekendief",23,91,26,92,2,"alleen_beschrijvend","alle_volledige_bezoeken","overige_vogels","Onvoldoende positieve bezoeken of winters voor de volledige modelvalidatie; beschrijvende uitvoer blijft beschikbaar."
67,"Slechtvalk",21,91,20,121,3,"alleen_beschrijvend","alle_volledige_bezoeken","overige_vogels","Onvoldoende positieve bezoeken of winters voor de volledige modelvalidatie; beschrijvende uitvoer blijft beschikbaar."
37,"Soepeend",21,90,17,147,9,"alleen_beschrijvend","alle_volledige_bezoeken","water_wetland","Onvoldoende positieve bezoeken of winters voor de volledige modelvalidatie; beschrijvende uitvoer blijft beschikbaar."
88,"Kievit",25,84,15,262,14,"alleen_beschrijvend","alle_volledige_bezoeken","water_wetland","Onvoldoende positieve bezoeken of winters voor de volledige modelvalidatie; beschrijvende uitvoer blijft beschikbaar."
162,"Witte Kwikstaart",13,78,28,174,25,"alleen_beschrijvend","alle_volledige_bezoeken","overige_vogels","Onvoldoende positieve bezoeken of winters voor de volledige modelvalidatie; beschrijvende uitvoer blijft beschikbaar."
155,"Boompieper",19,73,20,154,7,"alleen_beschrijvend","alle_volledige_bezoeken","overige_vogels","Onvoldoende positieve bezoeken of winters voor de volledige modelvalidatie; beschrijvende uitvoer blijft beschikbaar."
152,"Boerenzwaluw",22,69,26,493,60,"alleen_beschrijvend","alle_volledige_bezoeken","overige_vogels","Onvoldoende positieve bezoeken of winters voor de volledige modelvalidatie; beschrijvende uitvoer blijft beschikbaar."
231,"Huismus",18,62,9,387,24,"alleen_beschrijvend","alle_volledige_bezoeken","overige_vogels","Onvoldoende positieve bezoeken of winters voor de volledige modelvalidatie; beschrijvende uitvoer blijft beschikbaar."
33,"Smient",22,59,15,166,25,"alleen_beschrijvend","alle_volledige_bezoeken","water_wetland","Onvoldoende positieve bezoeken of winters voor de volledige modelvalidatie; beschrijvende uitvoer blijft beschikbaar."
193,"Grasmus",21,57,23,92,5,"alleen_beschrijvend","alle_volledige_bezoeken","overige_vogels","Onvoldoende positieve bezoeken of winters voor de volledige modelvalidatie; beschrijvende uitvoer blijft beschikbaar."
153,"Huiszwaluw",20,56,25,1107,150,"alleen_beschrijvend","alle_volledige_bezoeken","overige_vogels","Onvoldoende positieve bezoeken of winters voor de volledige modelvalidatie; beschrijvende uitvoer blijft beschikbaar."
160,"Grote Gele Kwikstaart",17,55,20,63,3,"alleen_beschrijvend","alle_volledige_bezoeken","water_wetland","Onvoldoende positieve bezoeken of winters voor de volledige modelvalidatie; beschrijvende uitvoer blijft beschikbaar."
206,"Baardmannetje",17,51,12,214,36,"alleen_beschrijvend","alle_volledige_bezoeken","water_wetland","Onvoldoende positieve bezoeken of winters voor de volledige modelvalidatie; beschrijvende uitvoer blijft beschikbaar."
171,"Paapje",21,50,17,114,8,"alleen_beschrijvend","alle_volledige_bezoeken","overige_vogels","Onvoldoende positieve bezoeken of winters voor de volledige modelvalidatie; beschrijvende uitvoer blijft beschikbaar."
107,"Kleine Mantelmeeuw",19,45,13,241,52,"alleen_beschrijvend","alle_volledige_bezoeken","water_wetland","Onvoldoende positieve bezoeken of winters voor de volledige modelvalidatie; beschrijvende uitvoer blijft beschikbaar."
66,"Boomvalk",22,43,25,50,3,"alleen_beschrijvend","alle_volledige_bezoeken","overige_vogels","Onvoldoende positieve bezoeken of winters voor de volledige modelvalidatie; beschrijvende uitvoer blijft beschikbaar."
220,"Klapekster",8,42,18,43,2,"alleen_beschrijvend","alle_volledige_bezoeken","overige_vogels","Onvoldoende positieve bezoeken of winters voor de volledige modelvalidatie; beschrijvende uitvoer blijft beschikbaar."
105,"Kokmeeuw",12,42,15,273,100,"alleen_beschrijvend","alle_volledige_bezoeken","water_wetland","Onvoldoende positieve bezoeken of winters voor de volledige modelvalidatie; beschrijvende uitvoer blijft beschikbaar."
188,"Kleine Karekiet",18,38,13,53,4,"alleen_beschrijvend","alle_volledige_bezoeken","water_wetland","Onvoldoende positieve bezoeken of winters voor de volledige modelvalidatie; beschrijvende uitvoer blijft beschikbaar."
525,"Bladkoning",13,35,20,48,4,"alleen_beschrijvend","alle_volledige_bezoeken","overige_vogels","Onvoldoende positieve bezoeken of winters voor de volledige modelvalidatie; beschrijvende uitvoer blijft beschikbaar."
192,"Braamsluiper",17,35,14,51,6,"alleen_beschrijvend","alle_volledige_bezoeken","overige_vogels","Onvoldoende positieve bezoeken of winters voor de volledige modelvalidatie; beschrijvende uitvoer blijft beschikbaar."
124,"Turkse Tortel",13,33,8,64,4,"alleen_beschrijvend","alle_volledige_bezoeken","overige_vogels","Onvoldoende positieve bezoeken of winters voor de volledige modelvalidatie; beschrijvende uitvoer blijft beschikbaar."
112,"Grote Mantelmeeuw",17,32,10,117,26,"alleen_beschrijvend","alle_volledige_bezoeken","overige_vogels","Onvoldoende positieve bezoeken of winters voor de volledige modelvalidatie; beschrijvende uitvoer blijft beschikbaar."
243,"Kruisbek",11,32,14,244,38,"alleen_beschrijvend","alle_volledige_bezoeken","overige_vogels","Onvoldoende positieve bezoeken of winters voor de volledige modelvalidatie; beschrijvende uitvoer blijft beschikbaar."
38,"Pijlstaart",15,32,11,66,10,"alleen_beschrijvend","alle_volledige_bezoeken","water_wetland","Onvoldoende positieve bezoeken of winters voor de volledige modelvalidatie; beschrijvende uitvoer blijft beschikbaar."
133,"Velduil",14,32,10,40,3,"alleen_beschrijvend","alle_volledige_bezoeken","overige_vogels","Onvoldoende positieve bezoeken of winters voor de volledige modelvalidatie; beschrijvende uitvoer blijft beschikbaar."
106,"Stormmeeuw",11,31,11,59,9,"alleen_beschrijvend","alle_volledige_bezoeken","water_wetland","Onvoldoende positieve bezoeken of winters voor de volledige modelvalidatie; beschrijvende uitvoer blijft beschikbaar."
19,"Wilde Zwaan",14,31,10,113,26,"alleen_beschrijvend","alle_volledige_bezoeken","water_wetland","Onvoldoende positieve bezoeken of winters voor de volledige modelvalidatie; beschrijvende uitvoer blijft beschikbaar."
242,"Kleine Barmsijs",14,29,19,109,14,"alleen_beschrijvend","alle_volledige_bezoeken","overige_vogels","Onvoldoende positieve bezoeken of winters voor de volledige modelvalidatie; beschrijvende uitvoer blijft beschikbaar."
248,"Appelvink",16,28,15,51,7,"alleen_beschrijvend","alle_volledige_bezoeken","overige_vogels","Onvoldoende positieve bezoeken of winters voor de volledige modelvalidatie; beschrijvende uitvoer blijft beschikbaar."
4,"Geoorde Fuut",13,27,12,45,4,"alleen_beschrijvend","alle_volledige_bezoeken","water_wetland","Onvoldoende positieve bezoeken of winters voor de volledige modelvalidatie; beschrijvende uitvoer blijft beschikbaar."
80,"Scholekster",13,27,8,73,24,"alleen_beschrijvend","alle_volledige_bezoeken","water_wetland","Onvoldoende positieve bezoeken of winters voor de volledige modelvalidatie; beschrijvende uitvoer blijft beschikbaar."
240,"Barmsijs",8,25,15,114,18,"alleen_beschrijvend","alle_volledige_bezoeken","overige_vogels","Onvoldoende positieve bezoeken of winters voor de volledige modelvalidatie; beschrijvende uitvoer blijft beschikbaar."
174,"Beflijster",14,24,17,57,15,"alleen_beschrijvend","alle_volledige_bezoeken","overige_vogels","Onvoldoende positieve bezoeken of winters voor de volledige modelvalidatie; beschrijvende uitvoer blijft beschikbaar."
161,"Witte Kwikstaart (spec)",13,24,10,36,6,"alleen_beschrijvend","alle_volledige_bezoeken","overige_vogels","Onvoldoende positieve bezoeken of winters voor de volledige modelvalidatie; beschrijvende uitvoer blijft beschikbaar."
131,"Bosuil",12,23,14,24,2,"alleen_beschrijvend","alle_volledige_bezoeken","overige_vogels","Onvoldoende positieve bezoeken of winters voor de volledige modelvalidatie; beschrijvende uitvoer blijft beschikbaar."
381,"Ruigpootbuizerd",8,23,12,25,2,"alleen_beschrijvend","alle_volledige_bezoeken","overige_vogels","Onvoldoende positieve bezoeken of winters voor de volledige modelvalidatie; beschrijvende uitvoer blijft beschikbaar."
65,"Smelleken",14,22,15,23,2,"alleen_beschrijvend","alle_volledige_bezoeken","overige_vogels","Onvoldoende positieve bezoeken of winters voor de volledige modelvalidatie; beschrijvende uitvoer blijft beschikbaar."
194,"Tuinfluiter",12,22,13,26,4,"alleen_beschrijvend","alle_volledige_bezoeken","overige_vogels","Onvoldoende positieve bezoeken of winters voor de volledige modelvalidatie; beschrijvende uitvoer blijft beschikbaar."
241,"Grote Barmsijs",8,21,12,83,14,"alleen_beschrijvend","alle_volledige_bezoeken","overige_vogels","Onvoldoende positieve bezoeken of winters voor de volledige modelvalidatie; beschrijvende uitvoer blijft beschikbaar."
498,"Oeverpieper",9,21,5,52,12,"alleen_beschrijvend","alle_volledige_bezoeken","water_wetland","Onvoldoende positieve bezoeken of winters voor de volledige modelvalidatie; beschrijvende uitvoer blijft beschikbaar."
29,"Bergeend",10,16,8,26,2,"alleen_beschrijvend","alle_volledige_bezoeken","water_wetland","Onvoldoende positieve bezoeken of winters voor de volledige modelvalidatie; beschrijvende uitvoer blijft beschikbaar."
232,"Ringmus",10,16,7,58,17,"alleen_beschrijvend","alle_volledige_bezoeken","overige_vogels","Onvoldoende positieve bezoeken of winters voor de volledige modelvalidatie; beschrijvende uitvoer blijft beschikbaar."
57,"Bruine Kiekendief",8,15,9,18,3,"alleen_beschrijvend","alle_volledige_bezoeken","water_wetland","Onvoldoende positieve bezoeken of winters voor de volledige modelvalidatie; beschrijvende uitvoer blijft beschikbaar."
96,"Regenwulp",8,15,7,30,10,"alleen_beschrijvend","alle_volledige_bezoeken","water_wetland","Onvoldoende positieve bezoeken of winters voor de volledige modelvalidatie; beschrijvende uitvoer blijft beschikbaar."
98,"Tureluur",11,14,9,22,4,"alleen_beschrijvend","alle_volledige_bezoeken","water_wetland","Onvoldoende positieve bezoeken of winters voor de volledige modelvalidatie; beschrijvende uitvoer blijft beschikbaar."
63,"Visarend",8,14,10,15,2,"alleen_beschrijvend","alle_volledige_bezoeken","overige_vogels","Onvoldoende positieve bezoeken of winters voor de volledige modelvalidatie; beschrijvende uitvoer blijft beschikbaar."
97,"Wulp",11,14,8,44,30,"alleen_beschrijvend","alle_volledige_bezoeken","water_wetland","Onvoldoende positieve bezoeken of winters voor de volledige modelvalidatie; beschrijvende uitvoer blijft beschikbaar."
169,"Zwarte Roodstaart",12,14,7,18,4,"alleen_beschrijvend","alle_volledige_bezoeken","overige_vogels","Onvoldoende positieve bezoeken of winters voor de volledige modelvalidatie; beschrijvende uitvoer blijft beschikbaar."
168,"Blauwborst",7,13,5,23,6,"alleen_beschrijvend","alle_volledige_bezoeken","water_wetland","Onvoldoende positieve bezoeken of winters voor de volledige modelvalidatie; beschrijvende uitvoer blijft beschikbaar."
102,"Oeverloper",11,13,9,19,5,"alleen_beschrijvend","alle_volledige_bezoeken","water_wetland","Onvoldoende positieve bezoeken of winters voor de volledige modelvalidatie; beschrijvende uitvoer blijft beschikbaar."
90,"Bonte Strandloper",9,12,6,29,12,"alleen_beschrijvend","alle_volledige_bezoeken","water_wetland","Onvoldoende positieve bezoeken of winters voor de volledige modelvalidatie; beschrijvende uitvoer blijft beschikbaar."
89,"Drieteenstrandloper",6,11,4,285,110,"alleen_beschrijvend","alle_volledige_bezoeken","water_wetland","Onvoldoende positieve bezoeken of winters voor de volledige modelvalidatie; beschrijvende uitvoer blijft beschikbaar."
158,"Gele Kwikstaart",10,11,11,17,3,"alleen_beschrijvend","alle_volledige_bezoeken","overige_vogels","Onvoldoende positieve bezoeken of winters voor de volledige modelvalidatie; beschrijvende uitvoer blijft beschikbaar."
203,"Grauwe Vliegenvanger",9,11,8,13,2,"alleen_beschrijvend","alle_volledige_bezoeken","overige_vogels","Onvoldoende positieve bezoeken of winters voor de volledige modelvalidatie; beschrijvende uitvoer blijft beschikbaar."
20,"Kolgans",6,10,6,271,95,"alleen_beschrijvend","alle_volledige_bezoeken","water_wetland","Onvoldoende positieve bezoeken of winters voor de volledige modelvalidatie; beschrijvende uitvoer blijft beschikbaar."
209,"Matkop",6,10,6,16,3,"alleen_beschrijvend","alle_volledige_bezoeken","overige_vogels","Onvoldoende positieve bezoeken of winters voor de volledige modelvalidatie; beschrijvende uitvoer blijft beschikbaar."
53,"Wespendief",8,10,8,13,3,"alleen_beschrijvend","alle_volledige_bezoeken","overige_vogels","Onvoldoende positieve bezoeken of winters voor de volledige modelvalidatie; beschrijvende uitvoer blijft beschikbaar."
205,"Bonte Vliegenvanger",8,9,8,11,2,"alleen_beschrijvend","alle_volledige_bezoeken","overige_vogels","Onvoldoende positieve bezoeken of winters voor de volledige modelvalidatie; beschrijvende uitvoer blijft beschikbaar."
641,"IJsgors",6,9,5,13,4,"alleen_beschrijvend","alle_volledige_bezoeken","overige_vogels","Onvoldoende positieve bezoeken of winters voor de volledige modelvalidatie; beschrijvende uitvoer blijft beschikbaar."
497,"Waterpieper",8,9,3,10,2,"alleen_beschrijvend","alle_volledige_bezoeken","water_wetland","Onvoldoende positieve bezoeken of winters voor de volledige modelvalidatie; beschrijvende uitvoer blijft beschikbaar."
640,"Frater",7,8,7,42,11,"alleen_beschrijvend","alle_volledige_bezoeken","overige_vogels","Onvoldoende positieve bezoeken of winters voor de volledige modelvalidatie; beschrijvende uitvoer blijft beschikbaar."
504,"Pestvogel",6,8,8,32,11,"alleen_beschrijvend","alle_volledige_bezoeken","overige_vogels","Onvoldoende positieve bezoeken of winters voor de volledige modelvalidatie; beschrijvende uitvoer blijft beschikbaar."
228,"Raaf",6,8,7,10,2,"alleen_beschrijvend","alle_volledige_bezoeken","overige_vogels","Onvoldoende positieve bezoeken of winters voor de volledige modelvalidatie; beschrijvende uitvoer blijft beschikbaar."
132,"Ransuil",5,8,8,12,3,"alleen_beschrijvend","alle_volledige_bezoeken","overige_vogels","Onvoldoende positieve bezoeken of winters voor de volledige modelvalidatie; beschrijvende uitvoer blijft beschikbaar."
143,"Zwarte Specht",5,8,3,8,1,"alleen_beschrijvend","alle_volledige_bezoeken","overige_vogels","Onvoldoende positieve bezoeken of winters voor de volledige modelvalidatie; beschrijvende uitvoer blijft beschikbaar."
26,"Brandgans",5,7,7,39,16,"alleen_beschrijvend","alle_volledige_bezoeken","water_wetland","Onvoldoende positieve bezoeken of winters voor de volledige modelvalidatie; beschrijvende uitvoer blijft beschikbaar."
50,"Middelste Zaagbek",4,7,7,10,2,"alleen_beschrijvend","alle_volledige_bezoeken","water_wetland","Onvoldoende positieve bezoeken of winters voor de volledige modelvalidatie; beschrijvende uitvoer blijft beschikbaar."
151,"Oeverzwaluw",7,7,4,43,20,"alleen_beschrijvend","alle_volledige_bezoeken","overige_vogels","Onvoldoende positieve bezoeken of winters voor de volledige modelvalidatie; beschrijvende uitvoer blijft beschikbaar."
22,"Soepgans",5,7,6,11,4,"alleen_beschrijvend","alle_volledige_bezoeken","water_wetland","Onvoldoende positieve bezoeken of winters voor de volledige modelvalidatie; beschrijvende uitvoer blijft beschikbaar."
55,"Rode Wouw",6,6,5,6,1,"alleen_beschrijvend","alle_volledige_bezoeken","overige_vogels","Onvoldoende positieve bezoeken of winters voor de volledige modelvalidatie; beschrijvende uitvoer blijft beschikbaar."
637,"Witkopstaartmees",5,6,5,6,1,"alleen_beschrijvend","alle_volledige_bezoeken","overige_vogels","Onvoldoende positieve bezoeken of winters voor de volledige modelvalidatie; beschrijvende uitvoer blijft beschikbaar."
99,"Groenpootruiter",3,5,4,8,3,"alleen_beschrijvend","alle_volledige_bezoeken","water_wetland","Onvoldoende positieve bezoeken of winters voor de volledige modelvalidatie; beschrijvende uitvoer blijft beschikbaar."
628,"Grote toppereend",4,5,5,6,2,"alleen_beschrijvend","alle_volledige_bezoeken","water_wetland","Onvoldoende positieve bezoeken of winters voor de volledige modelvalidatie; beschrijvende uitvoer blijft beschikbaar."
84,"Kleine Plevier",4,5,3,6,2,"alleen_beschrijvend","alle_volledige_bezoeken","water_wetland","Onvoldoende positieve bezoeken of winters voor de volledige modelvalidatie; beschrijvende uitvoer blijft beschikbaar."
85,"Bontbekplevier",4,4,4,11,8,"alleen_beschrijvend","alle_volledige_bezoeken","water_wetland","Onvoldoende positieve bezoeken of winters voor de volledige modelvalidatie; beschrijvende uitvoer blijft beschikbaar."
141,"Draaihals",3,4,4,4,1,"alleen_beschrijvend","alle_volledige_bezoeken","overige_vogels","Onvoldoende positieve bezoeken of winters voor de volledige modelvalidatie; beschrijvende uitvoer blijft beschikbaar."
249,"Geelgors",4,4,3,4,1,"alleen_beschrijvend","alle_volledige_bezoeken","overige_vogels","Onvoldoende positieve bezoeken of winters voor de volledige modelvalidatie; beschrijvende uitvoer blijft beschikbaar."
87,"Goudplevier",4,4,2,4,1,"alleen_beschrijvend","alle_volledige_bezoeken","water_wetland","Onvoldoende positieve bezoeken of winters voor de volledige modelvalidatie; beschrijvende uitvoer blijft beschikbaar."
227,"Bonte Kraai",2,3,3,13,6,"alleen_beschrijvend","alle_volledige_bezoeken","overige_vogels","Onvoldoende positieve bezoeken of winters voor de volledige modelvalidatie; beschrijvende uitvoer blijft beschikbaar."
101,"Bosruiter",2,3,1,3,1,"alleen_beschrijvend","alle_volledige_bezoeken","water_wetland","Onvoldoende positieve bezoeken of winters voor de volledige modelvalidatie; beschrijvende uitvoer blijft beschikbaar."
442,"Drieteenmeeuw",3,3,3,4,2,"alleen_beschrijvend","alle_volledige_bezoeken","overige_vogels","Onvoldoende positieve bezoeken of winters voor de volledige modelvalidatie; beschrijvende uitvoer blijft beschikbaar."
639,"hybride Zwarte Kraai x Bonte Kraai",2,3,1,6,2,"alleen_beschrijvend","alle_volledige_bezoeken","overige_vogels","Onvoldoende positieve bezoeken of winters voor de volledige modelvalidatie; beschrijvende uitvoer blijft beschikbaar."
128,"Kerkuil",3,3,2,3,1,"alleen_beschrijvend","alle_volledige_bezoeken","overige_vogels","Onvoldoende positieve bezoeken of winters voor de volledige modelvalidatie; beschrijvende uitvoer blijft beschikbaar."
12,"Purperreiger",2,3,2,3,1,"alleen_beschrijvend","alle_volledige_bezoeken","water_wetland","Onvoldoende positieve bezoeken of winters voor de volledige modelvalidatie; beschrijvende uitvoer blijft beschikbaar."
52,"Rosse Stekelstaart",1,3,1,3,1,"alleen_beschrijvend","alle_volledige_bezoeken","overige_vogels","Onvoldoende positieve bezoeken of winters voor de volledige modelvalidatie; beschrijvende uitvoer blijft beschikbaar."
39,"Zomertaling",3,3,3,5,2,"alleen_beschrijvend","alle_volledige_bezoeken","water_wetland","Onvoldoende positieve bezoeken of winters voor de volledige modelvalidatie; beschrijvende uitvoer blijft beschikbaar."
187,"Bosrietzanger",2,2,2,3,2,"alleen_beschrijvend","alle_volledige_bezoeken","overige_vogels","Onvoldoende positieve bezoeken of winters voor de volledige modelvalidatie; beschrijvende uitvoer blijft beschikbaar."
635,"Bruine boszanger",2,2,2,2,1,"alleen_beschrijvend","alle_volledige_bezoeken","overige_vogels","Onvoldoende positieve bezoeken of winters voor de volledige modelvalidatie; beschrijvende uitvoer blijft beschikbaar."
154,"Duinpieper",2,2,2,2,1,"alleen_beschrijvend","alle_volledige_bezoeken","overige_vogels","Onvoldoende positieve bezoeken of winters voor de volledige modelvalidatie; beschrijvende uitvoer blijft beschikbaar."
56,"Europese Zeearend",2,2,2,2,1,"alleen_beschrijvend","alle_volledige_bezoeken","overige_vogels","Onvoldoende positieve bezoeken of winters voor de volledige modelvalidatie; beschrijvende uitvoer blijft beschikbaar."
136,"Gierzwaluw",2,2,2,2,1,"alleen_beschrijvend","alle_volledige_bezoeken","overige_vogels","Onvoldoende positieve bezoeken of winters voor de volledige modelvalidatie; beschrijvende uitvoer blijft beschikbaar."
95,"Grutto",2,2,2,3,2,"alleen_beschrijvend","alle_volledige_bezoeken","water_wetland","Onvoldoende positieve bezoeken of winters voor de volledige modelvalidatie; beschrijvende uitvoer blijft beschikbaar."
415,"Kanoetstrandloper",2,2,2,3,2,"alleen_beschrijvend","alle_volledige_bezoeken","water_wetland","Onvoldoende positieve bezoeken of winters voor de volledige modelvalidatie; beschrijvende uitvoer blijft beschikbaar."
127,"Koekoek",2,2,2,2,1,"alleen_beschrijvend","alle_volledige_bezoeken","overige_vogels","Onvoldoende positieve bezoeken of winters voor de volledige modelvalidatie; beschrijvende uitvoer blijft beschikbaar."
421,"Krombekstrandloper",2,2,2,2,1,"alleen_beschrijvend","alle_volledige_bezoeken","water_wetland","Onvoldoende positieve bezoeken of winters voor de volledige modelvalidatie; beschrijvende uitvoer blijft beschikbaar."
32,"Mandarijneend",2,2,2,3,2,"alleen_beschrijvend","alle_volledige_bezoeken","water_wetland","Onvoldoende positieve bezoeken of winters voor de volledige modelvalidatie; beschrijvende uitvoer blijft beschikbaar."
48,"Roodhalsfuut",2,2,2,4,3,"alleen_beschrijvend","alle_volledige_bezoeken","water_wetland","Onvoldoende positieve bezoeken of winters voor de volledige modelvalidatie; beschrijvende uitvoer blijft beschikbaar."
300,"Roodkeelduiker",1,2,1,2,1,"alleen_beschrijvend","alle_volledige_bezoeken","water_wetland","Onvoldoende positieve bezoeken of winters voor de volledige modelvalidatie; beschrijvende uitvoer blijft beschikbaar."
163,"Rouwkwikstaart",2,2,1,2,1,"alleen_beschrijvend","alle_volledige_bezoeken","overige_vogels","Onvoldoende positieve bezoeken of winters voor de volledige modelvalidatie; beschrijvende uitvoer blijft beschikbaar."
121,"Stadsduif",2,2,2,20,19,"alleen_beschrijvend","alle_volledige_bezoeken","overige_vogels","Onvoldoende positieve bezoeken of winters voor de volledige modelvalidatie; beschrijvende uitvoer blijft beschikbaar."
430,"Steenloper",2,2,2,63,60,"alleen_beschrijvend","alle_volledige_bezoeken","water_wetland","Onvoldoende positieve bezoeken of winters voor de volledige modelvalidatie; beschrijvende uitvoer blijft beschikbaar."
290,"Zwarte Ooievaar",1,2,2,2,1,"alleen_beschrijvend","alle_volledige_bezoeken","water_wetland","Onvoldoende positieve bezoeken of winters voor de volledige modelvalidatie; beschrijvende uitvoer blijft beschikbaar."
426,"Zwarte ruiter",2,2,1,2,1,"alleen_beschrijvend","alle_volledige_bezoeken","water_wetland","Onvoldoende positieve bezoeken of winters voor de volledige modelvalidatie; beschrijvende uitvoer blijft beschikbaar."
120,"Zwarte Stern",1,2,1,2,1,"alleen_beschrijvend","alle_volledige_bezoeken","water_wetland","Onvoldoende positieve bezoeken of winters voor de volledige modelvalidatie; beschrijvende uitvoer blijft beschikbaar."
642,"Dwerggors",1,1,1,1,1,"alleen_beschrijvend","alle_volledige_bezoeken","overige_vogels","Onvoldoende positieve bezoeken of winters voor de volledige modelvalidatie; beschrijvende uitvoer blijft beschikbaar."
104,"Dwergmeeuw",1,1,1,1,1,"alleen_beschrijvend","alle_volledige_bezoeken","overige_vogels","Onvoldoende positieve bezoeken of winters voor de volledige modelvalidatie; beschrijvende uitvoer blijft beschikbaar."
643,"Grasparkiet",1,1,1,1,1,"alleen_beschrijvend","alle_volledige_bezoeken","overige_vogels","Onvoldoende positieve bezoeken of winters voor de volledige modelvalidatie; beschrijvende uitvoer blijft beschikbaar."
435,"Grote jager",1,1,1,1,1,"alleen_beschrijvend","alle_volledige_bezoeken","overige_vogels","Onvoldoende positieve bezoeken of winters voor de volledige modelvalidatie; beschrijvende uitvoer blijft beschikbaar."
244,"Grote Kruisbek",1,1,1,4,4,"alleen_beschrijvend","alle_volledige_bezoeken","overige_vogels","Onvoldoende positieve bezoeken of winters voor de volledige modelvalidatie; beschrijvende uitvoer blijft beschikbaar."
631,"Grote Pieper",1,1,1,1,1,"alleen_beschrijvend","alle_volledige_bezoeken","overige_vogels","Onvoldoende positieve bezoeken of winters voor de volledige modelvalidatie; beschrijvende uitvoer blijft beschikbaar."
363,"Grote zee-eend",1,1,1,1,1,"alleen_beschrijvend","alle_volledige_bezoeken","water_wetland","Onvoldoende positieve bezoeken of winters voor de volledige modelvalidatie; beschrijvende uitvoer blijft beschikbaar."
302,"IJsduiker",1,1,1,1,1,"alleen_beschrijvend","alle_volledige_bezoeken","water_wetland","Onvoldoende positieve bezoeken of winters voor de volledige modelvalidatie; beschrijvende uitvoer blijft beschikbaar."
362,"IJseend",1,1,1,1,1,"alleen_beschrijvend","alle_volledige_bezoeken","water_wetland","Onvoldoende positieve bezoeken of winters voor de volledige modelvalidatie; beschrijvende uitvoer blijft beschikbaar."
625,"Jan-van-gent",1,1,1,1,1,"alleen_beschrijvend","alle_volledige_bezoeken","water_wetland","Onvoldoende positieve bezoeken of winters voor de volledige modelvalidatie; beschrijvende uitvoer blijft beschikbaar."
24,"Kleine Canadese Gans",1,1,1,2,2,"alleen_beschrijvend","alle_volledige_bezoeken","water_wetland","Onvoldoende positieve bezoeken of winters voor de volledige modelvalidatie; beschrijvende uitvoer blijft beschikbaar."
417,"Kleine strandloper",1,1,1,2,2,"alleen_beschrijvend","alle_volledige_bezoeken","water_wetland","Onvoldoende positieve bezoeken of winters voor de volledige modelvalidatie; beschrijvende uitvoer blijft beschikbaar."
9,"Kleine Zilverreiger",1,1,1,1,1,"alleen_beschrijvend","alle_volledige_bezoeken","water_wetland","Onvoldoende positieve bezoeken of winters voor de volledige modelvalidatie; beschrijvende uitvoer blijft beschikbaar."
344,"Kleine Zwaan",1,1,1,1,1,"alleen_beschrijvend","alle_volledige_bezoeken","water_wetland","Onvoldoende positieve bezoeken of winters voor de volledige modelvalidatie; beschrijvende uitvoer blijft beschikbaar."
167,"Nachtegaal",1,1,1,1,1,"alleen_beschrijvend","alle_volledige_bezoeken","overige_vogels","Onvoldoende positieve bezoeken of winters voor de volledige modelvalidatie; beschrijvende uitvoer blijft beschikbaar."
638,"Noordse Kauw",1,1,1,1,1,"alleen_beschrijvend","alle_volledige_bezoeken","overige_vogels","Onvoldoende positieve bezoeken of winters voor de volledige modelvalidatie; beschrijvende uitvoer blijft beschikbaar."
14,"Ooievaar",1,1,1,1,1,"alleen_beschrijvend","alle_volledige_bezoeken","water_wetland","Onvoldoende positieve bezoeken of winters voor de volledige modelvalidatie; beschrijvende uitvoer blijft beschikbaar."
634,"Pallas’ boszanger",1,1,1,1,1,"alleen_beschrijvend","alle_volledige_bezoeken","overige_vogels","Onvoldoende positieve bezoeken of winters voor de volledige modelvalidatie; beschrijvende uitvoer blijft beschikbaar."
69,"Patrijs",1,1,1,1,1,"alleen_beschrijvend","alle_volledige_bezoeken","overige_vogels","Onvoldoende positieve bezoeken of winters voor de volledige modelvalidatie; beschrijvende uitvoer blijft beschikbaar."
73,"Porseleinhoen",1,1,1,1,1,"alleen_beschrijvend","alle_volledige_bezoeken","water_wetland","Onvoldoende positieve bezoeken of winters voor de volledige modelvalidatie; beschrijvende uitvoer blijft beschikbaar."
627,"Ringsnaveleend",1,1,1,1,1,"alleen_beschrijvend","alle_volledige_bezoeken","overige_vogels","Onvoldoende positieve bezoeken of winters voor de volledige modelvalidatie; beschrijvende uitvoer blijft beschikbaar."
225,"Roek",1,1,1,1,1,"alleen_beschrijvend","alle_volledige_bezoeken","overige_vogels","Onvoldoende positieve bezoeken of winters voor de volledige modelvalidatie; beschrijvende uitvoer blijft beschikbaar."
245,"Roodmus",1,1,1,1,1,"alleen_beschrijvend","alle_volledige_bezoeken","overige_vogels","Onvoldoende positieve bezoeken of winters voor de volledige modelvalidatie; beschrijvende uitvoer blijft beschikbaar."
424,"Rosse grutto",1,1,1,1,1,"alleen_beschrijvend","alle_volledige_bezoeken","water_wetland","Onvoldoende positieve bezoeken of winters voor de volledige modelvalidatie; beschrijvende uitvoer blijft beschikbaar."
351,"Rotgans",1,1,1,1,1,"alleen_beschrijvend","alle_volledige_bezoeken","overige_vogels","Onvoldoende positieve bezoeken of winters voor de volledige modelvalidatie; beschrijvende uitvoer blijft beschikbaar."
636,"Siberische tjiftjaf",1,1,1,1,1,"alleen_beschrijvend","alle_volledige_bezoeken","overige_vogels","Onvoldoende positieve bezoeken of winters voor de volledige modelvalidatie; beschrijvende uitvoer blijft beschikbaar."
564,"Sneeuwgors",1,1,1,1,1,"alleen_beschrijvend","alle_volledige_bezoeken","overige_vogels","Onvoldoende positieve bezoeken of winters voor de volledige modelvalidatie; beschrijvende uitvoer blijft beschikbaar."
633,"Sperwergrasmus",1,1,1,1,1,"alleen_beschrijvend","alle_volledige_bezoeken","overige_vogels","Onvoldoende positieve bezoeken of winters voor de volledige modelvalidatie; beschrijvende uitvoer blijft beschikbaar."
190,"Spotvogel",1,1,1,1,1,"alleen_beschrijvend","alle_volledige_bezoeken","overige_vogels","Onvoldoende positieve bezoeken of winters voor de volledige modelvalidatie; beschrijvende uitvoer blijft beschikbaar."
182,"Sprinkhaanrietzanger",1,1,1,1,1,"alleen_beschrijvend","alle_volledige_bezoeken","water_wetland","Onvoldoende positieve bezoeken of winters voor de volledige modelvalidatie; beschrijvende uitvoer blijft beschikbaar."
125,"Tortelduif",1,1,1,1,1,"alleen_beschrijvend","alle_volledige_bezoeken","overige_vogels","Onvoldoende positieve bezoeken of winters voor de volledige modelvalidatie; beschrijvende uitvoer blijft beschikbaar."
116,"Visdief",1,1,1,1,1,"alleen_beschrijvend","alle_volledige_bezoeken","water_wetland","Onvoldoende positieve bezoeken of winters voor de volledige modelvalidatie; beschrijvende uitvoer blijft beschikbaar."
629,"Zwarte zee-eend",1,1,1,1,1,"alleen_beschrijvend","alle_volledige_bezoeken","water_wetland","Onvoldoende positieve bezoeken of winters voor de volledige modelvalidatie; beschrijvende uitvoer blijft beschikbaar."
247,"Noordse Goudvink",0,0,0,0,0,"alleen_beschrijvend","alle_volledige_bezoeken","overige_vogels","Onvoldoende positieve bezoeken of winters voor de volledige modelvalidatie; beschrijvende uitvoer blijft beschikbaar."
214,"Koolmees",25,3424,50,36429,124,"kansrijk","alle_volledige_bezoeken","overige_vogels","Door naar volledige aantals-, detectie-, extremen-, telduur- en convergentiecontrole."
175,"Merel",25,3349,50,30775,100,"kansrijk","alle_volledige_bezoeken","overige_vogels","Door naar volledige aantals-, detectie-, extremen-, telduur- en convergentiecontrole."
213,"Pimpelmees",25,3126,50,24120,96,"kansrijk","alle_volledige_bezoeken","overige_vogels","Door naar volledige aantals-, detectie-, extremen-, telduur- en convergentiecontrole."
166,"Roodborst",25,2973,50,19534,153,"kansrijk","alle_volledige_bezoeken","overige_vogels","Door naar volledige aantals-, detectie-, extremen-, telduur- en convergentiecontrole."
164,"Winterkoning",25,2958,50,13056,61,"kansrijk","alle_volledige_bezoeken","overige_vogels","Door naar volledige aantals-, detectie-, extremen-, telduur- en convergentiecontrole."
222,"Gaai",25,2873,50,10180,27,"kansrijk","alle_volledige_bezoeken","overige_vogels","Door naar volledige aantals-, detectie-, extremen-, telduur- en convergentiecontrole."
233,"Vink",25,2707,50,27731,790,"kansrijk","alle_volledige_bezoeken","overige_vogels","Door naar volledige aantals-, detectie-, extremen-, telduur- en convergentiecontrole."
226,"Zwarte Kraai",25,2519,49,13251,80,"kansrijk","alle_volledige_bezoeken","overige_vogels","Door naar volledige aantals-, detectie-, extremen-, telduur- en convergentiecontrole."
62,"Buizerd",25,2024,50,3096,8,"kansrijk","alle_volledige_bezoeken","overige_vogels","Door naar volledige aantals-, detectie-, extremen-, telduur- en convergentiecontrole."
78,"Meerkoet",25,1924,32,75579,1430,"kansrijk","alle_volledige_bezoeken","water_wetland","Door naar volledige aantals-, detectie-, extremen-, telduur- en convergentiecontrole."
223,"Ekster",25,1897,49,6565,34,"kansrijk","alle_volledige_bezoeken","overige_vogels","Door naar volledige aantals-, detectie-, extremen-, telduur- en convergentiecontrole."
144,"Grote Bonte Specht",25,1879,49,5284,26,"kansrijk","alle_volledige_bezoeken","overige_vogels","Door naar volledige aantals-, detectie-, extremen-, telduur- en convergentiecontrole."
165,"Heggenmus",25,1869,49,8159,68,"kansrijk","alle_volledige_bezoeken","overige_vogels","Door naar volledige aantals-, detectie-, extremen-, telduur- en convergentiecontrole."
44,"Kuifeend",25,1538,28,33506,200,"kansrijk","alle_volledige_bezoeken","water_wetland","Door naar volledige aantals-, detectie-, extremen-, telduur- en convergentiecontrole."
207,"Staartmees",25,1515,49,10182,80,"kansrijk","alle_volledige_bezoeken","overige_vogels","Door naar volledige aantals-, detectie-, extremen-, telduur- en convergentiecontrole."
123,"Houtduif",25,1392,50,16980,506,"kansrijk","alle_volledige_bezoeken","overige_vogels","Door naar volledige aantals-, detectie-, extremen-, telduur- en convergentiecontrole."
201,"Goudhaan",25,1375,48,6392,46,"kansrijk","alle_volledige_bezoeken","overige_vogels","Door naar volledige aantals-, detectie-, extremen-, telduur- en convergentiecontrole."
177,"Zanglijster",25,1349,50,12292,325,"kansrijk","alle_volledige_bezoeken","overige_vogels","Door naar volledige aantals-, detectie-, extremen-, telduur- en convergentiecontrole."
1,"Dodaars",25,1317,29,4786,26,"kansrijk","alle_volledige_bezoeken","water_wetland","Door naar volledige aantals-, detectie-, extremen-, telduur- en convergentiecontrole."
11,"Blauwe Reiger",25,1264,40,1980,21,"kansrijk","alle_volledige_bezoeken","water_wetland","Door naar volledige aantals-, detectie-, extremen-, telduur- en convergentiecontrole."
36,"Wilde Eend",25,1219,33,8266,110,"kansrijk","alle_volledige_bezoeken","water_wetland","Door naar volledige aantals-, detectie-, extremen-, telduur- en convergentiecontrole."
42,"Tafeleend",25,1191,24,20943,225,"kansrijk","alle_volledige_bezoeken","water_wetland","Door naar volledige aantals-, detectie-, extremen-, telduur- en convergentiecontrole."
208,"Glanskop",25,1169,45,2801,18,"kansrijk","alle_volledige_bezoeken","overige_vogels","Door naar volledige aantals-, detectie-, extremen-, telduur- en convergentiecontrole."
217,"Boomkruiper",25,1154,46,2531,17,"kansrijk","alle_volledige_bezoeken","overige_vogels","Door naar volledige aantals-, detectie-, extremen-, telduur- en convergentiecontrole."
178,"Koperwiek",25,1125,49,33687,750,"kansrijk","alle_volledige_bezoeken","overige_vogels","Door naar volledige aantals-, detectie-, extremen-, telduur- en convergentiecontrole."
198,"Tjiftjaf",25,1105,48,5040,32,"kansrijk","alle_volledige_bezoeken","overige_vogels","Door naar volledige aantals-, detectie-, extremen-, telduur- en convergentiecontrole."
148,"Boomleeuwerik",25,1069,47,4750,50,"kansrijk","alle_volledige_bezoeken","overige_vogels","Door naar volledige aantals-, detectie-, extremen-, telduur- en convergentiecontrole."
176,"Kramsvogel",25,991,47,23825,710,"kansrijk","alle_volledige_bezoeken","overige_vogels","Door naar volledige aantals-, detectie-, extremen-, telduur- en convergentiecontrole."
17,"Knobbelzwaan",25,979,31,2685,18,"kansrijk","alle_volledige_bezoeken","water_wetland","Door naar volledige aantals-, detectie-, extremen-, telduur- en convergentiecontrole."
94,"Houtsnip",25,973,49,1917,35,"kansrijk","alle_volledige_bezoeken","overige_vogels","Door naar volledige aantals-, detectie-, extremen-, telduur- en convergentiecontrole."
5,"Aalscholver",25,958,34,14724,535,"kansrijk","alle_volledige_bezoeken","water_wetland","Door naar volledige aantals-, detectie-, extremen-, telduur- en convergentiecontrole."
156,"Graspieper",25,950,43,6129,155,"kansrijk","alle_volledige_bezoeken","overige_vogels","Door naar volledige aantals-, detectie-, extremen-, telduur- en convergentiecontrole."
246,"Goudvink",25,903,43,2654,19,"kansrijk","alle_volledige_bezoeken","overige_vogels","Door naar volledige aantals-, detectie-, extremen-, telduur- en convergentiecontrole."
2,"Fuut",25,867,25,2450,29,"kansrijk","alle_volledige_bezoeken","water_wetland","Door naar volledige aantals-, detectie-, extremen-, telduur- en convergentiecontrole."
72,"Waterral",25,819,27,1708,10,"kansrijk","alle_volledige_bezoeken","water_wetland","Door naar volledige aantals-, detectie-, extremen-, telduur- en convergentiecontrole."
60,"Havik",25,721,43,847,3,"kansrijk","alle_volledige_bezoeken","overige_vogels","Door naar volledige aantals-, detectie-, extremen-, telduur- en convergentiecontrole."
142,"Groene Specht",25,679,41,864,4,"kansrijk","alle_volledige_bezoeken","overige_vogels","Door naar volledige aantals-, detectie-, extremen-, telduur- en convergentiecontrole."
93,"Watersnip",25,679,36,2162,43,"kansrijk","alle_volledige_bezoeken","water_wetland","Door naar volledige aantals-, detectie-, extremen-, telduur- en convergentiecontrole."
229,"Spreeuw",25,672,48,54041,2500,"kansrijk","alle_volledige_bezoeken","overige_vogels","Door naar volledige aantals-, detectie-, extremen-, telduur- en convergentiecontrole."
236,"Groenling",25,649,45,2201,53,"kansrijk","alle_volledige_bezoeken","overige_vogels","Door naar volledige aantals-, detectie-, extremen-, telduur- en convergentiecontrole."
61,"Sperwer",25,629,47,803,5,"kansrijk","alle_volledige_bezoeken","overige_vogels","Door naar volledige aantals-, detectie-, extremen-, telduur- en convergentiecontrole."
34,"Krakeend",25,577,27,4492,65,"kansrijk","alle_volledige_bezoeken","water_wetland","Door naar volledige aantals-, detectie-, extremen-, telduur- en convergentiecontrole."
64,"Torenvalk",25,496,44,594,5,"kansrijk","alle_volledige_bezoeken","overige_vogels","Door naar volledige aantals-, detectie-, extremen-, telduur- en convergentiecontrole."
21,"Grauwe Gans",25,492,32,7352,535,"kansrijk","alle_volledige_bezoeken","water_wetland","Door naar volledige aantals-, detectie-, extremen-, telduur- en convergentiecontrole."
238,"Sijs",25,454,41,3999,100,"kansrijk","alle_volledige_bezoeken","overige_vogels","Door naar volledige aantals-, detectie-, extremen-, telduur- en convergentiecontrole."
224,"Kauw",25,444,42,8849,272,"kansrijk","alle_volledige_bezoeken","overige_vogels","Door naar volledige aantals-, detectie-, extremen-, telduur- en convergentiecontrole."
202,"Vuurgoudhaan",24,419,45,974,20,"kansrijk","alle_volledige_bezoeken","overige_vogels","Door naar volledige aantals-, detectie-, extremen-, telduur- en convergentiecontrole."
172,"Roodborsttapuit",25,408,33,1172,16,"kansrijk","alle_volledige_bezoeken","overige_vogels","Door naar volledige aantals-, detectie-, extremen-, telduur- en convergentiecontrole."
195,"Zwartkop",25,393,46,1440,50,"kansrijk","alle_volledige_bezoeken","overige_vogels","Door naar volledige aantals-, detectie-, extremen-, telduur- en convergentiecontrole."
35,"Wintertaling",25,383,25,4252,120,"kansrijk","alle_volledige_bezoeken","water_wetland","Door naar volledige aantals-, detectie-, extremen-, telduur- en convergentiecontrole."
41,"Krooneend",25,373,19,4437,201,"kansrijk","alle_volledige_bezoeken","water_wetland","Door naar volledige aantals-, detectie-, extremen-, telduur- en convergentiecontrole."
40,"Slobeend",25,341,20,5432,200,"kansrijk","alle_volledige_bezoeken","water_wetland","Door naar volledige aantals-, detectie-, extremen-, telduur- en convergentiecontrole."
27,"Nijlgans",25,337,29,837,20,"kansrijk","alle_volledige_bezoeken","water_wetland","Door naar volledige aantals-, detectie-, extremen-, telduur- en convergentiecontrole."
239,"Kneu",25,334,38,1655,65,"kansrijk","alle_volledige_bezoeken","overige_vogels","Door naar volledige aantals-, detectie-, extremen-, telduur- en convergentiecontrole."
77,"Waterhoen",25,321,27,484,14,"kansrijk","alle_volledige_bezoeken","water_wetland","Door naar volledige aantals-, detectie-, extremen-, telduur- en convergentiecontrole."
251,"Rietgors",25,310,29,615,14,"kansrijk","alle_volledige_bezoeken","water_wetland","Door naar volledige aantals-, detectie-, extremen-, telduur- en convergentiecontrole."
237,"Putter",25,294,40,1256,45,"nader_beoordelen","alle_volledige_bezoeken","overige_vogels","Door naar volledige aantals-, detectie-, extremen-, telduur- en convergentiecontrole."
47,"Brilduiker",25,263,20,647,15,"nader_beoordelen","alle_volledige_bezoeken","water_wetland","Door naar volledige aantals-, detectie-, extremen-, telduur- en convergentiecontrole."
49,"Nonnetje",25,255,21,1099,37,"nader_beoordelen","alle_volledige_bezoeken","water_wetland","Door naar volledige aantals-, detectie-, extremen-, telduur- en convergentiecontrole."
126,"Halsbandparkiet",24,233,19,1051,18,"nader_beoordelen","alle_volledige_bezoeken","overige_vogels","Door naar volledige aantals-, detectie-, extremen-, telduur- en convergentiecontrole."
234,"Keep",25,232,40,769,24,"nader_beoordelen","alle_volledige_bezoeken","overige_vogels","Door naar volledige aantals-, detectie-, extremen-, telduur- en convergentiecontrole."
210,"Kuifmees",25,222,20,509,12,"nader_beoordelen","alle_volledige_bezoeken","overige_vogels","Door naar volledige aantals-, detectie-, extremen-, telduur- en convergentiecontrole."
215,"Boomklever",23,213,24,432,9,"nader_beoordelen","alle_volledige_bezoeken","overige_vogels","Door naar volledige aantals-, detectie-, extremen-, telduur- en convergentiecontrole."
51,"Grote Zaagbek",23,210,22,886,20,"nader_beoordelen","alle_volledige_bezoeken","water_wetland","Door naar volledige aantals-, detectie-, extremen-, telduur- en convergentiecontrole."
25,"Grote Canadese Gans",25,198,26,853,36,"nader_beoordelen","alle_volledige_bezoeken","water_wetland","Door naar volledige aantals-, detectie-, extremen-, telduur- en convergentiecontrole."
137,"IJsvogel",22,195,26,238,5,"nader_beoordelen","alle_volledige_bezoeken","water_wetland","Door naar volledige aantals-, detectie-, extremen-, telduur- en convergentiecontrole."
10,"Grote Zilverreiger",17,167,24,208,7,"nader_beoordelen","alle_volledige_bezoeken","water_wetland","Door naar volledige aantals-, detectie-, extremen-, telduur- en convergentiecontrole."
200,"Fitis",24,163,40,488,19,"nader_beoordelen","alle_volledige_bezoeken","overige_vogels","Door naar volledige aantals-, detectie-, extremen-, telduur- en convergentiecontrole."
100,"Witgat",24,150,25,228,6,"nader_beoordelen","alle_volledige_bezoeken","water_wetland","Door naar volledige aantals-, detectie-, extremen-, telduur- en convergentiecontrole."
212,"Zwarte Mees",22,148,21,512,29,"nader_beoordelen","alle_volledige_bezoeken","overige_vogels","Door naar volledige aantals-, detectie-, extremen-, telduur- en convergentiecontrole."
146,"Kleine Bonte Specht",22,140,30,167,3,"nader_beoordelen","alle_volledige_bezoeken","overige_vogels","Door naar volledige aantals-, detectie-, extremen-, telduur- en convergentiecontrole."
7,"Roerdomp",23,139,23,160,3,"nader_beoordelen","alle_volledige_bezoeken","water_wetland","Door naar volledige aantals-, detectie-, extremen-, telduur- en convergentiecontrole."
92,"Bokje",25,131,18,208,9,"nader_beoordelen","alle_volledige_bezoeken","water_wetland","Door naar volledige aantals-, detectie-, extremen-, telduur- en convergentiecontrole."
108,"Zilvermeeuw",24,131,24,1260,410,"nader_beoordelen","alle_volledige_bezoeken","water_wetland","Door naar volledige aantals-, detectie-, extremen-, telduur- en convergentiecontrole."
179,"Grote Lijster",23,123,30,205,11,"nader_beoordelen","alle_volledige_bezoeken","overige_vogels","Door naar volledige aantals-, detectie-, extremen-, telduur- en convergentiecontrole."
150,"Veldleeuwerik",23,120,31,354,30,"nader_beoordelen","alle_volledige_bezoeken","overige_vogels","Door naar volledige aantals-, detectie-, extremen-, telduur- en convergentiecontrole."
122,"Holenduif",21,107,29,221,12,"nader_beoordelen","alle_volledige_bezoeken","overige_vogels","Door naar volledige aantals-, detectie-, extremen-, telduur- en convergentiecontrole."
