"soort_id","soort_naam","latijnse_naam","bron_soort_ids","familie","soortgroep","protocolgroep","geldige_tellingtypen","toewijzingsbron","matrixversie","toelichting"
5,"Aalscholver","Phalacrocorax carbo","5","Aalscholvers","water_wetland","alle_volledige_bezoeken","Alle vogelsoorten; Watervogels en wetlandsoorten","bestaande soortfamilie","winterprotocol-v1-technisch","Volgens de vaste telregel worden tijdens ieder volledig regulier winterbezoek alle waargenomen vogels genoteerd; tellingtype blijft modelcovariaat."
248,"Appelvink","Coccothraustes coccothraustes","248","Vinken","overige_vogels","alle_volledige_bezoeken","Alle vogelsoorten; Watervogels en wetlandsoorten","standaard alle vogelsoorten","winterprotocol-v1-technisch","Volgens de vaste telregel worden tijdens ieder volledig regulier winterbezoek alle waargenomen vogels genoteerd; tellingtype blijft modelcovariaat."
206,"Baardmannetje","Panurus biarmicus","206","Baardmannen","water_wetland","alle_volledige_bezoeken","Alle vogelsoorten; Watervogels en wetlandsoorten","bestaande EVG-water/rietgroep","winterprotocol-v1-technisch","Volgens de vaste telregel worden tijdens ieder volledig regulier winterbezoek alle waargenomen vogels genoteerd; tellingtype blijft modelcovariaat."
240,"Barmsijs","Acanthis flammea","240","Vinken","overige_vogels","alle_volledige_bezoeken","Alle vogelsoorten; Watervogels en wetlandsoorten","standaard alle vogelsoorten","winterprotocol-v1-technisch","Volgens de vaste telregel worden tijdens ieder volledig regulier winterbezoek alle waargenomen vogels genoteerd; tellingtype blijft modelcovariaat."
174,"Beflijster","Turdus torquatus","174","Lijsters","overige_vogels","alle_volledige_bezoeken","Alle vogelsoorten; Watervogels en wetlandsoorten","standaard alle vogelsoorten","winterprotocol-v1-technisch","Volgens de vaste telregel worden tijdens ieder volledig regulier winterbezoek alle waargenomen vogels genoteerd; tellingtype blijft modelcovariaat."
29,"Bergeend","Tadorna tadorna","29","Eenden","water_wetland","alle_volledige_bezoeken","Alle vogelsoorten; Watervogels en wetlandsoorten","bestaande EVG-water/rietgroep","winterprotocol-v1-technisch","Volgens de vaste telregel worden tijdens ieder volledig regulier winterbezoek alle waargenomen vogels genoteerd; tellingtype blijft modelcovariaat."
525,"Bladkoning","Phylloscopus inornatus","525",,"overige_vogels","alle_volledige_bezoeken","Alle vogelsoorten; Watervogels en wetlandsoorten","standaard alle vogelsoorten","winterprotocol-v1-technisch","Volgens de vaste telregel worden tijdens ieder volledig regulier winterbezoek alle waargenomen vogels genoteerd; tellingtype blijft modelcovariaat."
168,"Blauwborst","Luscinia svecica","168","Vliegenvangers","water_wetland","alle_volledige_bezoeken","Alle vogelsoorten; Watervogels en wetlandsoorten","bestaande EVG-water/rietgroep","winterprotocol-v1-technisch","Volgens de vaste telregel worden tijdens ieder volledig regulier winterbezoek alle waargenomen vogels genoteerd; tellingtype blijft modelcovariaat."
58,"Blauwe Kiekendief","Circus cyaneus","58","Sperwers","overige_vogels","alle_volledige_bezoeken","Alle vogelsoorten; Watervogels en wetlandsoorten","standaard alle vogelsoorten","winterprotocol-v1-technisch","Volgens de vaste telregel worden tijdens ieder volledig regulier winterbezoek alle waargenomen vogels genoteerd; tellingtype blijft modelcovariaat."
11,"Blauwe Reiger","Ardea cinerea","11","Reigers","water_wetland","alle_volledige_bezoeken","Alle vogelsoorten; Watervogels en wetlandsoorten","bestaande soortfamilie","winterprotocol-v1-technisch","Volgens de vaste telregel worden tijdens ieder volledig regulier winterbezoek alle waargenomen vogels genoteerd; tellingtype blijft modelcovariaat."
152,"Boerenzwaluw","Hirundo rustica","152","Zwaluwen","overige_vogels","alle_volledige_bezoeken","Alle vogelsoorten; Watervogels en wetlandsoorten","standaard alle vogelsoorten","winterprotocol-v1-technisch","Volgens de vaste telregel worden tijdens ieder volledig regulier winterbezoek alle waargenomen vogels genoteerd; tellingtype blijft modelcovariaat."
92,"Bokje","Lymnocryptes minimus","92",,"water_wetland","alle_volledige_bezoeken","Alle vogelsoorten; Watervogels en wetlandsoorten","expliciete water-/wetlandlijst","winterprotocol-v1-technisch","Volgens de vaste telregel worden tijdens ieder volledig regulier winterbezoek alle waargenomen vogels genoteerd; tellingtype blijft modelcovariaat."
85,"Bontbekplevier","Charadrius hiaticula","85","Plevieren","water_wetland","alle_volledige_bezoeken","Alle vogelsoorten; Watervogels en wetlandsoorten","bestaande soortfamilie","winterprotocol-v1-technisch","Volgens de vaste telregel worden tijdens ieder volledig regulier winterbezoek alle waargenomen vogels genoteerd; tellingtype blijft modelcovariaat."
227,"Bonte Kraai","Corvus cornix","227","Kraaien","overige_vogels","alle_volledige_bezoeken","Alle vogelsoorten; Watervogels en wetlandsoorten","standaard alle vogelsoorten","winterprotocol-v1-technisch","Volgens de vaste telregel worden tijdens ieder volledig regulier winterbezoek alle waargenomen vogels genoteerd; tellingtype blijft modelcovariaat."
90,"Bonte Strandloper","Calidris alpina","90",,"water_wetland","alle_volledige_bezoeken","Alle vogelsoorten; Watervogels en wetlandsoorten","expliciete water-/wetlandlijst","winterprotocol-v1-technisch","Volgens de vaste telregel worden tijdens ieder volledig regulier winterbezoek alle waargenomen vogels genoteerd; tellingtype blijft modelcovariaat."
205,"Bonte Vliegenvanger","Ficedula hypoleuca","205","Vliegenvangers","overige_vogels","alle_volledige_bezoeken","Alle vogelsoorten; Watervogels en wetlandsoorten","standaard alle vogelsoorten","winterprotocol-v1-technisch","Volgens de vaste telregel worden tijdens ieder volledig regulier winterbezoek alle waargenomen vogels genoteerd; tellingtype blijft modelcovariaat."
215,"Boomklever","Sitta europaea","215","Boomklevers","overige_vogels","alle_volledige_bezoeken","Alle vogelsoorten; Watervogels en wetlandsoorten","standaard alle vogelsoorten","winterprotocol-v1-technisch","Volgens de vaste telregel worden tijdens ieder volledig regulier winterbezoek alle waargenomen vogels genoteerd; tellingtype blijft modelcovariaat."
217,"Boomkruiper","Certhia brachydactyla","217","Boomkruipers","overige_vogels","alle_volledige_bezoeken","Alle vogelsoorten; Watervogels en wetlandsoorten","standaard alle vogelsoorten","winterprotocol-v1-technisch","Volgens de vaste telregel worden tijdens ieder volledig regulier winterbezoek alle waargenomen vogels genoteerd; tellingtype blijft modelcovariaat."
148,"Boomleeuwerik","Lullula arborea","148","Leeuweriken","overige_vogels","alle_volledige_bezoeken","Alle vogelsoorten; Watervogels en wetlandsoorten","standaard alle vogelsoorten","winterprotocol-v1-technisch","Volgens de vaste telregel worden tijdens ieder volledig regulier winterbezoek alle waargenomen vogels genoteerd; tellingtype blijft modelcovariaat."
155,"Boompieper","Anthus trivialis","155","Kwikstaarten","overige_vogels","alle_volledige_bezoeken","Alle vogelsoorten; Watervogels en wetlandsoorten","standaard alle vogelsoorten","winterprotocol-v1-technisch","Volgens de vaste telregel worden tijdens ieder volledig regulier winterbezoek alle waargenomen vogels genoteerd; tellingtype blijft modelcovariaat."
66,"Boomvalk","Falco subbuteo","66","Valken","overige_vogels","alle_volledige_bezoeken","Alle vogelsoorten; Watervogels en wetlandsoorten","standaard alle vogelsoorten","winterprotocol-v1-technisch","Volgens de vaste telregel worden tijdens ieder volledig regulier winterbezoek alle waargenomen vogels genoteerd; tellingtype blijft modelcovariaat."
187,"Bosrietzanger","Acrocephalus palustris","187","Rietzangers","overige_vogels","alle_volledige_bezoeken","Alle vogelsoorten; Watervogels en wetlandsoorten","standaard alle vogelsoorten","winterprotocol-v1-technisch","Volgens de vaste telregel worden tijdens ieder volledig regulier winterbezoek alle waargenomen vogels genoteerd; tellingtype blijft modelcovariaat."
101,"Bosruiter","Tringa glareola","101",,"water_wetland","alle_volledige_bezoeken","Alle vogelsoorten; Watervogels en wetlandsoorten","expliciete water-/wetlandlijst","winterprotocol-v1-technisch","Volgens de vaste telregel worden tijdens ieder volledig regulier winterbezoek alle waargenomen vogels genoteerd; tellingtype blijft modelcovariaat."
131,"Bosuil","Strix aluco","131","Uilen","overige_vogels","alle_volledige_bezoeken","Alle vogelsoorten; Watervogels en wetlandsoorten","standaard alle vogelsoorten","winterprotocol-v1-technisch","Volgens de vaste telregel worden tijdens ieder volledig regulier winterbezoek alle waargenomen vogels genoteerd; tellingtype blijft modelcovariaat."
192,"Braamsluiper","Curruca curruca","192","Grasmussen","overige_vogels","alle_volledige_bezoeken","Alle vogelsoorten; Watervogels en wetlandsoorten","standaard alle vogelsoorten","winterprotocol-v1-technisch","Volgens de vaste telregel worden tijdens ieder volledig regulier winterbezoek alle waargenomen vogels genoteerd; tellingtype blijft modelcovariaat."
26,"Brandgans","Branta leucopsis","26",,"water_wetland","alle_volledige_bezoeken","Alle vogelsoorten; Watervogels en wetlandsoorten","bestaande EVG-water/rietgroep","winterprotocol-v1-technisch","Volgens de vaste telregel worden tijdens ieder volledig regulier winterbezoek alle waargenomen vogels genoteerd; tellingtype blijft modelcovariaat."
47,"Brilduiker","Bucephala clangula","47",,"water_wetland","alle_volledige_bezoeken","Alle vogelsoorten; Watervogels en wetlandsoorten","expliciete water-/wetlandlijst","winterprotocol-v1-technisch","Volgens de vaste telregel worden tijdens ieder volledig regulier winterbezoek alle waargenomen vogels genoteerd; tellingtype blijft modelcovariaat."
635,"Bruine boszanger","Phylloscopus fuscatus","635",,"overige_vogels","alle_volledige_bezoeken","Alle vogelsoorten; Watervogels en wetlandsoorten","standaard alle vogelsoorten","winterprotocol-v1-technisch","Volgens de vaste telregel worden tijdens ieder volledig regulier winterbezoek alle waargenomen vogels genoteerd; tellingtype blijft modelcovariaat."
57,"Bruine Kiekendief","Circus aeruginosus","57","Sperwers","water_wetland","alle_volledige_bezoeken","Alle vogelsoorten; Watervogels en wetlandsoorten","bestaande EVG-water/rietgroep","winterprotocol-v1-technisch","Volgens de vaste telregel worden tijdens ieder volledig regulier winterbezoek alle waargenomen vogels genoteerd; tellingtype blijft modelcovariaat."
62,"Buizerd","Buteo buteo","62","Sperwers","overige_vogels","alle_volledige_bezoeken","Alle vogelsoorten; Watervogels en wetlandsoorten","standaard alle vogelsoorten","winterprotocol-v1-technisch","Volgens de vaste telregel worden tijdens ieder volledig regulier winterbezoek alle waargenomen vogels genoteerd; tellingtype blijft modelcovariaat."
180,"Cetti's Zanger","Cettia cetti","180","Struikzangers","water_wetland","alle_volledige_bezoeken","Alle vogelsoorten; Watervogels en wetlandsoorten","expliciete water-/wetlandlijst","winterprotocol-v1-technisch","Volgens de vaste telregel worden tijdens ieder volledig regulier winterbezoek alle waargenomen vogels genoteerd; tellingtype blijft modelcovariaat."
1,"Dodaars","Tachybaptus ruficollis","1","Futen","water_wetland","alle_volledige_bezoeken","Alle vogelsoorten; Watervogels en wetlandsoorten","bestaande EVG-water/rietgroep","winterprotocol-v1-technisch","Volgens de vaste telregel worden tijdens ieder volledig regulier winterbezoek alle waargenomen vogels genoteerd; tellingtype blijft modelcovariaat."
141,"Draaihals","Jynx torquilla","141","Spechten","overige_vogels","alle_volledige_bezoeken","Alle vogelsoorten; Watervogels en wetlandsoorten","standaard alle vogelsoorten","winterprotocol-v1-technisch","Volgens de vaste telregel worden tijdens ieder volledig regulier winterbezoek alle waargenomen vogels genoteerd; tellingtype blijft modelcovariaat."
442,"Drieteenmeeuw","Rissa tridactyla","442",,"overige_vogels","alle_volledige_bezoeken","Alle vogelsoorten; Watervogels en wetlandsoorten","standaard alle vogelsoorten","winterprotocol-v1-technisch","Volgens de vaste telregel worden tijdens ieder volledig regulier winterbezoek alle waargenomen vogels genoteerd; tellingtype blijft modelcovariaat."
89,"Drieteenstrandloper","Calidris alba","89",,"water_wetland","alle_volledige_bezoeken","Alle vogelsoorten; Watervogels en wetlandsoorten","expliciete water-/wetlandlijst","winterprotocol-v1-technisch","Volgens de vaste telregel worden tijdens ieder volledig regulier winterbezoek alle waargenomen vogels genoteerd; tellingtype blijft modelcovariaat."
154,"Duinpieper","Anthus campestris","154","Kwikstaarten","overige_vogels","alle_volledige_bezoeken","Alle vogelsoorten; Watervogels en wetlandsoorten","standaard alle vogelsoorten","winterprotocol-v1-technisch","Volgens de vaste telregel worden tijdens ieder volledig regulier winterbezoek alle waargenomen vogels genoteerd; tellingtype blijft modelcovariaat."
642,"Dwerggors","Emberiza pusilla","642",,"overige_vogels","alle_volledige_bezoeken","Alle vogelsoorten; Watervogels en wetlandsoorten","standaard alle vogelsoorten","winterprotocol-v1-technisch","Volgens de vaste telregel worden tijdens ieder volledig regulier winterbezoek alle waargenomen vogels genoteerd; tellingtype blijft modelcovariaat."
104,"Dwergmeeuw","Hydrocoloeus minutus","104",,"overige_vogels","alle_volledige_bezoeken","Alle vogelsoorten; Watervogels en wetlandsoorten","standaard alle vogelsoorten","winterprotocol-v1-technisch","Volgens de vaste telregel worden tijdens ieder volledig regulier winterbezoek alle waargenomen vogels genoteerd; tellingtype blijft modelcovariaat."
223,"Ekster","Pica pica","223","Kraaien","overige_vogels","alle_volledige_bezoeken","Alle vogelsoorten; Watervogels en wetlandsoorten","standaard alle vogelsoorten","winterprotocol-v1-technisch","Volgens de vaste telregel worden tijdens ieder volledig regulier winterbezoek alle waargenomen vogels genoteerd; tellingtype blijft modelcovariaat."
56,"Europese Zeearend","Haliaeetus albicilla","56",,"overige_vogels","alle_volledige_bezoeken","Alle vogelsoorten; Watervogels en wetlandsoorten","standaard alle vogelsoorten","winterprotocol-v1-technisch","Volgens de vaste telregel worden tijdens ieder volledig regulier winterbezoek alle waargenomen vogels genoteerd; tellingtype blijft modelcovariaat."
200,"Fitis","Phylloscopus trochilus","200","Boszangers","overige_vogels","alle_volledige_bezoeken","Alle vogelsoorten; Watervogels en wetlandsoorten","standaard alle vogelsoorten","winterprotocol-v1-technisch","Volgens de vaste telregel worden tijdens ieder volledig regulier winterbezoek alle waargenomen vogels genoteerd; tellingtype blijft modelcovariaat."
640,"Frater","Linaria flavirostris","640",,"overige_vogels","alle_volledige_bezoeken","Alle vogelsoorten; Watervogels en wetlandsoorten","standaard alle vogelsoorten","winterprotocol-v1-technisch","Volgens de vaste telregel worden tijdens ieder volledig regulier winterbezoek alle waargenomen vogels genoteerd; tellingtype blijft modelcovariaat."
2,"Fuut","Podiceps cristatus","2","Futen","water_wetland","alle_volledige_bezoeken","Alle vogelsoorten; Watervogels en wetlandsoorten","bestaande EVG-water/rietgroep","winterprotocol-v1-technisch","Volgens de vaste telregel worden tijdens ieder volledig regulier winterbezoek alle waargenomen vogels genoteerd; tellingtype blijft modelcovariaat."
222,"Gaai","Garrulus glandarius","222","Kraaien","overige_vogels","alle_volledige_bezoeken","Alle vogelsoorten; Watervogels en wetlandsoorten","standaard alle vogelsoorten","winterprotocol-v1-technisch","Volgens de vaste telregel worden tijdens ieder volledig regulier winterbezoek alle waargenomen vogels genoteerd; tellingtype blijft modelcovariaat."
249,"Geelgors","Emberiza citrinella","249","Gorzen","overige_vogels","alle_volledige_bezoeken","Alle vogelsoorten; Watervogels en wetlandsoorten","standaard alle vogelsoorten","winterprotocol-v1-technisch","Volgens de vaste telregel worden tijdens ieder volledig regulier winterbezoek alle waargenomen vogels genoteerd; tellingtype blijft modelcovariaat."
170,"Gekraagde Roodstaart","Phoenicurus phoenicurus","170","Vliegenvangers","overige_vogels","alle_volledige_bezoeken","Alle vogelsoorten; Watervogels en wetlandsoorten","standaard alle vogelsoorten","winterprotocol-v1-technisch","Volgens de vaste telregel worden tijdens ieder volledig regulier winterbezoek alle waargenomen vogels genoteerd; tellingtype blijft modelcovariaat."
158,"Gele Kwikstaart","Motacilla flava","158;645","Kwikstaarten","overige_vogels","alle_volledige_bezoeken","Alle vogelsoorten; Watervogels en wetlandsoorten","standaard alle vogelsoorten","winterprotocol-v1-technisch","Volgens de vaste telregel worden tijdens ieder volledig regulier winterbezoek alle waargenomen vogels genoteerd; tellingtype blijft modelcovariaat."
4,"Geoorde Fuut","Podiceps nigricollis","4","Futen","water_wetland","alle_volledige_bezoeken","Alle vogelsoorten; Watervogels en wetlandsoorten","bestaande EVG-water/rietgroep","winterprotocol-v1-technisch","Volgens de vaste telregel worden tijdens ieder volledig regulier winterbezoek alle waargenomen vogels genoteerd; tellingtype blijft modelcovariaat."
71,"Gewone Fazant","Phasianus colchicus","71","Hoenders","overige_vogels","alle_volledige_bezoeken","Alle vogelsoorten; Watervogels en wetlandsoorten","standaard alle vogelsoorten","winterprotocol-v1-technisch","Volgens de vaste telregel worden tijdens ieder volledig regulier winterbezoek alle waargenomen vogels genoteerd; tellingtype blijft modelcovariaat."
136,"Gierzwaluw","Apus apus","136","Gierzwaluwen","overige_vogels","alle_volledige_bezoeken","Alle vogelsoorten; Watervogels en wetlandsoorten","standaard alle vogelsoorten","winterprotocol-v1-technisch","Volgens de vaste telregel worden tijdens ieder volledig regulier winterbezoek alle waargenomen vogels genoteerd; tellingtype blijft modelcovariaat."
208,"Glanskop","Poecile palustris","208","Mezen","overige_vogels","alle_volledige_bezoeken","Alle vogelsoorten; Watervogels en wetlandsoorten","standaard alle vogelsoorten","winterprotocol-v1-technisch","Volgens de vaste telregel worden tijdens ieder volledig regulier winterbezoek alle waargenomen vogels genoteerd; tellingtype blijft modelcovariaat."
201,"Goudhaan","Regulus regulus","201","Goudhanen","overige_vogels","alle_volledige_bezoeken","Alle vogelsoorten; Watervogels en wetlandsoorten","standaard alle vogelsoorten","winterprotocol-v1-technisch","Volgens de vaste telregel worden tijdens ieder volledig regulier winterbezoek alle waargenomen vogels genoteerd; tellingtype blijft modelcovariaat."
87,"Goudplevier","Pluvialis apricaria","87",,"water_wetland","alle_volledige_bezoeken","Alle vogelsoorten; Watervogels en wetlandsoorten","expliciete water-/wetlandlijst","winterprotocol-v1-technisch","Volgens de vaste telregel worden tijdens ieder volledig regulier winterbezoek alle waargenomen vogels genoteerd; tellingtype blijft modelcovariaat."
246,"Goudvink","Pyrrhula pyrrhula","246","Vinken","overige_vogels","alle_volledige_bezoeken","Alle vogelsoorten; Watervogels en wetlandsoorten","standaard alle vogelsoorten","winterprotocol-v1-technisch","Volgens de vaste telregel worden tijdens ieder volledig regulier winterbezoek alle waargenomen vogels genoteerd; tellingtype blijft modelcovariaat."
193,"Grasmus","Curruca communis","193","Grasmussen","overige_vogels","alle_volledige_bezoeken","Alle vogelsoorten; Watervogels en wetlandsoorten","standaard alle vogelsoorten","winterprotocol-v1-technisch","Volgens de vaste telregel worden tijdens ieder volledig regulier winterbezoek alle waargenomen vogels genoteerd; tellingtype blijft modelcovariaat."
643,"Grasparkiet","Melopsittacus undulatus","643",,"overige_vogels","alle_volledige_bezoeken","Alle vogelsoorten; Watervogels en wetlandsoorten","standaard alle vogelsoorten","winterprotocol-v1-technisch","Volgens de vaste telregel worden tijdens ieder volledig regulier winterbezoek alle waargenomen vogels genoteerd; tellingtype blijft modelcovariaat."
156,"Graspieper","Anthus pratensis","156","Kwikstaarten","overige_vogels","alle_volledige_bezoeken","Alle vogelsoorten; Watervogels en wetlandsoorten","standaard alle vogelsoorten","winterprotocol-v1-technisch","Volgens de vaste telregel worden tijdens ieder volledig regulier winterbezoek alle waargenomen vogels genoteerd; tellingtype blijft modelcovariaat."
21,"Grauwe Gans","Anser anser","21","Ganzen","water_wetland","alle_volledige_bezoeken","Alle vogelsoorten; Watervogels en wetlandsoorten","bestaande EVG-water/rietgroep","winterprotocol-v1-technisch","Volgens de vaste telregel worden tijdens ieder volledig regulier winterbezoek alle waargenomen vogels genoteerd; tellingtype blijft modelcovariaat."
203,"Grauwe Vliegenvanger","Muscicapa striata","203","Vliegenvangers","overige_vogels","alle_volledige_bezoeken","Alle vogelsoorten; Watervogels en wetlandsoorten","standaard alle vogelsoorten","winterprotocol-v1-technisch","Volgens de vaste telregel worden tijdens ieder volledig regulier winterbezoek alle waargenomen vogels genoteerd; tellingtype blijft modelcovariaat."
142,"Groene Specht","Picus viridis","142","Spechten","overige_vogels","alle_volledige_bezoeken","Alle vogelsoorten; Watervogels en wetlandsoorten","standaard alle vogelsoorten","winterprotocol-v1-technisch","Volgens de vaste telregel worden tijdens ieder volledig regulier winterbezoek alle waargenomen vogels genoteerd; tellingtype blijft modelcovariaat."
236,"Groenling","Chloris chloris","236","Vinken","overige_vogels","alle_volledige_bezoeken","Alle vogelsoorten; Watervogels en wetlandsoorten","standaard alle vogelsoorten","winterprotocol-v1-technisch","Volgens de vaste telregel worden tijdens ieder volledig regulier winterbezoek alle waargenomen vogels genoteerd; tellingtype blijft modelcovariaat."
99,"Groenpootruiter","Tringa nebularia","99",,"water_wetland","alle_volledige_bezoeken","Alle vogelsoorten; Watervogels en wetlandsoorten","expliciete water-/wetlandlijst","winterprotocol-v1-technisch","Volgens de vaste telregel worden tijdens ieder volledig regulier winterbezoek alle waargenomen vogels genoteerd; tellingtype blijft modelcovariaat."
241,"Grote Barmsijs","Acanthis flammea","241","Vinken","overige_vogels","alle_volledige_bezoeken","Alle vogelsoorten; Watervogels en wetlandsoorten","standaard alle vogelsoorten","winterprotocol-v1-technisch","Volgens de vaste telregel worden tijdens ieder volledig regulier winterbezoek alle waargenomen vogels genoteerd; tellingtype blijft modelcovariaat."
144,"Grote Bonte Specht","Dendrocopos major","144","Spechten","overige_vogels","alle_volledige_bezoeken","Alle vogelsoorten; Watervogels en wetlandsoorten","standaard alle vogelsoorten","winterprotocol-v1-technisch","Volgens de vaste telregel worden tijdens ieder volledig regulier winterbezoek alle waargenomen vogels genoteerd; tellingtype blijft modelcovariaat."
25,"Grote Canadese Gans","Branta canadensis","25;644;646","Ganzen","water_wetland","alle_volledige_bezoeken","Alle vogelsoorten; Watervogels en wetlandsoorten","bestaande soortfamilie","winterprotocol-v1-technisch","Volgens de vaste telregel worden tijdens ieder volledig regulier winterbezoek alle waargenomen vogels genoteerd; tellingtype blijft modelcovariaat."
160,"Grote Gele Kwikstaart","Motacilla cinerea","160","Kwikstaarten","water_wetland","alle_volledige_bezoeken","Alle vogelsoorten; Watervogels en wetlandsoorten","expliciete water-/wetlandlijst","winterprotocol-v1-technisch","Volgens de vaste telregel worden tijdens ieder volledig regulier winterbezoek alle waargenomen vogels genoteerd; tellingtype blijft modelcovariaat."
435,"Grote jager","Stercorarius skua","435",,"overige_vogels","alle_volledige_bezoeken","Alle vogelsoorten; Watervogels en wetlandsoorten","standaard alle vogelsoorten","winterprotocol-v1-technisch","Volgens de vaste telregel worden tijdens ieder volledig regulier winterbezoek alle waargenomen vogels genoteerd; tellingtype blijft modelcovariaat."
244,"Grote Kruisbek","Loxia pytyopsittacus","244","Vinken","overige_vogels","alle_volledige_bezoeken","Alle vogelsoorten; Watervogels en wetlandsoorten","standaard alle vogelsoorten","winterprotocol-v1-technisch","Volgens de vaste telregel worden tijdens ieder volledig regulier winterbezoek alle waargenomen vogels genoteerd; tellingtype blijft modelcovariaat."
179,"Grote Lijster","Turdus viscivorus","179","Lijsters","overige_vogels","alle_volledige_bezoeken","Alle vogelsoorten; Watervogels en wetlandsoorten","standaard alle vogelsoorten","winterprotocol-v1-technisch","Volgens de vaste telregel worden tijdens ieder volledig regulier winterbezoek alle waargenomen vogels genoteerd; tellingtype blijft modelcovariaat."
112,"Grote Mantelmeeuw","Larus marinus","112",,"overige_vogels","alle_volledige_bezoeken","Alle vogelsoorten; Watervogels en wetlandsoorten","standaard alle vogelsoorten","winterprotocol-v1-technisch","Volgens de vaste telregel worden tijdens ieder volledig regulier winterbezoek alle waargenomen vogels genoteerd; tellingtype blijft modelcovariaat."
631,"Grote Pieper","Anthus richardi","631",,"overige_vogels","alle_volledige_bezoeken","Alle vogelsoorten; Watervogels en wetlandsoorten","standaard alle vogelsoorten","winterprotocol-v1-technisch","Volgens de vaste telregel worden tijdens ieder volledig regulier winterbezoek alle waargenomen vogels genoteerd; tellingtype blijft modelcovariaat."
628,"Grote toppereend","Aythya marila","628",,"water_wetland","alle_volledige_bezoeken","Alle vogelsoorten; Watervogels en wetlandsoorten","expliciete water-/wetlandlijst","winterprotocol-v1-technisch","Volgens de vaste telregel worden tijdens ieder volledig regulier winterbezoek alle waargenomen vogels genoteerd; tellingtype blijft modelcovariaat."
51,"Grote Zaagbek","Mergus merganser","51",,"water_wetland","alle_volledige_bezoeken","Alle vogelsoorten; Watervogels en wetlandsoorten","expliciete water-/wetlandlijst","winterprotocol-v1-technisch","Volgens de vaste telregel worden tijdens ieder volledig regulier winterbezoek alle waargenomen vogels genoteerd; tellingtype blijft modelcovariaat."
363,"Grote zee-eend","Melanitta fusca","363",,"water_wetland","alle_volledige_bezoeken","Alle vogelsoorten; Watervogels en wetlandsoorten","expliciete water-/wetlandlijst","winterprotocol-v1-technisch","Volgens de vaste telregel worden tijdens ieder volledig regulier winterbezoek alle waargenomen vogels genoteerd; tellingtype blijft modelcovariaat."
10,"Grote Zilverreiger","Ardea alba","10",,"water_wetland","alle_volledige_bezoeken","Alle vogelsoorten; Watervogels en wetlandsoorten","bestaande EVG-water/rietgroep","winterprotocol-v1-technisch","Volgens de vaste telregel worden tijdens ieder volledig regulier winterbezoek alle waargenomen vogels genoteerd; tellingtype blijft modelcovariaat."
95,"Grutto","Limosa limosa","95",,"water_wetland","alle_volledige_bezoeken","Alle vogelsoorten; Watervogels en wetlandsoorten","expliciete water-/wetlandlijst","winterprotocol-v1-technisch","Volgens de vaste telregel worden tijdens ieder volledig regulier winterbezoek alle waargenomen vogels genoteerd; tellingtype blijft modelcovariaat."
126,"Halsbandparkiet","Psittacula krameri","126","Papegaaien","overige_vogels","alle_volledige_bezoeken","Alle vogelsoorten; Watervogels en wetlandsoorten","standaard alle vogelsoorten","winterprotocol-v1-technisch","Volgens de vaste telregel worden tijdens ieder volledig regulier winterbezoek alle waargenomen vogels genoteerd; tellingtype blijft modelcovariaat."
60,"Havik","Accipiter gentilis","60","Sperwers","overige_vogels","alle_volledige_bezoeken","Alle vogelsoorten; Watervogels en wetlandsoorten","standaard alle vogelsoorten","winterprotocol-v1-technisch","Volgens de vaste telregel worden tijdens ieder volledig regulier winterbezoek alle waargenomen vogels genoteerd; tellingtype blijft modelcovariaat."
165,"Heggenmus","Prunella modularis","165","Heggenmussen","overige_vogels","alle_volledige_bezoeken","Alle vogelsoorten; Watervogels en wetlandsoorten","standaard alle vogelsoorten","winterprotocol-v1-technisch","Volgens de vaste telregel worden tijdens ieder volledig regulier winterbezoek alle waargenomen vogels genoteerd; tellingtype blijft modelcovariaat."
122,"Holenduif","Columba oenas","122","Duiven","overige_vogels","alle_volledige_bezoeken","Alle vogelsoorten; Watervogels en wetlandsoorten","standaard alle vogelsoorten","winterprotocol-v1-technisch","Volgens de vaste telregel worden tijdens ieder volledig regulier winterbezoek alle waargenomen vogels genoteerd; tellingtype blijft modelcovariaat."
123,"Houtduif","Columba palumbus","123","Duiven","overige_vogels","alle_volledige_bezoeken","Alle vogelsoorten; Watervogels en wetlandsoorten","standaard alle vogelsoorten","winterprotocol-v1-technisch","Volgens de vaste telregel worden tijdens ieder volledig regulier winterbezoek alle waargenomen vogels genoteerd; tellingtype blijft modelcovariaat."
94,"Houtsnip","Scolopax rusticola","94","Strandlopers","overige_vogels","alle_volledige_bezoeken","Alle vogelsoorten; Watervogels en wetlandsoorten","inhoudelijke uitzondering","winterprotocol-v1-technisch","Volgens de vaste telregel worden tijdens ieder volledig regulier winterbezoek alle waargenomen vogels genoteerd; tellingtype blijft modelcovariaat."
231,"Huismus","Passer domesticus","231","Mussen","overige_vogels","alle_volledige_bezoeken","Alle vogelsoorten; Watervogels en wetlandsoorten","standaard alle vogelsoorten","winterprotocol-v1-technisch","Volgens de vaste telregel worden tijdens ieder volledig regulier winterbezoek alle waargenomen vogels genoteerd; tellingtype blijft modelcovariaat."
153,"Huiszwaluw","Delichon urbicum","153","Zwaluwen","overige_vogels","alle_volledige_bezoeken","Alle vogelsoorten; Watervogels en wetlandsoorten","standaard alle vogelsoorten","winterprotocol-v1-technisch","Volgens de vaste telregel worden tijdens ieder volledig regulier winterbezoek alle waargenomen vogels genoteerd; tellingtype blijft modelcovariaat."
639,"hybride Zwarte Kraai x Bonte Kraai","Corvus corone × Corvus cornix","639",,"overige_vogels","alle_volledige_bezoeken","Alle vogelsoorten; Watervogels en wetlandsoorten","standaard alle vogelsoorten","winterprotocol-v1-technisch","Volgens de vaste telregel worden tijdens ieder volledig regulier winterbezoek alle waargenomen vogels genoteerd; tellingtype blijft modelcovariaat."
302,"IJsduiker","Gavia immer","302",,"water_wetland","alle_volledige_bezoeken","Alle vogelsoorten; Watervogels en wetlandsoorten","expliciete water-/wetlandlijst","winterprotocol-v1-technisch","Volgens de vaste telregel worden tijdens ieder volledig regulier winterbezoek alle waargenomen vogels genoteerd; tellingtype blijft modelcovariaat."
362,"IJseend","Clangula hyemalis","362",,"water_wetland","alle_volledige_bezoeken","Alle vogelsoorten; Watervogels en wetlandsoorten","expliciete water-/wetlandlijst","winterprotocol-v1-technisch","Volgens de vaste telregel worden tijdens ieder volledig regulier winterbezoek alle waargenomen vogels genoteerd; tellingtype blijft modelcovariaat."
641,"IJsgors","Plectrophenax nivalis","641",,"overige_vogels","alle_volledige_bezoeken","Alle vogelsoorten; Watervogels en wetlandsoorten","standaard alle vogelsoorten","winterprotocol-v1-technisch","Volgens de vaste telregel worden tijdens ieder volledig regulier winterbezoek alle waargenomen vogels genoteerd; tellingtype blijft modelcovariaat."
137,"IJsvogel","Alcedo atthis","137","IJsvogels","water_wetland","alle_volledige_bezoeken","Alle vogelsoorten; Watervogels en wetlandsoorten","expliciete water-/wetlandlijst","winterprotocol-v1-technisch","Volgens de vaste telregel worden tijdens ieder volledig regulier winterbezoek alle waargenomen vogels genoteerd; tellingtype blijft modelcovariaat."
625,"Jan-van-gent","Morus bassanus","625",,"water_wetland","alle_volledige_bezoeken","Alle vogelsoorten; Watervogels en wetlandsoorten","expliciete water-/wetlandlijst","winterprotocol-v1-technisch","Volgens de vaste telregel worden tijdens ieder volledig regulier winterbezoek alle waargenomen vogels genoteerd; tellingtype blijft modelcovariaat."
415,"Kanoetstrandloper","Calidris canutus","415",,"water_wetland","alle_volledige_bezoeken","Alle vogelsoorten; Watervogels en wetlandsoorten","expliciete water-/wetlandlijst","winterprotocol-v1-technisch","Volgens de vaste telregel worden tijdens ieder volledig regulier winterbezoek alle waargenomen vogels genoteerd; tellingtype blijft modelcovariaat."
224,"Kauw","Coloeus monedula","224","Kraaien","overige_vogels","alle_volledige_bezoeken","Alle vogelsoorten; Watervogels en wetlandsoorten","standaard alle vogelsoorten","winterprotocol-v1-technisch","Volgens de vaste telregel worden tijdens ieder volledig regulier winterbezoek alle waargenomen vogels genoteerd; tellingtype blijft modelcovariaat."
234,"Keep","Fringilla montifringilla","234",,"overige_vogels","alle_volledige_bezoeken","Alle vogelsoorten; Watervogels en wetlandsoorten","standaard alle vogelsoorten","winterprotocol-v1-technisch","Volgens de vaste telregel worden tijdens ieder volledig regulier winterbezoek alle waargenomen vogels genoteerd; tellingtype blijft modelcovariaat."
128,"Kerkuil","Tyto alba","128","Kerkuilen","overige_vogels","alle_volledige_bezoeken","Alle vogelsoorten; Watervogels en wetlandsoorten","standaard alle vogelsoorten","winterprotocol-v1-technisch","Volgens de vaste telregel worden tijdens ieder volledig regulier winterbezoek alle waargenomen vogels genoteerd; tellingtype blijft modelcovariaat."
88,"Kievit","Vanellus vanellus","88","Plevieren","water_wetland","alle_volledige_bezoeken","Alle vogelsoorten; Watervogels en wetlandsoorten","bestaande soortfamilie","winterprotocol-v1-technisch","Volgens de vaste telregel worden tijdens ieder volledig regulier winterbezoek alle waargenomen vogels genoteerd; tellingtype blijft modelcovariaat."
220,"Klapekster","Lanius excubitor","220","Kraaien","overige_vogels","alle_volledige_bezoeken","Alle vogelsoorten; Watervogels en wetlandsoorten","standaard alle vogelsoorten","winterprotocol-v1-technisch","Volgens de vaste telregel worden tijdens ieder volledig regulier winterbezoek alle waargenomen vogels genoteerd; tellingtype blijft modelcovariaat."
242,"Kleine Barmsijs","Acanthis cabaret","242","Vinken","overige_vogels","alle_volledige_bezoeken","Alle vogelsoorten; Watervogels en wetlandsoorten","standaard alle vogelsoorten","winterprotocol-v1-technisch","Volgens de vaste telregel worden tijdens ieder volledig regulier winterbezoek alle waargenomen vogels genoteerd; tellingtype blijft modelcovariaat."
146,"Kleine Bonte Specht","Dryobates minor","146","Spechten","overige_vogels","alle_volledige_bezoeken","Alle vogelsoorten; Watervogels en wetlandsoorten","standaard alle vogelsoorten","winterprotocol-v1-technisch","Volgens de vaste telregel worden tijdens ieder volledig regulier winterbezoek alle waargenomen vogels genoteerd; tellingtype blijft modelcovariaat."
24,"Kleine Canadese Gans","Branta canadensis","24",,"water_wetland","alle_volledige_bezoeken","Alle vogelsoorten; Watervogels en wetlandsoorten","bestaande EVG-water/rietgroep","winterprotocol-v1-technisch","Volgens de vaste telregel worden tijdens ieder volledig regulier winterbezoek alle waargenomen vogels genoteerd; tellingtype blijft modelcovariaat."
188,"Kleine Karekiet","Acrocephalus scirpaceus","188","Rietzangers","water_wetland","alle_volledige_bezoeken","Alle vogelsoorten; Watervogels en wetlandsoorten","bestaande EVG-water/rietgroep","winterprotocol-v1-technisch","Volgens de vaste telregel worden tijdens ieder volledig regulier winterbezoek alle waargenomen vogels genoteerd; tellingtype blijft modelcovariaat."
107,"Kleine Mantelmeeuw","Larus fuscus","107","Meeuwen","water_wetland","alle_volledige_bezoeken","Alle vogelsoorten; Watervogels en wetlandsoorten","bestaande soortfamilie","winterprotocol-v1-technisch","Volgens de vaste telregel worden tijdens ieder volledig regulier winterbezoek alle waargenomen vogels genoteerd; tellingtype blijft modelcovariaat."
84,"Kleine Plevier","Charadrius dubius","84","Plevieren","water_wetland","alle_volledige_bezoeken","Alle vogelsoorten; Watervogels en wetlandsoorten","bestaande soortfamilie","winterprotocol-v1-technisch","Volgens de vaste telregel worden tijdens ieder volledig regulier winterbezoek alle waargenomen vogels genoteerd; tellingtype blijft modelcovariaat."
417,"Kleine strandloper","Calidris minuta","417",,"water_wetland","alle_volledige_bezoeken","Alle vogelsoorten; Watervogels en wetlandsoorten","expliciete water-/wetlandlijst","winterprotocol-v1-technisch","Volgens de vaste telregel worden tijdens ieder volledig regulier winterbezoek alle waargenomen vogels genoteerd; tellingtype blijft modelcovariaat."
9,"Kleine Zilverreiger","Egretta garzetta","9",,"water_wetland","alle_volledige_bezoeken","Alle vogelsoorten; Watervogels en wetlandsoorten","expliciete water-/wetlandlijst","winterprotocol-v1-technisch","Volgens de vaste telregel worden tijdens ieder volledig regulier winterbezoek alle waargenomen vogels genoteerd; tellingtype blijft modelcovariaat."
344,"Kleine Zwaan","Cygnus columbianus","344",,"water_wetland","alle_volledige_bezoeken","Alle vogelsoorten; Watervogels en wetlandsoorten","expliciete water-/wetlandlijst","winterprotocol-v1-technisch","Volgens de vaste telregel worden tijdens ieder volledig regulier winterbezoek alle waargenomen vogels genoteerd; tellingtype blijft modelcovariaat."
239,"Kneu","Linaria cannabina","239","Vinken","overige_vogels","alle_volledige_bezoeken","Alle vogelsoorten; Watervogels en wetlandsoorten","standaard alle vogelsoorten","winterprotocol-v1-technisch","Volgens de vaste telregel worden tijdens ieder volledig regulier winterbezoek alle waargenomen vogels genoteerd; tellingtype blijft modelcovariaat."
17,"Knobbelzwaan","Cygnus olor","17","Zwanen","water_wetland","alle_volledige_bezoeken","Alle vogelsoorten; Watervogels en wetlandsoorten","bestaande EVG-water/rietgroep","winterprotocol-v1-technisch","Volgens de vaste telregel worden tijdens ieder volledig regulier winterbezoek alle waargenomen vogels genoteerd; tellingtype blijft modelcovariaat."
127,"Koekoek","Cuculus canorus","127","Koekoeken","overige_vogels","alle_volledige_bezoeken","Alle vogelsoorten; Watervogels en wetlandsoorten","standaard alle vogelsoorten","winterprotocol-v1-technisch","Volgens de vaste telregel worden tijdens ieder volledig regulier winterbezoek alle waargenomen vogels genoteerd; tellingtype blijft modelcovariaat."
105,"Kokmeeuw","Chroicocephalus ridibundus","105","Meeuwen","water_wetland","alle_volledige_bezoeken","Alle vogelsoorten; Watervogels en wetlandsoorten","bestaande EVG-water/rietgroep","winterprotocol-v1-technisch","Volgens de vaste telregel worden tijdens ieder volledig regulier winterbezoek alle waargenomen vogels genoteerd; tellingtype blijft modelcovariaat."
20,"Kolgans","Anser albifrons","20",,"water_wetland","alle_volledige_bezoeken","Alle vogelsoorten; Watervogels en wetlandsoorten","bestaande EVG-water/rietgroep","winterprotocol-v1-technisch","Volgens de vaste telregel worden tijdens ieder volledig regulier winterbezoek alle waargenomen vogels genoteerd; tellingtype blijft modelcovariaat."
214,"Koolmees","Parus major","214","Mezen","overige_vogels","alle_volledige_bezoeken","Alle vogelsoorten; Watervogels en wetlandsoorten","standaard alle vogelsoorten","winterprotocol-v1-technisch","Volgens de vaste telregel worden tijdens ieder volledig regulier winterbezoek alle waargenomen vogels genoteerd; tellingtype blijft modelcovariaat."
178,"Koperwiek","Turdus iliacus","178",,"overige_vogels","alle_volledige_bezoeken","Alle vogelsoorten; Watervogels en wetlandsoorten","standaard alle vogelsoorten","winterprotocol-v1-technisch","Volgens de vaste telregel worden tijdens ieder volledig regulier winterbezoek alle waargenomen vogels genoteerd; tellingtype blijft modelcovariaat."
34,"Krakeend","Mareca strepera","34","Eenden","water_wetland","alle_volledige_bezoeken","Alle vogelsoorten; Watervogels en wetlandsoorten","bestaande EVG-water/rietgroep","winterprotocol-v1-technisch","Volgens de vaste telregel worden tijdens ieder volledig regulier winterbezoek alle waargenomen vogels genoteerd; tellingtype blijft modelcovariaat."
176,"Kramsvogel","Turdus pilaris","176","Lijsters","overige_vogels","alle_volledige_bezoeken","Alle vogelsoorten; Watervogels en wetlandsoorten","standaard alle vogelsoorten","winterprotocol-v1-technisch","Volgens de vaste telregel worden tijdens ieder volledig regulier winterbezoek alle waargenomen vogels genoteerd; tellingtype blijft modelcovariaat."
421,"Krombekstrandloper","Calidris ferruginea","421",,"water_wetland","alle_volledige_bezoeken","Alle vogelsoorten; Watervogels en wetlandsoorten","expliciete water-/wetlandlijst","winterprotocol-v1-technisch","Volgens de vaste telregel worden tijdens ieder volledig regulier winterbezoek alle waargenomen vogels genoteerd; tellingtype blijft modelcovariaat."
41,"Krooneend","Netta rufina","41","Eenden","water_wetland","alle_volledige_bezoeken","Alle vogelsoorten; Watervogels en wetlandsoorten","bestaande EVG-water/rietgroep","winterprotocol-v1-technisch","Volgens de vaste telregel worden tijdens ieder volledig regulier winterbezoek alle waargenomen vogels genoteerd; tellingtype blijft modelcovariaat."
243,"Kruisbek","Loxia curvirostra","243","Vinken","overige_vogels","alle_volledige_bezoeken","Alle vogelsoorten; Watervogels en wetlandsoorten","standaard alle vogelsoorten","winterprotocol-v1-technisch","Volgens de vaste telregel worden tijdens ieder volledig regulier winterbezoek alle waargenomen vogels genoteerd; tellingtype blijft modelcovariaat."
44,"Kuifeend","Aythya fuligula","44","Eenden","water_wetland","alle_volledige_bezoeken","Alle vogelsoorten; Watervogels en wetlandsoorten","bestaande EVG-water/rietgroep","winterprotocol-v1-technisch","Volgens de vaste telregel worden tijdens ieder volledig regulier winterbezoek alle waargenomen vogels genoteerd; tellingtype blijft modelcovariaat."
210,"Kuifmees","Lophophanes cristatus","210","Mezen","overige_vogels","alle_volledige_bezoeken","Alle vogelsoorten; Watervogels en wetlandsoorten","standaard alle vogelsoorten","winterprotocol-v1-technisch","Volgens de vaste telregel worden tijdens ieder volledig regulier winterbezoek alle waargenomen vogels genoteerd; tellingtype blijft modelcovariaat."
32,"Mandarijneend","Aix galericulata","32","Eenden","water_wetland","alle_volledige_bezoeken","Alle vogelsoorten; Watervogels en wetlandsoorten","bestaande EVG-water/rietgroep","winterprotocol-v1-technisch","Volgens de vaste telregel worden tijdens ieder volledig regulier winterbezoek alle waargenomen vogels genoteerd; tellingtype blijft modelcovariaat."
209,"Matkop","Poecile montanus","209","Mezen","overige_vogels","alle_volledige_bezoeken","Alle vogelsoorten; Watervogels en wetlandsoorten","standaard alle vogelsoorten","winterprotocol-v1-technisch","Volgens de vaste telregel worden tijdens ieder volledig regulier winterbezoek alle waargenomen vogels genoteerd; tellingtype blijft modelcovariaat."
78,"Meerkoet","Fulica atra","78","Rallen","water_wetland","alle_volledige_bezoeken","Alle vogelsoorten; Watervogels en wetlandsoorten","bestaande EVG-water/rietgroep","winterprotocol-v1-technisch","Volgens de vaste telregel worden tijdens ieder volledig regulier winterbezoek alle waargenomen vogels genoteerd; tellingtype blijft modelcovariaat."
175,"Merel","Turdus merula","175","Lijsters","overige_vogels","alle_volledige_bezoeken","Alle vogelsoorten; Watervogels en wetlandsoorten","standaard alle vogelsoorten","winterprotocol-v1-technisch","Volgens de vaste telregel worden tijdens ieder volledig regulier winterbezoek alle waargenomen vogels genoteerd; tellingtype blijft modelcovariaat."
50,"Middelste Zaagbek","Mergus serrator","50",,"water_wetland","alle_volledige_bezoeken","Alle vogelsoorten; Watervogels en wetlandsoorten","bestaande EVG-water/rietgroep","winterprotocol-v1-technisch","Volgens de vaste telregel worden tijdens ieder volledig regulier winterbezoek alle waargenomen vogels genoteerd; tellingtype blijft modelcovariaat."
167,"Nachtegaal","Luscinia megarhynchos","167","Vliegenvangers","overige_vogels","alle_volledige_bezoeken","Alle vogelsoorten; Watervogels en wetlandsoorten","standaard alle vogelsoorten","winterprotocol-v1-technisch","Volgens de vaste telregel worden tijdens ieder volledig regulier winterbezoek alle waargenomen vogels genoteerd; tellingtype blijft modelcovariaat."
27,"Nijlgans","Alopochen aegyptiaca","27","Eenden","water_wetland","alle_volledige_bezoeken","Alle vogelsoorten; Watervogels en wetlandsoorten","bestaande EVG-water/rietgroep","winterprotocol-v1-technisch","Volgens de vaste telregel worden tijdens ieder volledig regulier winterbezoek alle waargenomen vogels genoteerd; tellingtype blijft modelcovariaat."
49,"Nonnetje","Mergellus albellus","49",,"water_wetland","alle_volledige_bezoeken","Alle vogelsoorten; Watervogels en wetlandsoorten","expliciete water-/wetlandlijst","winterprotocol-v1-technisch","Volgens de vaste telregel worden tijdens ieder volledig regulier winterbezoek alle waargenomen vogels genoteerd; tellingtype blijft modelcovariaat."
247,"Noordse Goudvink","Pyrrhula pyrrhula pyrrhula","247","Vinken","overige_vogels","alle_volledige_bezoeken","Alle vogelsoorten; Watervogels en wetlandsoorten","standaard alle vogelsoorten","winterprotocol-v1-technisch","Volgens de vaste telregel worden tijdens ieder volledig regulier winterbezoek alle waargenomen vogels genoteerd; tellingtype blijft modelcovariaat."
638,"Noordse Kauw","Corvus monedula monedula","638",,"overige_vogels","alle_volledige_bezoeken","Alle vogelsoorten; Watervogels en wetlandsoorten","standaard alle vogelsoorten","winterprotocol-v1-technisch","Volgens de vaste telregel worden tijdens ieder volledig regulier winterbezoek alle waargenomen vogels genoteerd; tellingtype blijft modelcovariaat."
102,"Oeverloper","Actitis hypoleucos","102","Strandlopers","water_wetland","alle_volledige_bezoeken","Alle vogelsoorten; Watervogels en wetlandsoorten","bestaande soortfamilie","winterprotocol-v1-technisch","Volgens de vaste telregel worden tijdens ieder volledig regulier winterbezoek alle waargenomen vogels genoteerd; tellingtype blijft modelcovariaat."
498,"Oeverpieper","Anthus petrosus","498",,"water_wetland","alle_volledige_bezoeken","Alle vogelsoorten; Watervogels en wetlandsoorten","expliciete water-/wetlandlijst","winterprotocol-v1-technisch","Volgens de vaste telregel worden tijdens ieder volledig regulier winterbezoek alle waargenomen vogels genoteerd; tellingtype blijft modelcovariaat."
151,"Oeverzwaluw","Riparia riparia","151","Zwaluwen","overige_vogels","alle_volledige_bezoeken","Alle vogelsoorten; Watervogels en wetlandsoorten","standaard alle vogelsoorten","winterprotocol-v1-technisch","Volgens de vaste telregel worden tijdens ieder volledig regulier winterbezoek alle waargenomen vogels genoteerd; tellingtype blijft modelcovariaat."
14,"Ooievaar","Ciconia ciconia","14",,"water_wetland","alle_volledige_bezoeken","Alle vogelsoorten; Watervogels en wetlandsoorten","expliciete water-/wetlandlijst","winterprotocol-v1-technisch","Volgens de vaste telregel worden tijdens ieder volledig regulier winterbezoek alle waargenomen vogels genoteerd; tellingtype blijft modelcovariaat."
171,"Paapje","Saxicola rubetra","171","Vliegenvangers","overige_vogels","alle_volledige_bezoeken","Alle vogelsoorten; Watervogels en wetlandsoorten","standaard alle vogelsoorten","winterprotocol-v1-technisch","Volgens de vaste telregel worden tijdens ieder volledig regulier winterbezoek alle waargenomen vogels genoteerd; tellingtype blijft modelcovariaat."
634,"Pallas’ boszanger","Phylloscopus proregulus","634",,"overige_vogels","alle_volledige_bezoeken","Alle vogelsoorten; Watervogels en wetlandsoorten","standaard alle vogelsoorten","winterprotocol-v1-technisch","Volgens de vaste telregel worden tijdens ieder volledig regulier winterbezoek alle waargenomen vogels genoteerd; tellingtype blijft modelcovariaat."
69,"Patrijs","Perdix perdix","69","Hoenders","overige_vogels","alle_volledige_bezoeken","Alle vogelsoorten; Watervogels en wetlandsoorten","standaard alle vogelsoorten","winterprotocol-v1-technisch","Volgens de vaste telregel worden tijdens ieder volledig regulier winterbezoek alle waargenomen vogels genoteerd; tellingtype blijft modelcovariaat."
504,"Pestvogel","Bombycilla garrulus","504",,"overige_vogels","alle_volledige_bezoeken","Alle vogelsoorten; Watervogels en wetlandsoorten","standaard alle vogelsoorten","winterprotocol-v1-technisch","Volgens de vaste telregel worden tijdens ieder volledig regulier winterbezoek alle waargenomen vogels genoteerd; tellingtype blijft modelcovariaat."
38,"Pijlstaart","Anas acuta","38","Eenden","water_wetland","alle_volledige_bezoeken","Alle vogelsoorten; Watervogels en wetlandsoorten","bestaande EVG-water/rietgroep","winterprotocol-v1-technisch","Volgens de vaste telregel worden tijdens ieder volledig regulier winterbezoek alle waargenomen vogels genoteerd; tellingtype blijft modelcovariaat."
213,"Pimpelmees","Cyanistes caeruleus","213","Mezen","overige_vogels","alle_volledige_bezoeken","Alle vogelsoorten; Watervogels en wetlandsoorten","standaard alle vogelsoorten","winterprotocol-v1-technisch","Volgens de vaste telregel worden tijdens ieder volledig regulier winterbezoek alle waargenomen vogels genoteerd; tellingtype blijft modelcovariaat."
73,"Porseleinhoen","Porzana porzana","73","Rallen","water_wetland","alle_volledige_bezoeken","Alle vogelsoorten; Watervogels en wetlandsoorten","bestaande EVG-water/rietgroep","winterprotocol-v1-technisch","Volgens de vaste telregel worden tijdens ieder volledig regulier winterbezoek alle waargenomen vogels genoteerd; tellingtype blijft modelcovariaat."
12,"Purperreiger","Ardea purpurea","12",,"water_wetland","alle_volledige_bezoeken","Alle vogelsoorten; Watervogels en wetlandsoorten","bestaande EVG-water/rietgroep","winterprotocol-v1-technisch","Volgens de vaste telregel worden tijdens ieder volledig regulier winterbezoek alle waargenomen vogels genoteerd; tellingtype blijft modelcovariaat."
237,"Putter","Carduelis carduelis","237","Vinken","overige_vogels","alle_volledige_bezoeken","Alle vogelsoorten; Watervogels en wetlandsoorten","standaard alle vogelsoorten","winterprotocol-v1-technisch","Volgens de vaste telregel worden tijdens ieder volledig regulier winterbezoek alle waargenomen vogels genoteerd; tellingtype blijft modelcovariaat."
228,"Raaf","Corvus corax","228",,"overige_vogels","alle_volledige_bezoeken","Alle vogelsoorten; Watervogels en wetlandsoorten","standaard alle vogelsoorten","winterprotocol-v1-technisch","Volgens de vaste telregel worden tijdens ieder volledig regulier winterbezoek alle waargenomen vogels genoteerd; tellingtype blijft modelcovariaat."
132,"Ransuil","Asio otus","132","Uilen","overige_vogels","alle_volledige_bezoeken","Alle vogelsoorten; Watervogels en wetlandsoorten","standaard alle vogelsoorten","winterprotocol-v1-technisch","Volgens de vaste telregel worden tijdens ieder volledig regulier winterbezoek alle waargenomen vogels genoteerd; tellingtype blijft modelcovariaat."
96,"Regenwulp","Numenius phaeopus","96","Strandlopers","water_wetland","alle_volledige_bezoeken","Alle vogelsoorten; Watervogels en wetlandsoorten","bestaande soortfamilie","winterprotocol-v1-technisch","Volgens de vaste telregel worden tijdens ieder volledig regulier winterbezoek alle waargenomen vogels genoteerd; tellingtype blijft modelcovariaat."
251,"Rietgors","Emberiza schoeniclus","251","Gorzen","water_wetland","alle_volledige_bezoeken","Alle vogelsoorten; Watervogels en wetlandsoorten","bestaande EVG-water/rietgroep","winterprotocol-v1-technisch","Volgens de vaste telregel worden tijdens ieder volledig regulier winterbezoek alle waargenomen vogels genoteerd; tellingtype blijft modelcovariaat."
232,"Ringmus","Passer montanus","232","Mussen","overige_vogels","alle_volledige_bezoeken","Alle vogelsoorten; Watervogels en wetlandsoorten","standaard alle vogelsoorten","winterprotocol-v1-technisch","Volgens de vaste telregel worden tijdens ieder volledig regulier winterbezoek alle waargenomen vogels genoteerd; tellingtype blijft modelcovariaat."
627,"Ringsnaveleend",,"627",,"overige_vogels","alle_volledige_bezoeken","Alle vogelsoorten; Watervogels en wetlandsoorten","standaard alle vogelsoorten","winterprotocol-v1-technisch","Volgens de vaste telregel worden tijdens ieder volledig regulier winterbezoek alle waargenomen vogels genoteerd; tellingtype blijft modelcovariaat."
55,"Rode Wouw","Milvus milvus","55",,"overige_vogels","alle_volledige_bezoeken","Alle vogelsoorten; Watervogels en wetlandsoorten","standaard alle vogelsoorten","winterprotocol-v1-technisch","Volgens de vaste telregel worden tijdens ieder volledig regulier winterbezoek alle waargenomen vogels genoteerd; tellingtype blijft modelcovariaat."
225,"Roek","Corvus frugilegus","225","Kraaien","overige_vogels","alle_volledige_bezoeken","Alle vogelsoorten; Watervogels en wetlandsoorten","standaard alle vogelsoorten","winterprotocol-v1-technisch","Volgens de vaste telregel worden tijdens ieder volledig regulier winterbezoek alle waargenomen vogels genoteerd; tellingtype blijft modelcovariaat."
7,"Roerdomp","Botaurus stellaris","7","Reigers","water_wetland","alle_volledige_bezoeken","Alle vogelsoorten; Watervogels en wetlandsoorten","bestaande EVG-water/rietgroep","winterprotocol-v1-technisch","Volgens de vaste telregel worden tijdens ieder volledig regulier winterbezoek alle waargenomen vogels genoteerd; tellingtype blijft modelcovariaat."
166,"Roodborst","Erithacus rubecula","166","Vliegenvangers","overige_vogels","alle_volledige_bezoeken","Alle vogelsoorten; Watervogels en wetlandsoorten","standaard alle vogelsoorten","winterprotocol-v1-technisch","Volgens de vaste telregel worden tijdens ieder volledig regulier winterbezoek alle waargenomen vogels genoteerd; tellingtype blijft modelcovariaat."
172,"Roodborsttapuit","Saxicola rubicola","172","Vliegenvangers","overige_vogels","alle_volledige_bezoeken","Alle vogelsoorten; Watervogels en wetlandsoorten","standaard alle vogelsoorten","winterprotocol-v1-technisch","Volgens de vaste telregel worden tijdens ieder volledig regulier winterbezoek alle waargenomen vogels genoteerd; tellingtype blijft modelcovariaat."
48,"Roodhalsfuut","Podiceps grisegena","48","Futen","water_wetland","alle_volledige_bezoeken","Alle vogelsoorten; Watervogels en wetlandsoorten","bestaande EVG-water/rietgroep","winterprotocol-v1-technisch","Volgens de vaste telregel worden tijdens ieder volledig regulier winterbezoek alle waargenomen vogels genoteerd; tellingtype blijft modelcovariaat."
300,"Roodkeelduiker","Gavia stellata","300",,"water_wetland","alle_volledige_bezoeken","Alle vogelsoorten; Watervogels en wetlandsoorten","expliciete water-/wetlandlijst","winterprotocol-v1-technisch","Volgens de vaste telregel worden tijdens ieder volledig regulier winterbezoek alle waargenomen vogels genoteerd; tellingtype blijft modelcovariaat."
245,"Roodmus","Carpodacus erythrinus","245","Vinken","overige_vogels","alle_volledige_bezoeken","Alle vogelsoorten; Watervogels en wetlandsoorten","standaard alle vogelsoorten","winterprotocol-v1-technisch","Volgens de vaste telregel worden tijdens ieder volledig regulier winterbezoek alle waargenomen vogels genoteerd; tellingtype blijft modelcovariaat."
424,"Rosse grutto","Limosa lapponica","424",,"water_wetland","alle_volledige_bezoeken","Alle vogelsoorten; Watervogels en wetlandsoorten","expliciete water-/wetlandlijst","winterprotocol-v1-technisch","Volgens de vaste telregel worden tijdens ieder volledig regulier winterbezoek alle waargenomen vogels genoteerd; tellingtype blijft modelcovariaat."
52,"Rosse Stekelstaart","Oxyura jamaicensis","52",,"overige_vogels","alle_volledige_bezoeken","Alle vogelsoorten; Watervogels en wetlandsoorten","standaard alle vogelsoorten","winterprotocol-v1-technisch","Volgens de vaste telregel worden tijdens ieder volledig regulier winterbezoek alle waargenomen vogels genoteerd; tellingtype blijft modelcovariaat."
351,"Rotgans","Branta bernicla","351",,"overige_vogels","alle_volledige_bezoeken","Alle vogelsoorten; Watervogels en wetlandsoorten","standaard alle vogelsoorten","winterprotocol-v1-technisch","Volgens de vaste telregel worden tijdens ieder volledig regulier winterbezoek alle waargenomen vogels genoteerd; tellingtype blijft modelcovariaat."
163,"Rouwkwikstaart","Motacilla alba yarrellii","163","Kwikstaarten","overige_vogels","alle_volledige_bezoeken","Alle vogelsoorten; Watervogels en wetlandsoorten","standaard alle vogelsoorten","winterprotocol-v1-technisch","Volgens de vaste telregel worden tijdens ieder volledig regulier winterbezoek alle waargenomen vogels genoteerd; tellingtype blijft modelcovariaat."
381,"Ruigpootbuizerd","Buteo lagopus","381",,"overige_vogels","alle_volledige_bezoeken","Alle vogelsoorten; Watervogels en wetlandsoorten","standaard alle vogelsoorten","winterprotocol-v1-technisch","Volgens de vaste telregel worden tijdens ieder volledig regulier winterbezoek alle waargenomen vogels genoteerd; tellingtype blijft modelcovariaat."
80,"Scholekster","Haematopus ostralegus","80","Scholeksters","water_wetland","alle_volledige_bezoeken","Alle vogelsoorten; Watervogels en wetlandsoorten","bestaande soortfamilie","winterprotocol-v1-technisch","Volgens de vaste telregel worden tijdens ieder volledig regulier winterbezoek alle waargenomen vogels genoteerd; tellingtype blijft modelcovariaat."
636,"Siberische tjiftjaf","Phylloscopus collybita tristis","636",,"overige_vogels","alle_volledige_bezoeken","Alle vogelsoorten; Watervogels en wetlandsoorten","standaard alle vogelsoorten","winterprotocol-v1-technisch","Volgens de vaste telregel worden tijdens ieder volledig regulier winterbezoek alle waargenomen vogels genoteerd; tellingtype blijft modelcovariaat."
238,"Sijs","Spinus spinus","238","Vinken","overige_vogels","alle_volledige_bezoeken","Alle vogelsoorten; Watervogels en wetlandsoorten","standaard alle vogelsoorten","winterprotocol-v1-technisch","Volgens de vaste telregel worden tijdens ieder volledig regulier winterbezoek alle waargenomen vogels genoteerd; tellingtype blijft modelcovariaat."
67,"Slechtvalk","Falco peregrinus","67","Valken","overige_vogels","alle_volledige_bezoeken","Alle vogelsoorten; Watervogels en wetlandsoorten","standaard alle vogelsoorten","winterprotocol-v1-technisch","Volgens de vaste telregel worden tijdens ieder volledig regulier winterbezoek alle waargenomen vogels genoteerd; tellingtype blijft modelcovariaat."
40,"Slobeend","Spatula clypeata","40","Eenden","water_wetland","alle_volledige_bezoeken","Alle vogelsoorten; Watervogels en wetlandsoorten","bestaande EVG-water/rietgroep","winterprotocol-v1-technisch","Volgens de vaste telregel worden tijdens ieder volledig regulier winterbezoek alle waargenomen vogels genoteerd; tellingtype blijft modelcovariaat."
65,"Smelleken","Falco columbarius","65",,"overige_vogels","alle_volledige_bezoeken","Alle vogelsoorten; Watervogels en wetlandsoorten","standaard alle vogelsoorten","winterprotocol-v1-technisch","Volgens de vaste telregel worden tijdens ieder volledig regulier winterbezoek alle waargenomen vogels genoteerd; tellingtype blijft modelcovariaat."
33,"Smient","Mareca penelope","33",,"water_wetland","alle_volledige_bezoeken","Alle vogelsoorten; Watervogels en wetlandsoorten","bestaande EVG-water/rietgroep","winterprotocol-v1-technisch","Volgens de vaste telregel worden tijdens ieder volledig regulier winterbezoek alle waargenomen vogels genoteerd; tellingtype blijft modelcovariaat."
564,"Sneeuwgors","Plectrophenax nivalis","564",,"overige_vogels","alle_volledige_bezoeken","Alle vogelsoorten; Watervogels en wetlandsoorten","standaard alle vogelsoorten","winterprotocol-v1-technisch","Volgens de vaste telregel worden tijdens ieder volledig regulier winterbezoek alle waargenomen vogels genoteerd; tellingtype blijft modelcovariaat."
37,"Soepeend","Anas platyrhynchos f. domestica","37","Eenden","water_wetland","alle_volledige_bezoeken","Alle vogelsoorten; Watervogels en wetlandsoorten","bestaande soortfamilie","winterprotocol-v1-technisch","Volgens de vaste telregel worden tijdens ieder volledig regulier winterbezoek alle waargenomen vogels genoteerd; tellingtype blijft modelcovariaat."
22,"Soepgans","Anser anser f. domesticus","22","Ganzen","water_wetland","alle_volledige_bezoeken","Alle vogelsoorten; Watervogels en wetlandsoorten","bestaande soortfamilie","winterprotocol-v1-technisch","Volgens de vaste telregel worden tijdens ieder volledig regulier winterbezoek alle waargenomen vogels genoteerd; tellingtype blijft modelcovariaat."
61,"Sperwer","Accipiter nisus","61","Sperwers","overige_vogels","alle_volledige_bezoeken","Alle vogelsoorten; Watervogels en wetlandsoorten","standaard alle vogelsoorten","winterprotocol-v1-technisch","Volgens de vaste telregel worden tijdens ieder volledig regulier winterbezoek alle waargenomen vogels genoteerd; tellingtype blijft modelcovariaat."
633,"Sperwergrasmus","Sylvia nisoria","633",,"overige_vogels","alle_volledige_bezoeken","Alle vogelsoorten; Watervogels en wetlandsoorten","standaard alle vogelsoorten","winterprotocol-v1-technisch","Volgens de vaste telregel worden tijdens ieder volledig regulier winterbezoek alle waargenomen vogels genoteerd; tellingtype blijft modelcovariaat."
190,"Spotvogel","Hippolais icterina","190","Rietzangers","overige_vogels","alle_volledige_bezoeken","Alle vogelsoorten; Watervogels en wetlandsoorten","standaard alle vogelsoorten","winterprotocol-v1-technisch","Volgens de vaste telregel worden tijdens ieder volledig regulier winterbezoek alle waargenomen vogels genoteerd; tellingtype blijft modelcovariaat."
229,"Spreeuw","Sturnus vulgaris","229","Spreeuwen","overige_vogels","alle_volledige_bezoeken","Alle vogelsoorten; Watervogels en wetlandsoorten","standaard alle vogelsoorten","winterprotocol-v1-technisch","Volgens de vaste telregel worden tijdens ieder volledig regulier winterbezoek alle waargenomen vogels genoteerd; tellingtype blijft modelcovariaat."
182,"Sprinkhaanrietzanger","Locustella naevia","182","Sprinkhaanzangers","water_wetland","alle_volledige_bezoeken","Alle vogelsoorten; Watervogels en wetlandsoorten","bestaande EVG-water/rietgroep","winterprotocol-v1-technisch","Volgens de vaste telregel worden tijdens ieder volledig regulier winterbezoek alle waargenomen vogels genoteerd; tellingtype blijft modelcovariaat."
207,"Staartmees","Aegithalos caudatus","207","Staartmezen","overige_vogels","alle_volledige_bezoeken","Alle vogelsoorten; Watervogels en wetlandsoorten","standaard alle vogelsoorten","winterprotocol-v1-technisch","Volgens de vaste telregel worden tijdens ieder volledig regulier winterbezoek alle waargenomen vogels genoteerd; tellingtype blijft modelcovariaat."
121,"Stadsduif","Columba livia domestica","121","Duiven","overige_vogels","alle_volledige_bezoeken","Alle vogelsoorten; Watervogels en wetlandsoorten","standaard alle vogelsoorten","winterprotocol-v1-technisch","Volgens de vaste telregel worden tijdens ieder volledig regulier winterbezoek alle waargenomen vogels genoteerd; tellingtype blijft modelcovariaat."
430,"Steenloper","Arenaria interpres","430",,"water_wetland","alle_volledige_bezoeken","Alle vogelsoorten; Watervogels en wetlandsoorten","expliciete water-/wetlandlijst","winterprotocol-v1-technisch","Volgens de vaste telregel worden tijdens ieder volledig regulier winterbezoek alle waargenomen vogels genoteerd; tellingtype blijft modelcovariaat."
106,"Stormmeeuw","Larus canus","106","Meeuwen","water_wetland","alle_volledige_bezoeken","Alle vogelsoorten; Watervogels en wetlandsoorten","bestaande soortfamilie","winterprotocol-v1-technisch","Volgens de vaste telregel worden tijdens ieder volledig regulier winterbezoek alle waargenomen vogels genoteerd; tellingtype blijft modelcovariaat."
42,"Tafeleend","Aythya ferina","42","Eenden","water_wetland","alle_volledige_bezoeken","Alle vogelsoorten; Watervogels en wetlandsoorten","bestaande EVG-water/rietgroep","winterprotocol-v1-technisch","Volgens de vaste telregel worden tijdens ieder volledig regulier winterbezoek alle waargenomen vogels genoteerd; tellingtype blijft modelcovariaat."
173,"Tapuit","Oenanthe oenanthe","173","Vliegenvangers","overige_vogels","alle_volledige_bezoeken","Alle vogelsoorten; Watervogels en wetlandsoorten","standaard alle vogelsoorten","winterprotocol-v1-technisch","Volgens de vaste telregel worden tijdens ieder volledig regulier winterbezoek alle waargenomen vogels genoteerd; tellingtype blijft modelcovariaat."
198,"Tjiftjaf","Phylloscopus collybita","198","Boszangers","overige_vogels","alle_volledige_bezoeken","Alle vogelsoorten; Watervogels en wetlandsoorten","standaard alle vogelsoorten","winterprotocol-v1-technisch","Volgens de vaste telregel worden tijdens ieder volledig regulier winterbezoek alle waargenomen vogels genoteerd; tellingtype blijft modelcovariaat."
64,"Torenvalk","Falco tinnunculus","64","Valken","overige_vogels","alle_volledige_bezoeken","Alle vogelsoorten; Watervogels en wetlandsoorten","standaard alle vogelsoorten","winterprotocol-v1-technisch","Volgens de vaste telregel worden tijdens ieder volledig regulier winterbezoek alle waargenomen vogels genoteerd; tellingtype blijft modelcovariaat."
125,"Tortelduif","Streptopelia turtur","125","Duiven","overige_vogels","alle_volledige_bezoeken","Alle vogelsoorten; Watervogels en wetlandsoorten","standaard alle vogelsoorten","winterprotocol-v1-technisch","Volgens de vaste telregel worden tijdens ieder volledig regulier winterbezoek alle waargenomen vogels genoteerd; tellingtype blijft modelcovariaat."
194,"Tuinfluiter","Sylvia borin","194","Grasmussen","overige_vogels","alle_volledige_bezoeken","Alle vogelsoorten; Watervogels en wetlandsoorten","standaard alle vogelsoorten","winterprotocol-v1-technisch","Volgens de vaste telregel worden tijdens ieder volledig regulier winterbezoek alle waargenomen vogels genoteerd; tellingtype blijft modelcovariaat."
98,"Tureluur","Tringa totanus","98","Strandlopers","water_wetland","alle_volledige_bezoeken","Alle vogelsoorten; Watervogels en wetlandsoorten","bestaande soortfamilie","winterprotocol-v1-technisch","Volgens de vaste telregel worden tijdens ieder volledig regulier winterbezoek alle waargenomen vogels genoteerd; tellingtype blijft modelcovariaat."
124,"Turkse Tortel","Streptopelia decaocto","124","Duiven","overige_vogels","alle_volledige_bezoeken","Alle vogelsoorten; Watervogels en wetlandsoorten","standaard alle vogelsoorten","winterprotocol-v1-technisch","Volgens de vaste telregel worden tijdens ieder volledig regulier winterbezoek alle waargenomen vogels genoteerd; tellingtype blijft modelcovariaat."
150,"Veldleeuwerik","Alauda arvensis","150","Leeuweriken","overige_vogels","alle_volledige_bezoeken","Alle vogelsoorten; Watervogels en wetlandsoorten","standaard alle vogelsoorten","winterprotocol-v1-technisch","Volgens de vaste telregel worden tijdens ieder volledig regulier winterbezoek alle waargenomen vogels genoteerd; tellingtype blijft modelcovariaat."
133,"Velduil","Asio flammeus","133","Uilen","overige_vogels","alle_volledige_bezoeken","Alle vogelsoorten; Watervogels en wetlandsoorten","standaard alle vogelsoorten","winterprotocol-v1-technisch","Volgens de vaste telregel worden tijdens ieder volledig regulier winterbezoek alle waargenomen vogels genoteerd; tellingtype blijft modelcovariaat."
233,"Vink","Fringilla coelebs","233","Vinken","overige_vogels","alle_volledige_bezoeken","Alle vogelsoorten; Watervogels en wetlandsoorten","standaard alle vogelsoorten","winterprotocol-v1-technisch","Volgens de vaste telregel worden tijdens ieder volledig regulier winterbezoek alle waargenomen vogels genoteerd; tellingtype blijft modelcovariaat."
63,"Visarend","Pandion haliaetus","63",,"overige_vogels","alle_volledige_bezoeken","Alle vogelsoorten; Watervogels en wetlandsoorten","standaard alle vogelsoorten","winterprotocol-v1-technisch","Volgens de vaste telregel worden tijdens ieder volledig regulier winterbezoek alle waargenomen vogels genoteerd; tellingtype blijft modelcovariaat."
116,"Visdief","Sterna hirundo","116","Meeuwen","water_wetland","alle_volledige_bezoeken","Alle vogelsoorten; Watervogels en wetlandsoorten","bestaande EVG-water/rietgroep","winterprotocol-v1-technisch","Volgens de vaste telregel worden tijdens ieder volledig regulier winterbezoek alle waargenomen vogels genoteerd; tellingtype blijft modelcovariaat."
202,"Vuurgoudhaan","Regulus ignicapilla","202","Goudhanen","overige_vogels","alle_volledige_bezoeken","Alle vogelsoorten; Watervogels en wetlandsoorten","standaard alle vogelsoorten","winterprotocol-v1-technisch","Volgens de vaste telregel worden tijdens ieder volledig regulier winterbezoek alle waargenomen vogels genoteerd; tellingtype blijft modelcovariaat."
77,"Waterhoen","Gallinula chloropus","77","Rallen","water_wetland","alle_volledige_bezoeken","Alle vogelsoorten; Watervogels en wetlandsoorten","bestaande EVG-water/rietgroep","winterprotocol-v1-technisch","Volgens de vaste telregel worden tijdens ieder volledig regulier winterbezoek alle waargenomen vogels genoteerd; tellingtype blijft modelcovariaat."
497,"Waterpieper","Anthus spinoletta","497",,"water_wetland","alle_volledige_bezoeken","Alle vogelsoorten; Watervogels en wetlandsoorten","expliciete water-/wetlandlijst","winterprotocol-v1-technisch","Volgens de vaste telregel worden tijdens ieder volledig regulier winterbezoek alle waargenomen vogels genoteerd; tellingtype blijft modelcovariaat."
72,"Waterral","Rallus aquaticus","72","Rallen","water_wetland","alle_volledige_bezoeken","Alle vogelsoorten; Watervogels en wetlandsoorten","bestaande EVG-water/rietgroep","winterprotocol-v1-technisch","Volgens de vaste telregel worden tijdens ieder volledig regulier winterbezoek alle waargenomen vogels genoteerd; tellingtype blijft modelcovariaat."
93,"Watersnip","Gallinago gallinago","93","Strandlopers","water_wetland","alle_volledige_bezoeken","Alle vogelsoorten; Watervogels en wetlandsoorten","bestaande EVG-water/rietgroep","winterprotocol-v1-technisch","Volgens de vaste telregel worden tijdens ieder volledig regulier winterbezoek alle waargenomen vogels genoteerd; tellingtype blijft modelcovariaat."
53,"Wespendief","Pernis apivorus","53","Sperwers","overige_vogels","alle_volledige_bezoeken","Alle vogelsoorten; Watervogels en wetlandsoorten","standaard alle vogelsoorten","winterprotocol-v1-technisch","Volgens de vaste telregel worden tijdens ieder volledig regulier winterbezoek alle waargenomen vogels genoteerd; tellingtype blijft modelcovariaat."
36,"Wilde Eend","Anas platyrhynchos","36","Eenden","water_wetland","alle_volledige_bezoeken","Alle vogelsoorten; Watervogels en wetlandsoorten","bestaande EVG-water/rietgroep","winterprotocol-v1-technisch","Volgens de vaste telregel worden tijdens ieder volledig regulier winterbezoek alle waargenomen vogels genoteerd; tellingtype blijft modelcovariaat."
19,"Wilde Zwaan","Cygnus cygnus","19",,"water_wetland","alle_volledige_bezoeken","Alle vogelsoorten; Watervogels en wetlandsoorten","expliciete water-/wetlandlijst","winterprotocol-v1-technisch","Volgens de vaste telregel worden tijdens ieder volledig regulier winterbezoek alle waargenomen vogels genoteerd; tellingtype blijft modelcovariaat."
164,"Winterkoning","Troglodytes troglodytes","164","Winterkoningen","overige_vogels","alle_volledige_bezoeken","Alle vogelsoorten; Watervogels en wetlandsoorten","standaard alle vogelsoorten","winterprotocol-v1-technisch","Volgens de vaste telregel worden tijdens ieder volledig regulier winterbezoek alle waargenomen vogels genoteerd; tellingtype blijft modelcovariaat."
35,"Wintertaling","Anas crecca","35","Eenden","water_wetland","alle_volledige_bezoeken","Alle vogelsoorten; Watervogels en wetlandsoorten","bestaande EVG-water/rietgroep","winterprotocol-v1-technisch","Volgens de vaste telregel worden tijdens ieder volledig regulier winterbezoek alle waargenomen vogels genoteerd; tellingtype blijft modelcovariaat."
100,"Witgat","Tringa ochropus","100",,"water_wetland","alle_volledige_bezoeken","Alle vogelsoorten; Watervogels en wetlandsoorten","expliciete water-/wetlandlijst","winterprotocol-v1-technisch","Volgens de vaste telregel worden tijdens ieder volledig regulier winterbezoek alle waargenomen vogels genoteerd; tellingtype blijft modelcovariaat."
637,"Witkopstaartmees","Aegithalos caudatus caudatus","637",,"overige_vogels","alle_volledige_bezoeken","Alle vogelsoorten; Watervogels en wetlandsoorten","standaard alle vogelsoorten","winterprotocol-v1-technisch","Volgens de vaste telregel worden tijdens ieder volledig regulier winterbezoek alle waargenomen vogels genoteerd; tellingtype blijft modelcovariaat."
162,"Witte Kwikstaart","Motacilla alba alba","162","Kwikstaarten","overige_vogels","alle_volledige_bezoeken","Alle vogelsoorten; Watervogels en wetlandsoorten","standaard alle vogelsoorten","winterprotocol-v1-technisch","Volgens de vaste telregel worden tijdens ieder volledig regulier winterbezoek alle waargenomen vogels genoteerd; tellingtype blijft modelcovariaat."
161,"Witte Kwikstaart (spec)","Motacilla alba","161","Kwikstaarten","overige_vogels","alle_volledige_bezoeken","Alle vogelsoorten; Watervogels en wetlandsoorten","standaard alle vogelsoorten","winterprotocol-v1-technisch","Volgens de vaste telregel worden tijdens ieder volledig regulier winterbezoek alle waargenomen vogels genoteerd; tellingtype blijft modelcovariaat."
97,"Wulp","Numenius arquata","97","Strandlopers","water_wetland","alle_volledige_bezoeken","Alle vogelsoorten; Watervogels en wetlandsoorten","bestaande soortfamilie","winterprotocol-v1-technisch","Volgens de vaste telregel worden tijdens ieder volledig regulier winterbezoek alle waargenomen vogels genoteerd; tellingtype blijft modelcovariaat."
177,"Zanglijster","Turdus philomelos","177","Lijsters","overige_vogels","alle_volledige_bezoeken","Alle vogelsoorten; Watervogels en wetlandsoorten","standaard alle vogelsoorten","winterprotocol-v1-technisch","Volgens de vaste telregel worden tijdens ieder volledig regulier winterbezoek alle waargenomen vogels genoteerd; tellingtype blijft modelcovariaat."
108,"Zilvermeeuw","Larus argentatus","108","Meeuwen","water_wetland","alle_volledige_bezoeken","Alle vogelsoorten; Watervogels en wetlandsoorten","bestaande soortfamilie","winterprotocol-v1-technisch","Volgens de vaste telregel worden tijdens ieder volledig regulier winterbezoek alle waargenomen vogels genoteerd; tellingtype blijft modelcovariaat."
39,"Zomertaling","Spatula querquedula","39","Eenden","water_wetland","alle_volledige_bezoeken","Alle vogelsoorten; Watervogels en wetlandsoorten","bestaande EVG-water/rietgroep","winterprotocol-v1-technisch","Volgens de vaste telregel worden tijdens ieder volledig regulier winterbezoek alle waargenomen vogels genoteerd; tellingtype blijft modelcovariaat."
226,"Zwarte Kraai","Corvus corone","226","Kraaien","overige_vogels","alle_volledige_bezoeken","Alle vogelsoorten; Watervogels en wetlandsoorten","standaard alle vogelsoorten","winterprotocol-v1-technisch","Volgens de vaste telregel worden tijdens ieder volledig regulier winterbezoek alle waargenomen vogels genoteerd; tellingtype blijft modelcovariaat."
212,"Zwarte Mees","Periparus ater","212","Mezen","overige_vogels","alle_volledige_bezoeken","Alle vogelsoorten; Watervogels en wetlandsoorten","standaard alle vogelsoorten","winterprotocol-v1-technisch","Volgens de vaste telregel worden tijdens ieder volledig regulier winterbezoek alle waargenomen vogels genoteerd; tellingtype blijft modelcovariaat."
290,"Zwarte Ooievaar","Ciconia nigra","290",,"water_wetland","alle_volledige_bezoeken","Alle vogelsoorten; Watervogels en wetlandsoorten","expliciete water-/wetlandlijst","winterprotocol-v1-technisch","Volgens de vaste telregel worden tijdens ieder volledig regulier winterbezoek alle waargenomen vogels genoteerd; tellingtype blijft modelcovariaat."
169,"Zwarte Roodstaart","Phoenicurus ochruros","169","Vliegenvangers","overige_vogels","alle_volledige_bezoeken","Alle vogelsoorten; Watervogels en wetlandsoorten","standaard alle vogelsoorten","winterprotocol-v1-technisch","Volgens de vaste telregel worden tijdens ieder volledig regulier winterbezoek alle waargenomen vogels genoteerd; tellingtype blijft modelcovariaat."
426,"Zwarte ruiter","Tringa erythropus","426",,"water_wetland","alle_volledige_bezoeken","Alle vogelsoorten; Watervogels en wetlandsoorten","expliciete water-/wetlandlijst","winterprotocol-v1-technisch","Volgens de vaste telregel worden tijdens ieder volledig regulier winterbezoek alle waargenomen vogels genoteerd; tellingtype blijft modelcovariaat."
143,"Zwarte Specht","Dryocopus martius","143","Spechten","overige_vogels","alle_volledige_bezoeken","Alle vogelsoorten; Watervogels en wetlandsoorten","standaard alle vogelsoorten","winterprotocol-v1-technisch","Volgens de vaste telregel worden tijdens ieder volledig regulier winterbezoek alle waargenomen vogels genoteerd; tellingtype blijft modelcovariaat."
120,"Zwarte Stern","Chlidonias niger","120",,"water_wetland","alle_volledige_bezoeken","Alle vogelsoorten; Watervogels en wetlandsoorten","bestaande EVG-water/rietgroep","winterprotocol-v1-technisch","Volgens de vaste telregel worden tijdens ieder volledig regulier winterbezoek alle waargenomen vogels genoteerd; tellingtype blijft modelcovariaat."
629,"Zwarte zee-eend","Melanitta nigra","629",,"water_wetland","alle_volledige_bezoeken","Alle vogelsoorten; Watervogels en wetlandsoorten","expliciete water-/wetlandlijst","winterprotocol-v1-technisch","Volgens de vaste telregel worden tijdens ieder volledig regulier winterbezoek alle waargenomen vogels genoteerd; tellingtype blijft modelcovariaat."
195,"Zwartkop","Sylvia atricapilla","195","Grasmussen","overige_vogels","alle_volledige_bezoeken","Alle vogelsoorten; Watervogels en wetlandsoorten","standaard alle vogelsoorten","winterprotocol-v1-technisch","Volgens de vaste telregel worden tijdens ieder volledig regulier winterbezoek alle waargenomen vogels genoteerd; tellingtype blijft modelcovariaat."
