"soort_id","soort_naam","soortgroep","protocolgroep","telkarakteristiek","bron_soort_ids","voorlopige_klasse","geldige_bezoeken","detecties","winters","plots","maximum_bezoektotaal","pct_nul","trend_aantal_pct_per_jaar","trend_aantal_laag","trend_aantal_hoog","trend_detectie_pct_per_jaar","trend_detectie_laag","trend_detectie_hoog","trend_getrimd_pct_per_jaar","trend_vanaf_2012_pct_per_jaar","zelfde_trendrichting","robuust_tegen_extremen","robuust_met_telduur","modellen_geconvergeerd","voorspellingen_geldig","model_getest","advies","reden_status"
5,"Aalscholver","water_wetland","alle_volledige_bezoeken","water- of wetlandsoort","5","kansrijk",3763,958,25,50,535,74.541589157587,3.41858567964779,1.90751596317587,4.95206131649231,3.16736193513101,1.65933531220459,4.69775880362782,3.31028290074473,-0.670862571592079,TRUE,TRUE,FALSE,TRUE,TRUE,TRUE,"indicatief","kernmodellen bruikbaar; minimaal één gevoeligheidscontrole vraagt terughoudendheid"
248,"Appelvink","overige_vogels","alle_volledige_bezoeken","overige vogelsoort","248","alleen_beschrijvend",3763,28,25,50,7,99.2559128355036,,,,,,,,,FALSE,FALSE,FALSE,FALSE,FALSE,FALSE,"alleen_beschrijvend","onvoldoende winters of positieve bezoeken voor volledige modelvalidatie"
206,"Baardmannetje","water_wetland","alle_volledige_bezoeken","water- of wetlandsoort","206","alleen_beschrijvend",3763,51,25,50,36,98.644698378953,,,,,,,,,FALSE,FALSE,FALSE,FALSE,FALSE,FALSE,"alleen_beschrijvend","onvoldoende winters of positieve bezoeken voor volledige modelvalidatie"
240,"Barmsijs","overige_vogels","alle_volledige_bezoeken","overige vogelsoort","240","alleen_beschrijvend",3763,25,25,50,18,99.3356364602711,,,,,,,,,FALSE,FALSE,FALSE,FALSE,FALSE,FALSE,"alleen_beschrijvend","onvoldoende winters of positieve bezoeken voor volledige modelvalidatie"
174,"Beflijster","overige_vogels","alle_volledige_bezoeken","overige vogelsoort","174","alleen_beschrijvend",3763,24,25,50,15,99.3622110018602,,,,,,,,,FALSE,FALSE,FALSE,FALSE,FALSE,FALSE,"alleen_beschrijvend","onvoldoende winters of positieve bezoeken voor volledige modelvalidatie"
29,"Bergeend","water_wetland","alle_volledige_bezoeken","water- of wetlandsoort","29","alleen_beschrijvend",3763,16,25,50,2,99.5748073345735,,,,,,,,,FALSE,FALSE,FALSE,FALSE,FALSE,FALSE,"alleen_beschrijvend","onvoldoende winters of positieve bezoeken voor volledige modelvalidatie"
525,"Bladkoning","overige_vogels","alle_volledige_bezoeken","overige vogelsoort","525","alleen_beschrijvend",3763,35,25,50,4,99.0698910443795,,,,,,,,,FALSE,FALSE,FALSE,FALSE,FALSE,FALSE,"alleen_beschrijvend","onvoldoende winters of positieve bezoeken voor volledige modelvalidatie"
168,"Blauwborst","water_wetland","alle_volledige_bezoeken","water- of wetlandsoort","168","alleen_beschrijvend",3763,13,25,50,6,99.654530959341,,,,,,,,,FALSE,FALSE,FALSE,FALSE,FALSE,FALSE,"alleen_beschrijvend","onvoldoende winters of positieve bezoeken voor volledige modelvalidatie"
58,"Blauwe Kiekendief","overige_vogels","alle_volledige_bezoeken","overige vogelsoort","58","alleen_beschrijvend",3763,91,25,50,2,97.5817167153867,,,,,,,,,FALSE,FALSE,FALSE,FALSE,FALSE,FALSE,"alleen_beschrijvend","onvoldoende winters of positieve bezoeken voor volledige modelvalidatie"
11,"Blauwe Reiger","water_wetland","alle_volledige_bezoeken","water- of wetlandsoort","11","kansrijk",3763,1266,25,50,21,66.3566303481265,0.0550685130704887,-0.72551879621443,0.841793517964873,-0.808964085431452,-2.059380071743,0.457416065084582,0.359765572998683,-3.32161724856154,TRUE,TRUE,FALSE,TRUE,TRUE,TRUE,"indicatief","kernmodellen bruikbaar; minimaal één gevoeligheidscontrole vraagt terughoudendheid"
152,"Boerenzwaluw","overige_vogels","alle_volledige_bezoeken","overige vogelsoort","152","alleen_beschrijvend",3763,69,25,50,60,98.1663566303481,,,,,,,,,FALSE,FALSE,FALSE,FALSE,FALSE,FALSE,"alleen_beschrijvend","onvoldoende winters of positieve bezoeken voor volledige modelvalidatie"
92,"Bokje","water_wetland","alle_volledige_bezoeken","water- of wetlandsoort","92","nader_beoordelen",3763,131,25,50,9,96.5187350518204,2.8841757015925,0.177759327145988,5.66370899980602,3.27391145721403,0.466400847904125,6.15987730882248,2.60491483945338,8.88755067322677,TRUE,TRUE,FALSE,TRUE,TRUE,TRUE,"indicatief","kernmodellen bruikbaar; minimaal één gevoeligheidscontrole vraagt terughoudendheid"
85,"Bontbekplevier","water_wetland","alle_volledige_bezoeken","water- of wetlandsoort","85","alleen_beschrijvend",3763,4,25,50,8,99.8937018336434,,,,,,,,,FALSE,FALSE,FALSE,FALSE,FALSE,FALSE,"alleen_beschrijvend","onvoldoende winters of positieve bezoeken voor volledige modelvalidatie"
227,"Bonte Kraai","overige_vogels","alle_volledige_bezoeken","overige vogelsoort","227","alleen_beschrijvend",3763,3,25,50,6,99.9202763752325,,,,,,,,,FALSE,FALSE,FALSE,FALSE,FALSE,FALSE,"alleen_beschrijvend","onvoldoende winters of positieve bezoeken voor volledige modelvalidatie"
90,"Bonte Strandloper","water_wetland","alle_volledige_bezoeken","water- of wetlandsoort","90","alleen_beschrijvend",3763,12,25,50,12,99.6811055009301,,,,,,,,,FALSE,FALSE,FALSE,FALSE,FALSE,FALSE,"alleen_beschrijvend","onvoldoende winters of positieve bezoeken voor volledige modelvalidatie"
205,"Bonte Vliegenvanger","overige_vogels","alle_volledige_bezoeken","overige vogelsoort","205","alleen_beschrijvend",3763,9,25,50,2,99.7608291256976,,,,,,,,,FALSE,FALSE,FALSE,FALSE,FALSE,FALSE,"alleen_beschrijvend","onvoldoende winters of positieve bezoeken voor volledige modelvalidatie"
215,"Boomklever","overige_vogels","alle_volledige_bezoeken","overige vogelsoort","215","nader_beoordelen",3763,213,25,50,9,94.3396226415094,1.68359600245593,-0.443002007415216,3.85561943883428,2.71154105695184,-0.570794363879878,6.10223222442678,1.6469123207046,-2.96381883322452,TRUE,TRUE,FALSE,FALSE,FALSE,TRUE,"alleen_beschrijvend","minimaal één kernmodel, Hessiaan of voorspelling is niet stabiel"
217,"Boomkruiper","overige_vogels","alle_volledige_bezoeken","overige vogelsoort","217","kansrijk",3763,1154,25,50,17,69.3329790061122,4.07229910484377,3.1510759601151,5.00174952276842,5.21091835421992,3.83986639897695,6.60007302404797,3.9839991538023,-0.0529656998250361,TRUE,TRUE,FALSE,TRUE,TRUE,TRUE,"indicatief","kernmodellen bruikbaar; minimaal één gevoeligheidscontrole vraagt terughoudendheid"
148,"Boomleeuwerik","overige_vogels","alle_volledige_bezoeken","overige vogelsoort","148","kansrijk",3763,1071,25,50,50,71.5386659580122,6.79182768865325,5.60812847351808,7.98879429004138,8.26186418139963,6.65890294931861,9.88891608608744,6.56292762104118,5.85802646084441,TRUE,TRUE,TRUE,TRUE,TRUE,TRUE,"betrouwbaar","kernmodellen en gevoeligheidscontroles groen"
155,"Boompieper","overige_vogels","alle_volledige_bezoeken","overige vogelsoort","155","alleen_beschrijvend",3763,73,25,50,7,98.0600584639915,,,,,,,,,FALSE,FALSE,FALSE,FALSE,FALSE,FALSE,"alleen_beschrijvend","onvoldoende winters of positieve bezoeken voor volledige modelvalidatie"
66,"Boomvalk","overige_vogels","alle_volledige_bezoeken","overige vogelsoort","66","alleen_beschrijvend",3763,43,25,50,3,98.8572947116662,,,,,,,,,FALSE,FALSE,FALSE,FALSE,FALSE,FALSE,"alleen_beschrijvend","onvoldoende winters of positieve bezoeken voor volledige modelvalidatie"
187,"Bosrietzanger","overige_vogels","alle_volledige_bezoeken","overige vogelsoort","187","alleen_beschrijvend",3763,2,25,50,2,99.9468509168217,,,,,,,,,FALSE,FALSE,FALSE,FALSE,FALSE,FALSE,"alleen_beschrijvend","onvoldoende winters of positieve bezoeken voor volledige modelvalidatie"
101,"Bosruiter","water_wetland","alle_volledige_bezoeken","water- of wetlandsoort","101","alleen_beschrijvend",3763,3,25,50,1,99.9202763752325,,,,,,,,,FALSE,FALSE,FALSE,FALSE,FALSE,FALSE,"alleen_beschrijvend","onvoldoende winters of positieve bezoeken voor volledige modelvalidatie"
131,"Bosuil","overige_vogels","alle_volledige_bezoeken","overige vogelsoort","131","alleen_beschrijvend",3763,23,25,50,2,99.3887855434494,,,,,,,,,FALSE,FALSE,FALSE,FALSE,FALSE,FALSE,"alleen_beschrijvend","onvoldoende winters of positieve bezoeken voor volledige modelvalidatie"
192,"Braamsluiper","overige_vogels","alle_volledige_bezoeken","overige vogelsoort","192","alleen_beschrijvend",3763,35,25,50,6,99.0698910443795,,,,,,,,,FALSE,FALSE,FALSE,FALSE,FALSE,FALSE,"alleen_beschrijvend","onvoldoende winters of positieve bezoeken voor volledige modelvalidatie"
26,"Brandgans","water_wetland","alle_volledige_bezoeken","water- of wetlandsoort","26","alleen_beschrijvend",3763,7,25,50,16,99.8139782088759,,,,,,,,,FALSE,FALSE,FALSE,FALSE,FALSE,FALSE,"alleen_beschrijvend","onvoldoende winters of positieve bezoeken voor volledige modelvalidatie"
47,"Brilduiker","water_wetland","alle_volledige_bezoeken","water- of wetlandsoort","47","nader_beoordelen",3763,263,25,50,15,93.0108955620516,-8.00754370420769,-10.1916424356683,-5.77032867713563,-8.62971884413547,-10.8787155658339,-6.32396815747428,-7.12760469598354,-2.2454887862431,TRUE,TRUE,FALSE,TRUE,TRUE,TRUE,"indicatief","kernmodellen bruikbaar; minimaal één gevoeligheidscontrole vraagt terughoudendheid"
635,"Bruine boszanger","overige_vogels","alle_volledige_bezoeken","overige vogelsoort","635","alleen_beschrijvend",3763,2,25,50,1,99.9468509168217,,,,,,,,,FALSE,FALSE,FALSE,FALSE,FALSE,FALSE,"alleen_beschrijvend","onvoldoende winters of positieve bezoeken voor volledige modelvalidatie"
57,"Bruine Kiekendief","water_wetland","alle_volledige_bezoeken","water- of wetlandsoort","57","alleen_beschrijvend",3763,15,25,50,3,99.6013818761626,,,,,,,,,FALSE,FALSE,FALSE,FALSE,FALSE,FALSE,"alleen_beschrijvend","onvoldoende winters of positieve bezoeken voor volledige modelvalidatie"
62,"Buizerd","overige_vogels","alle_volledige_bezoeken","overige vogelsoort","62","kansrijk",3763,2025,25,50,8,46.1865532819559,-1.00305421154386,-1.55390535882542,-0.449120798911218,-1.56315510623061,-2.64053905235858,-0.47384878341652,,-3.94220824121241,TRUE,FALSE,TRUE,TRUE,TRUE,TRUE,"indicatief","kernmodellen bruikbaar; minimaal één gevoeligheidscontrole vraagt terughoudendheid"
180,"Cetti's Zanger","water_wetland","alle_volledige_bezoeken","water- of wetlandsoort","180","alleen_beschrijvend",3763,277,25,50,15,92.6388519798033,,,,,,,,,FALSE,FALSE,FALSE,FALSE,FALSE,FALSE,"alleen_beschrijvend","onvoldoende winters of positieve bezoeken voor volledige modelvalidatie"
1,"Dodaars","water_wetland","alle_volledige_bezoeken","water- of wetlandsoort","1","kansrijk",3763,1319,25,50,26,64.9481796439011,2.3089884049613,1.48915763897459,3.13544177478566,4.23787195086613,2.73050986555516,5.76735152064405,2.36628528520635,-0.929555884939726,TRUE,TRUE,FALSE,TRUE,TRUE,TRUE,"indicatief","kernmodellen bruikbaar; minimaal één gevoeligheidscontrole vraagt terughoudendheid"
141,"Draaihals","overige_vogels","alle_volledige_bezoeken","overige vogelsoort","141","alleen_beschrijvend",3763,4,25,50,1,99.8937018336434,,,,,,,,,FALSE,FALSE,FALSE,FALSE,FALSE,FALSE,"alleen_beschrijvend","onvoldoende winters of positieve bezoeken voor volledige modelvalidatie"
442,"Drieteenmeeuw","overige_vogels","alle_volledige_bezoeken","overige vogelsoort","442","alleen_beschrijvend",3763,3,25,50,2,99.9202763752325,,,,,,,,,FALSE,FALSE,FALSE,FALSE,FALSE,FALSE,"alleen_beschrijvend","onvoldoende winters of positieve bezoeken voor volledige modelvalidatie"
89,"Drieteenstrandloper","water_wetland","alle_volledige_bezoeken","water- of wetlandsoort","89","alleen_beschrijvend",3763,11,25,50,110,99.7076800425193,,,,,,,,,FALSE,FALSE,FALSE,FALSE,FALSE,FALSE,"alleen_beschrijvend","onvoldoende winters of positieve bezoeken voor volledige modelvalidatie"
154,"Duinpieper","overige_vogels","alle_volledige_bezoeken","overige vogelsoort","154","alleen_beschrijvend",3763,2,25,50,1,99.9468509168217,,,,,,,,,FALSE,FALSE,FALSE,FALSE,FALSE,FALSE,"alleen_beschrijvend","onvoldoende winters of positieve bezoeken voor volledige modelvalidatie"
642,"Dwerggors","overige_vogels","alle_volledige_bezoeken","overige vogelsoort","642","alleen_beschrijvend",3763,1,25,50,1,99.9734254584108,,,,,,,,,FALSE,FALSE,FALSE,FALSE,FALSE,FALSE,"alleen_beschrijvend","onvoldoende winters of positieve bezoeken voor volledige modelvalidatie"
104,"Dwergmeeuw","overige_vogels","alle_volledige_bezoeken","overige vogelsoort","104","alleen_beschrijvend",3763,1,25,50,1,99.9734254584108,,,,,,,,,FALSE,FALSE,FALSE,FALSE,FALSE,FALSE,"alleen_beschrijvend","onvoldoende winters of positieve bezoeken voor volledige modelvalidatie"
223,"Ekster","overige_vogels","alle_volledige_bezoeken","overige vogelsoort","223","kansrijk",3763,1898,25,50,34,49.5615200637789,-8.51058584484796,-9.19461358254612,-7.82140539579204,-14.792440372635,-16.0226261789104,-13.5442335560672,-8.34980807516994,-13.9288223241289,TRUE,TRUE,FALSE,TRUE,TRUE,TRUE,"indicatief","kernmodellen bruikbaar; minimaal één gevoeligheidscontrole vraagt terughoudendheid"
56,"Europese Zeearend","overige_vogels","alle_volledige_bezoeken","overige vogelsoort","56","alleen_beschrijvend",3763,2,25,50,1,99.9468509168217,,,,,,,,,FALSE,FALSE,FALSE,FALSE,FALSE,FALSE,"alleen_beschrijvend","onvoldoende winters of positieve bezoeken voor volledige modelvalidatie"
200,"Fitis","overige_vogels","alle_volledige_bezoeken","overige vogelsoort","200","nader_beoordelen",3763,163,25,50,19,95.6683497209673,-11.8181763226713,-14.4878446657955,-9.06516159406039,-10.9788365432257,-13.7466841544365,-8.1221693854991,-10.4750147159663,-5.56875459636836,TRUE,TRUE,FALSE,TRUE,FALSE,TRUE,"alleen_beschrijvend","minimaal één kernmodel, Hessiaan of voorspelling is niet stabiel"
640,"Frater","overige_vogels","alle_volledige_bezoeken","overige vogelsoort","640","alleen_beschrijvend",3763,8,25,50,11,99.7874036672867,,,,,,,,,FALSE,FALSE,FALSE,FALSE,FALSE,FALSE,"alleen_beschrijvend","onvoldoende winters of positieve bezoeken voor volledige modelvalidatie"
2,"Fuut","water_wetland","alle_volledige_bezoeken","water- of wetlandsoort","2","kansrijk",3763,869,25,50,29,76.906723359022,2.51533598631577,1.44617725559122,3.5957627650083,3.75118710681335,2.137649913761,5.39021443279475,2.32882241191292,-8.5663349370025,TRUE,TRUE,FALSE,TRUE,TRUE,TRUE,"indicatief","kernmodellen bruikbaar; minimaal één gevoeligheidscontrole vraagt terughoudendheid"
222,"Gaai","overige_vogels","alle_volledige_bezoeken","overige vogelsoort","222","kansrijk",3763,2876,25,50,27,23.5716183895828,-1.42709311813601,-1.86569778711762,-0.986528135061238,-4.33823090516312,-5.67424217193097,-2.98329664062637,-1.37288299597875,-0.682388244830612,TRUE,TRUE,TRUE,TRUE,TRUE,TRUE,"betrouwbaar","kernmodellen en gevoeligheidscontroles groen"
249,"Geelgors","overige_vogels","alle_volledige_bezoeken","overige vogelsoort","249","alleen_beschrijvend",3763,4,25,50,1,99.8937018336434,,,,,,,,,FALSE,FALSE,FALSE,FALSE,FALSE,FALSE,"alleen_beschrijvend","onvoldoende winters of positieve bezoeken voor volledige modelvalidatie"
170,"Gekraagde Roodstaart","overige_vogels","alle_volledige_bezoeken","overige vogelsoort","170","alleen_beschrijvend",3763,92,25,50,16,97.5551421737975,,,,,,,,,FALSE,FALSE,FALSE,FALSE,FALSE,FALSE,"alleen_beschrijvend","onvoldoende winters of positieve bezoeken voor volledige modelvalidatie"
158,"Gele Kwikstaart","overige_vogels","alle_volledige_bezoeken","overige vogelsoort","158;645","alleen_beschrijvend",3763,11,25,50,3,99.7076800425193,,,,,,,,,FALSE,FALSE,FALSE,FALSE,FALSE,FALSE,"alleen_beschrijvend","onvoldoende winters of positieve bezoeken voor volledige modelvalidatie"
4,"Geoorde Fuut","water_wetland","alle_volledige_bezoeken","water- of wetlandsoort","4","alleen_beschrijvend",3763,27,25,50,4,99.2824873770927,,,,,,,,,FALSE,FALSE,FALSE,FALSE,FALSE,FALSE,"alleen_beschrijvend","onvoldoende winters of positieve bezoeken voor volledige modelvalidatie"
71,"Gewone Fazant","overige_vogels","alle_volledige_bezoeken","overige vogelsoort","71","alleen_beschrijvend",3763,177,25,50,17,95.2963061387191,,,,,,,,,FALSE,FALSE,FALSE,FALSE,FALSE,FALSE,"alleen_beschrijvend","onvoldoende winters of positieve bezoeken voor volledige modelvalidatie"
136,"Gierzwaluw","overige_vogels","alle_volledige_bezoeken","overige vogelsoort","136","alleen_beschrijvend",3763,2,25,50,1,99.9468509168217,,,,,,,,,FALSE,FALSE,FALSE,FALSE,FALSE,FALSE,"alleen_beschrijvend","onvoldoende winters of positieve bezoeken voor volledige modelvalidatie"
208,"Glanskop","overige_vogels","alle_volledige_bezoeken","overige vogelsoort","208","kansrijk",3763,1171,25,50,18,68.8812117990965,-1.59632258689137,-2.56144383516476,-0.621641888431845,-2.57120680680166,-3.80633732861893,-1.32021715909649,-1.60794789854959,-13.5919605426274,TRUE,TRUE,FALSE,TRUE,TRUE,TRUE,"indicatief","kernmodellen bruikbaar; minimaal één gevoeligheidscontrole vraagt terughoudendheid"
201,"Goudhaan","overige_vogels","alle_volledige_bezoeken","overige vogelsoort","201","kansrijk",3763,1376,25,50,46,63.4334307733192,-0.865695121762589,-1.90915612136541,0.188865903231372,-0.893743640611977,-2.07657211207344,0.303372353489118,-0.842596122551698,-6.19306801073219,TRUE,TRUE,FALSE,TRUE,TRUE,TRUE,"indicatief","kernmodellen bruikbaar; minimaal één gevoeligheidscontrole vraagt terughoudendheid"
87,"Goudplevier","water_wetland","alle_volledige_bezoeken","water- of wetlandsoort","87","alleen_beschrijvend",3763,4,25,50,1,99.8937018336434,,,,,,,,,FALSE,FALSE,FALSE,FALSE,FALSE,FALSE,"alleen_beschrijvend","onvoldoende winters of positieve bezoeken voor volledige modelvalidatie"
246,"Goudvink","overige_vogels","alle_volledige_bezoeken","overige vogelsoort","246","kansrijk",3763,903,25,50,19,76.0031889449907,-10.4694901425067,-11.5342670822195,-9.391897506886,-13.2727802294491,-14.6496775869558,-11.8736703450355,-10.3291852099435,-21.9213893264995,TRUE,TRUE,FALSE,TRUE,TRUE,TRUE,"indicatief","kernmodellen bruikbaar; minimaal één gevoeligheidscontrole vraagt terughoudendheid"
193,"Grasmus","overige_vogels","alle_volledige_bezoeken","overige vogelsoort","193","alleen_beschrijvend",3763,57,25,50,5,98.485251129418,,,,,,,,,FALSE,FALSE,FALSE,FALSE,FALSE,FALSE,"alleen_beschrijvend","onvoldoende winters of positieve bezoeken voor volledige modelvalidatie"
643,"Grasparkiet","overige_vogels","alle_volledige_bezoeken","overige vogelsoort","643","alleen_beschrijvend",3763,1,25,50,1,99.9734254584108,,,,,,,,,FALSE,FALSE,FALSE,FALSE,FALSE,FALSE,"alleen_beschrijvend","onvoldoende winters of positieve bezoeken voor volledige modelvalidatie"
156,"Graspieper","overige_vogels","alle_volledige_bezoeken","overige vogelsoort","156","kansrijk",3763,950,25,50,155,74.7541854903003,-0.660227361115895,-1.7598282298063,0.451681324719355,-0.527441237661297,-1.99374332534875,0.960798651604433,-0.596536845026718,10.9314026247794,TRUE,TRUE,FALSE,TRUE,TRUE,TRUE,"indicatief","kernmodellen bruikbaar; minimaal één gevoeligheidscontrole vraagt terughoudendheid"
21,"Grauwe Gans","water_wetland","alle_volledige_bezoeken","water- of wetlandsoort","21","kansrijk",3763,493,25,50,535,86.8987509965453,14.4404319568902,11.4549667958207,17.5058666561884,9.70666465326873,7.56161315459367,11.8944939217914,13.2426585827831,5.90779760756011,TRUE,TRUE,FALSE,TRUE,TRUE,TRUE,"indicatief","kernmodellen bruikbaar; minimaal één gevoeligheidscontrole vraagt terughoudendheid"
203,"Grauwe Vliegenvanger","overige_vogels","alle_volledige_bezoeken","overige vogelsoort","203","alleen_beschrijvend",3763,11,25,50,2,99.7076800425193,,,,,,,,,FALSE,FALSE,FALSE,FALSE,FALSE,FALSE,"alleen_beschrijvend","onvoldoende winters of positieve bezoeken voor volledige modelvalidatie"
142,"Groene Specht","overige_vogels","alle_volledige_bezoeken","overige vogelsoort","142","kansrijk",3763,680,25,50,4,81.9293117193728,-4.28273228096577,-5.39172885923986,-3.16073606327545,-6.40502153368907,-7.92280637330374,-4.86221778625773,,-5.94956941076058,TRUE,FALSE,TRUE,TRUE,TRUE,TRUE,"indicatief","kernmodellen bruikbaar; minimaal één gevoeligheidscontrole vraagt terughoudendheid"
236,"Groenling","overige_vogels","alle_volledige_bezoeken","overige vogelsoort","236","kansrijk",3763,649,25,50,53,82.7531225086367,5.25205774805888,3.51558967074022,7.01765497774134,4.13716953201568,2.64112416627491,5.65502050203575,4.76228535144949,-0.366342500458539,TRUE,TRUE,FALSE,TRUE,TRUE,TRUE,"indicatief","kernmodellen bruikbaar; minimaal één gevoeligheidscontrole vraagt terughoudendheid"
99,"Groenpootruiter","water_wetland","alle_volledige_bezoeken","water- of wetlandsoort","99","alleen_beschrijvend",3763,5,25,50,3,99.8671272920542,,,,,,,,,FALSE,FALSE,FALSE,FALSE,FALSE,FALSE,"alleen_beschrijvend","onvoldoende winters of positieve bezoeken voor volledige modelvalidatie"
241,"Grote Barmsijs","overige_vogels","alle_volledige_bezoeken","overige vogelsoort","241","alleen_beschrijvend",3763,21,25,50,14,99.4419346266277,,,,,,,,,FALSE,FALSE,FALSE,FALSE,FALSE,FALSE,"alleen_beschrijvend","onvoldoende winters of positieve bezoeken voor volledige modelvalidatie"
144,"Grote Bonte Specht","overige_vogels","alle_volledige_bezoeken","overige vogelsoort","144","kansrijk",3763,1882,25,50,26,49.9867127292054,2.58803616475349,2.0504723557619,3.1284316593029,6.11393976926775,4.72948027823952,7.51670096557713,2.48181157554925,1.98419154433964,TRUE,TRUE,TRUE,TRUE,TRUE,TRUE,"betrouwbaar","kernmodellen en gevoeligheidscontroles groen"
25,"Grote Canadese Gans","water_wetland","alle_volledige_bezoeken","water- of wetlandsoort","25;644;646","nader_beoordelen",3763,198,25,50,36,94.7382407653468,11.0081264723959,6.83025793491829,15.3493811689436,7.23810139814227,4.19790007828031,10.3670072318029,9.25251142839969,-0.882022038360852,TRUE,TRUE,FALSE,TRUE,FALSE,TRUE,"alleen_beschrijvend","minimaal één kernmodel, Hessiaan of voorspelling is niet stabiel"
160,"Grote Gele Kwikstaart","water_wetland","alle_volledige_bezoeken","water- of wetlandsoort","160","alleen_beschrijvend",3763,55,25,50,3,98.5384002125963,,,,,,,,,FALSE,FALSE,FALSE,FALSE,FALSE,FALSE,"alleen_beschrijvend","onvoldoende winters of positieve bezoeken voor volledige modelvalidatie"
435,"Grote jager","overige_vogels","alle_volledige_bezoeken","overige vogelsoort","435","alleen_beschrijvend",3763,1,25,50,1,99.9734254584108,,,,,,,,,FALSE,FALSE,FALSE,FALSE,FALSE,FALSE,"alleen_beschrijvend","onvoldoende winters of positieve bezoeken voor volledige modelvalidatie"
244,"Grote Kruisbek","overige_vogels","alle_volledige_bezoeken","overige vogelsoort","244","alleen_beschrijvend",3763,1,25,50,4,99.9734254584108,,,,,,,,,FALSE,FALSE,FALSE,FALSE,FALSE,FALSE,"alleen_beschrijvend","onvoldoende winters of positieve bezoeken voor volledige modelvalidatie"
179,"Grote Lijster","overige_vogels","alle_volledige_bezoeken","overige vogelsoort","179","nader_beoordelen",3763,125,25,50,11,96.6781823013553,-6.00368721412839,-9.20920229335718,-2.68499627145623,-4.47093912004415,-7.39520609196628,-1.45432987336283,,-4.90936532055826,TRUE,FALSE,TRUE,TRUE,FALSE,TRUE,"alleen_beschrijvend","minimaal één kernmodel, Hessiaan of voorspelling is niet stabiel"
112,"Grote Mantelmeeuw","overige_vogels","alle_volledige_bezoeken","overige vogelsoort","112","alleen_beschrijvend",3763,32,25,50,26,99.149614669147,,,,,,,,,FALSE,FALSE,FALSE,FALSE,FALSE,FALSE,"alleen_beschrijvend","onvoldoende winters of positieve bezoeken voor volledige modelvalidatie"
631,"Grote Pieper","overige_vogels","alle_volledige_bezoeken","overige vogelsoort","631","alleen_beschrijvend",3763,1,25,50,1,99.9734254584108,,,,,,,,,FALSE,FALSE,FALSE,FALSE,FALSE,FALSE,"alleen_beschrijvend","onvoldoende winters of positieve bezoeken voor volledige modelvalidatie"
628,"Grote toppereend","water_wetland","alle_volledige_bezoeken","water- of wetlandsoort","628","alleen_beschrijvend",3763,5,25,50,2,99.8671272920542,,,,,,,,,FALSE,FALSE,FALSE,FALSE,FALSE,FALSE,"alleen_beschrijvend","onvoldoende winters of positieve bezoeken voor volledige modelvalidatie"
51,"Grote Zaagbek","water_wetland","alle_volledige_bezoeken","water- of wetlandsoort","51","nader_beoordelen",3763,210,25,50,20,94.4193462662769,21.5619031525208,17.3095990021201,25.9683472091298,19.308533395747,15.4759141500959,23.268356399777,20.6227970386437,11.8777727716419,TRUE,TRUE,FALSE,FALSE,FALSE,TRUE,"alleen_beschrijvend","minimaal één kernmodel, Hessiaan of voorspelling is niet stabiel"
363,"Grote zee-eend","water_wetland","alle_volledige_bezoeken","water- of wetlandsoort","363","alleen_beschrijvend",3763,1,25,50,1,99.9734254584108,,,,,,,,,FALSE,FALSE,FALSE,FALSE,FALSE,FALSE,"alleen_beschrijvend","onvoldoende winters of positieve bezoeken voor volledige modelvalidatie"
10,"Grote Zilverreiger","water_wetland","alle_volledige_bezoeken","water- of wetlandsoort","10","nader_beoordelen",3763,167,25,50,7,95.5620515546107,18.2624712641908,14.6382623949387,22.0012569741378,20.582948848991,16.4360786242741,24.8775098312792,17.4067223753206,12.9106983311878,TRUE,TRUE,FALSE,FALSE,FALSE,TRUE,"alleen_beschrijvend","minimaal één kernmodel, Hessiaan of voorspelling is niet stabiel"
95,"Grutto","water_wetland","alle_volledige_bezoeken","water- of wetlandsoort","95","alleen_beschrijvend",3763,2,25,50,2,99.9468509168217,,,,,,,,,FALSE,FALSE,FALSE,FALSE,FALSE,FALSE,"alleen_beschrijvend","onvoldoende winters of positieve bezoeken voor volledige modelvalidatie"
126,"Halsbandparkiet","overige_vogels","alle_volledige_bezoeken","overige vogelsoort","126","nader_beoordelen",3763,233,25,50,18,93.8081318097263,-7.6664099797291,-10.2881209534864,-4.9680829713622,-6.7953184821824,-10.1967966273413,-3.26500246557273,-7.20567057178182,-10.0203140307417,TRUE,TRUE,TRUE,FALSE,FALSE,TRUE,"alleen_beschrijvend","minimaal één kernmodel, Hessiaan of voorspelling is niet stabiel"
60,"Havik","overige_vogels","alle_volledige_bezoeken","overige vogelsoort","60","kansrijk",3763,722,25,50,3,80.8131809726282,-2.29814905811738,-3.34046531759796,-1.24459310884988,-2.68789937112021,-3.99829402483566,-1.35961822121133,-2.27064083324066,-6.68762149148292,TRUE,TRUE,FALSE,TRUE,TRUE,TRUE,"indicatief","kernmodellen bruikbaar; minimaal één gevoeligheidscontrole vraagt terughoudendheid"
165,"Heggenmus","overige_vogels","alle_volledige_bezoeken","overige vogelsoort","165","kansrijk",3763,1872,25,50,68,50.252458145097,-2.77099969204636,-3.41653693286199,-2.12114785827613,-2.95565185445867,-4.16841157834741,-1.72754451740698,-2.63759945576996,-4.16607720532225,TRUE,TRUE,TRUE,TRUE,TRUE,TRUE,"betrouwbaar","kernmodellen en gevoeligheidscontroles groen"
122,"Holenduif","overige_vogels","alle_volledige_bezoeken","overige vogelsoort","122","nader_beoordelen",3763,107,25,50,12,97.1565240499601,0.328059218753518,-3.79776180834805,4.63082414516189,-0.995654117437927,-4.10267427634133,2.21203177114024,-0.356965058420999,-4.24190392281075,TRUE,TRUE,FALSE,FALSE,FALSE,TRUE,"alleen_beschrijvend","minimaal één kernmodel, Hessiaan of voorspelling is niet stabiel"
123,"Houtduif","overige_vogels","alle_volledige_bezoeken","overige vogelsoort","123","kansrijk",3763,1393,25,50,506,62.9816635663035,-5.2524792421281,-6.62297663302214,-3.8618670196543,-8.82179036108756,-9.97067654239171,-7.65824296267216,-4.98961983352523,-12.6045641160597,TRUE,TRUE,FALSE,TRUE,TRUE,TRUE,"indicatief","kernmodellen bruikbaar; minimaal één gevoeligheidscontrole vraagt terughoudendheid"
94,"Houtsnip","overige_vogels","alle_volledige_bezoeken","overige vogelsoort","94","kansrijk",3763,975,25,50,35,74.0898219505713,1.95124799997011,0.946852196565984,2.96563728913379,2.34029374208919,1.03122160250579,3.66632766674708,1.81673614063276,9.25750079545935,TRUE,TRUE,FALSE,TRUE,TRUE,TRUE,"indicatief","kernmodellen bruikbaar; minimaal één gevoeligheidscontrole vraagt terughoudendheid"
231,"Huismus","overige_vogels","alle_volledige_bezoeken","overige vogelsoort","231","alleen_beschrijvend",3763,63,25,50,24,98.3258038798831,,,,,,,,,FALSE,FALSE,FALSE,FALSE,FALSE,FALSE,"alleen_beschrijvend","onvoldoende winters of positieve bezoeken voor volledige modelvalidatie"
153,"Huiszwaluw","overige_vogels","alle_volledige_bezoeken","overige vogelsoort","153","alleen_beschrijvend",3763,56,25,50,150,98.5118256710072,,,,,,,,,FALSE,FALSE,FALSE,FALSE,FALSE,FALSE,"alleen_beschrijvend","onvoldoende winters of positieve bezoeken voor volledige modelvalidatie"
639,"hybride Zwarte Kraai x Bonte Kraai","overige_vogels","alle_volledige_bezoeken","overige vogelsoort","639","alleen_beschrijvend",3763,3,25,50,2,99.9202763752325,,,,,,,,,FALSE,FALSE,FALSE,FALSE,FALSE,FALSE,"alleen_beschrijvend","onvoldoende winters of positieve bezoeken voor volledige modelvalidatie"
302,"IJsduiker","water_wetland","alle_volledige_bezoeken","water- of wetlandsoort","302","alleen_beschrijvend",3763,1,25,50,1,99.9734254584108,,,,,,,,,FALSE,FALSE,FALSE,FALSE,FALSE,FALSE,"alleen_beschrijvend","onvoldoende winters of positieve bezoeken voor volledige modelvalidatie"
362,"IJseend","water_wetland","alle_volledige_bezoeken","water- of wetlandsoort","362","alleen_beschrijvend",3763,1,25,50,1,99.9734254584108,,,,,,,,,FALSE,FALSE,FALSE,FALSE,FALSE,FALSE,"alleen_beschrijvend","onvoldoende winters of positieve bezoeken voor volledige modelvalidatie"
641,"IJsgors","overige_vogels","alle_volledige_bezoeken","overige vogelsoort","641","alleen_beschrijvend",3763,9,25,50,4,99.7608291256976,,,,,,,,,FALSE,FALSE,FALSE,FALSE,FALSE,FALSE,"alleen_beschrijvend","onvoldoende winters of positieve bezoeken voor volledige modelvalidatie"
137,"IJsvogel","water_wetland","alle_volledige_bezoeken","water- of wetlandsoort","137","nader_beoordelen",3763,195,25,50,5,94.8179643901143,5.7923425512252,3.28940039157748,8.3559368148719,6.54321520393903,3.83489394918286,9.32217749024049,5.49259225032572,-4.31368216750517,TRUE,TRUE,FALSE,FALSE,FALSE,TRUE,"alleen_beschrijvend","minimaal één kernmodel, Hessiaan of voorspelling is niet stabiel"
625,"Jan-van-gent","water_wetland","alle_volledige_bezoeken","water- of wetlandsoort","625","alleen_beschrijvend",3763,1,25,50,1,99.9734254584108,,,,,,,,,FALSE,FALSE,FALSE,FALSE,FALSE,FALSE,"alleen_beschrijvend","onvoldoende winters of positieve bezoeken voor volledige modelvalidatie"
415,"Kanoetstrandloper","water_wetland","alle_volledige_bezoeken","water- of wetlandsoort","415","alleen_beschrijvend",3763,2,25,50,2,99.9468509168217,,,,,,,,,FALSE,FALSE,FALSE,FALSE,FALSE,FALSE,"alleen_beschrijvend","onvoldoende winters of positieve bezoeken voor volledige modelvalidatie"
224,"Kauw","overige_vogels","alle_volledige_bezoeken","overige vogelsoort","224","kansrijk",3763,444,25,50,272,88.200903534414,-17.9202779576332,-20.209115206653,-15.5657843875177,-18.0519451785586,-20.4349397695301,-15.5975792695219,-17.8348955168729,-27.0250490747983,TRUE,TRUE,FALSE,TRUE,TRUE,TRUE,"indicatief","kernmodellen bruikbaar; minimaal één gevoeligheidscontrole vraagt terughoudendheid"
234,"Keep","overige_vogels","alle_volledige_bezoeken","overige vogelsoort","234","nader_beoordelen",3763,232,25,50,24,93.8347063513154,0.649510534638598,-2.28074746358633,3.66763670329353,1.19538276346864,-1.14724322591709,3.59352462014262,1.36413270034068,-1.99324228461774,TRUE,TRUE,TRUE,TRUE,TRUE,TRUE,"betrouwbaar","kernmodellen en gevoeligheidscontroles groen"
128,"Kerkuil","overige_vogels","alle_volledige_bezoeken","overige vogelsoort","128","alleen_beschrijvend",3763,3,25,50,1,99.9202763752325,,,,,,,,,FALSE,FALSE,FALSE,FALSE,FALSE,FALSE,"alleen_beschrijvend","onvoldoende winters of positieve bezoeken voor volledige modelvalidatie"
88,"Kievit","water_wetland","alle_volledige_bezoeken","water- of wetlandsoort","88","alleen_beschrijvend",3763,86,25,50,14,97.7145894233324,,,,,,,,,FALSE,FALSE,FALSE,FALSE,FALSE,FALSE,"alleen_beschrijvend","onvoldoende winters of positieve bezoeken voor volledige modelvalidatie"
220,"Klapekster","overige_vogels","alle_volledige_bezoeken","overige vogelsoort","220","alleen_beschrijvend",3763,42,25,50,2,98.8838692532554,,,,,,,,,FALSE,FALSE,FALSE,FALSE,FALSE,FALSE,"alleen_beschrijvend","onvoldoende winters of positieve bezoeken voor volledige modelvalidatie"
242,"Kleine Barmsijs","overige_vogels","alle_volledige_bezoeken","overige vogelsoort","242","alleen_beschrijvend",3763,29,25,50,14,99.2293382939144,,,,,,,,,FALSE,FALSE,FALSE,FALSE,FALSE,FALSE,"alleen_beschrijvend","onvoldoende winters of positieve bezoeken voor volledige modelvalidatie"
146,"Kleine Bonte Specht","overige_vogels","alle_volledige_bezoeken","overige vogelsoort","146","nader_beoordelen",3763,140,25,50,3,96.2795641775179,9.64728015747196,6.12311279577797,13.2884790994319,10.0403868428997,6.39119339298275,13.8147467883717,9.19232025420991,5.10224332292242,TRUE,TRUE,FALSE,FALSE,FALSE,TRUE,"alleen_beschrijvend","minimaal één kernmodel, Hessiaan of voorspelling is niet stabiel"
24,"Kleine Canadese Gans","water_wetland","alle_volledige_bezoeken","water- of wetlandsoort","24","alleen_beschrijvend",3763,1,25,50,2,99.9734254584108,,,,,,,,,FALSE,FALSE,FALSE,FALSE,FALSE,FALSE,"alleen_beschrijvend","onvoldoende winters of positieve bezoeken voor volledige modelvalidatie"
188,"Kleine Karekiet","water_wetland","alle_volledige_bezoeken","water- of wetlandsoort","188","alleen_beschrijvend",3763,38,25,50,4,98.990167419612,,,,,,,,,FALSE,FALSE,FALSE,FALSE,FALSE,FALSE,"alleen_beschrijvend","onvoldoende winters of positieve bezoeken voor volledige modelvalidatie"
107,"Kleine Mantelmeeuw","water_wetland","alle_volledige_bezoeken","water- of wetlandsoort","107","alleen_beschrijvend",3763,45,25,50,52,98.8041456284879,,,,,,,,,FALSE,FALSE,FALSE,FALSE,FALSE,FALSE,"alleen_beschrijvend","onvoldoende winters of positieve bezoeken voor volledige modelvalidatie"
84,"Kleine Plevier","water_wetland","alle_volledige_bezoeken","water- of wetlandsoort","84","alleen_beschrijvend",3763,5,25,50,2,99.8671272920542,,,,,,,,,FALSE,FALSE,FALSE,FALSE,FALSE,FALSE,"alleen_beschrijvend","onvoldoende winters of positieve bezoeken voor volledige modelvalidatie"
417,"Kleine strandloper","water_wetland","alle_volledige_bezoeken","water- of wetlandsoort","417","alleen_beschrijvend",3763,1,25,50,2,99.9734254584108,,,,,,,,,FALSE,FALSE,FALSE,FALSE,FALSE,FALSE,"alleen_beschrijvend","onvoldoende winters of positieve bezoeken voor volledige modelvalidatie"
9,"Kleine Zilverreiger","water_wetland","alle_volledige_bezoeken","water- of wetlandsoort","9","alleen_beschrijvend",3763,1,25,50,1,99.9734254584108,,,,,,,,,FALSE,FALSE,FALSE,FALSE,FALSE,FALSE,"alleen_beschrijvend","onvoldoende winters of positieve bezoeken voor volledige modelvalidatie"
344,"Kleine Zwaan","water_wetland","alle_volledige_bezoeken","water- of wetlandsoort","344","alleen_beschrijvend",3763,1,25,50,1,99.9734254584108,,,,,,,,,FALSE,FALSE,FALSE,FALSE,FALSE,FALSE,"alleen_beschrijvend","onvoldoende winters of positieve bezoeken voor volledige modelvalidatie"
239,"Kneu","overige_vogels","alle_volledige_bezoeken","overige vogelsoort","239","kansrijk",3763,334,25,50,65,91.1241031092214,-1.8012382300226,-4.07930031675935,0.530926536200083,-2.43284679714886,-4.38314715916839,-0.442766088996982,-1.48420288439317,-3.88994946198676,TRUE,TRUE,TRUE,TRUE,TRUE,TRUE,"betrouwbaar","kernmodellen en gevoeligheidscontroles groen"
17,"Knobbelzwaan","water_wetland","alle_volledige_bezoeken","water- of wetlandsoort","17","kansrijk",3763,981,25,50,18,73.9303747010364,-0.0178467733706889,-1.05976136343343,1.03503995530769,1.02528336300294,-0.312550542679413,2.38107137994943,0.131690182148914,-5.38631935552383,TRUE,TRUE,FALSE,TRUE,TRUE,TRUE,"indicatief","kernmodellen bruikbaar; minimaal één gevoeligheidscontrole vraagt terughoudendheid"
127,"Koekoek","overige_vogels","alle_volledige_bezoeken","overige vogelsoort","127","alleen_beschrijvend",3763,2,25,50,1,99.9468509168217,,,,,,,,,FALSE,FALSE,FALSE,FALSE,FALSE,FALSE,"alleen_beschrijvend","onvoldoende winters of positieve bezoeken voor volledige modelvalidatie"
105,"Kokmeeuw","water_wetland","alle_volledige_bezoeken","water- of wetlandsoort","105","alleen_beschrijvend",3763,42,25,50,100,98.8838692532554,,,,,,,,,FALSE,FALSE,FALSE,FALSE,FALSE,FALSE,"alleen_beschrijvend","onvoldoende winters of positieve bezoeken voor volledige modelvalidatie"
20,"Kolgans","water_wetland","alle_volledige_bezoeken","water- of wetlandsoort","20","alleen_beschrijvend",3763,10,25,50,95,99.7342545841084,,,,,,,,,FALSE,FALSE,FALSE,FALSE,FALSE,FALSE,"alleen_beschrijvend","onvoldoende winters of positieve bezoeken voor volledige modelvalidatie"
214,"Koolmees","overige_vogels","alle_volledige_bezoeken","overige vogelsoort","214","kansrijk",3763,3429,25,50,124,8.87589689077863,2.2144826979108,1.77903821737704,2.65179015434753,4.21353117769347,2.10010075158147,6.37070875129246,2.21100933698801,-3.4439768067941,TRUE,TRUE,FALSE,TRUE,TRUE,TRUE,"indicatief","kernmodellen bruikbaar; minimaal één gevoeligheidscontrole vraagt terughoudendheid"
178,"Koperwiek","overige_vogels","alle_volledige_bezoeken","overige vogelsoort","178","kansrijk",3763,1125,25,50,750,70.1036407121977,-1.9170813043383,-3.47688373581161,-0.332072645389148,0.0440526795952412,-1.28429805348211,1.39027813407229,-1.75031001497996,2.45934082123518,TRUE,TRUE,FALSE,TRUE,TRUE,TRUE,"indicatief","kernmodellen bruikbaar; minimaal één gevoeligheidscontrole vraagt terughoudendheid"
34,"Krakeend","water_wetland","alle_volledige_bezoeken","water- of wetlandsoort","34","kansrijk",3763,577,25,50,65,84.6664895030561,-1.09715781750213,-2.92182367467171,0.761804166936697,-1.1473040121459,-2.80942604066775,0.543243094294033,-1.00458141339088,0.59426909234046,TRUE,TRUE,TRUE,TRUE,TRUE,TRUE,"betrouwbaar","kernmodellen en gevoeligheidscontroles groen"
176,"Kramsvogel","overige_vogels","alle_volledige_bezoeken","overige vogelsoort","176","kansrijk",3763,993,25,50,710,73.6114802019665,-9.06157919069145,-10.9177050939662,-7.16677889793849,-6.39145666057397,-7.62024974337467,-5.14631873557414,-8.48577267879211,-21.6190164121979,TRUE,TRUE,FALSE,TRUE,TRUE,TRUE,"indicatief","kernmodellen bruikbaar; minimaal één gevoeligheidscontrole vraagt terughoudendheid"
421,"Krombekstrandloper","water_wetland","alle_volledige_bezoeken","water- of wetlandsoort","421","alleen_beschrijvend",3763,2,25,50,1,99.9468509168217,,,,,,,,,FALSE,FALSE,FALSE,FALSE,FALSE,FALSE,"alleen_beschrijvend","onvoldoende winters of positieve bezoeken voor volledige modelvalidatie"
41,"Krooneend","water_wetland","alle_volledige_bezoeken","water- of wetlandsoort","41","kansrijk",3763,374,25,50,201,90.0611214456551,7.53267682192982,4.66779769665042,10.4759710145277,5.65331686766641,3.52910313745169,7.82111528889926,7.07352105355288,-1.32305022138097,TRUE,TRUE,FALSE,TRUE,TRUE,TRUE,"indicatief","kernmodellen bruikbaar; minimaal één gevoeligheidscontrole vraagt terughoudendheid"
243,"Kruisbek","overige_vogels","alle_volledige_bezoeken","overige vogelsoort","243","alleen_beschrijvend",3763,32,25,50,38,99.149614669147,,,,,,,,,FALSE,FALSE,FALSE,FALSE,FALSE,FALSE,"alleen_beschrijvend","onvoldoende winters of positieve bezoeken voor volledige modelvalidatie"
44,"Kuifeend","water_wetland","alle_volledige_bezoeken","water- of wetlandsoort","44","kansrijk",3763,1540,25,50,200,59.0752059526973,2.33531569959764,1.42554505718937,3.25324683669512,0.466255191347709,-1.1438538432417,2.10258870670088,2.33004768256018,-0.401623412707619,TRUE,TRUE,TRUE,TRUE,TRUE,TRUE,"betrouwbaar","kernmodellen en gevoeligheidscontroles groen"
210,"Kuifmees","overige_vogels","alle_volledige_bezoeken","overige vogelsoort","210","nader_beoordelen",3763,222,25,50,12,94.100451767207,-4.90510963776061,-6.9150253026918,-2.85179533633332,-6.16206235638188,-8.8382957253855,-3.4072628273623,-4.52214207434131,2.67794348850421,TRUE,TRUE,FALSE,TRUE,TRUE,TRUE,"indicatief","kernmodellen bruikbaar; minimaal één gevoeligheidscontrole vraagt terughoudendheid"
32,"Mandarijneend","water_wetland","alle_volledige_bezoeken","water- of wetlandsoort","32","alleen_beschrijvend",3763,2,25,50,2,99.9468509168217,,,,,,,,,FALSE,FALSE,FALSE,FALSE,FALSE,FALSE,"alleen_beschrijvend","onvoldoende winters of positieve bezoeken voor volledige modelvalidatie"
209,"Matkop","overige_vogels","alle_volledige_bezoeken","overige vogelsoort","209","alleen_beschrijvend",3763,10,25,50,3,99.7342545841084,,,,,,,,,FALSE,FALSE,FALSE,FALSE,FALSE,FALSE,"alleen_beschrijvend","onvoldoende winters of positieve bezoeken voor volledige modelvalidatie"
78,"Meerkoet","water_wetland","alle_volledige_bezoeken","water- of wetlandsoort","78","kansrijk",3763,1926,25,50,1430,48.8174328992825,-0.620821039538033,-1.55009157823964,0.31722090126991,0.313937968486244,-1.37966366262168,2.03662372758862,-0.383018651146771,-3.30097082329004,FALSE,TRUE,TRUE,TRUE,TRUE,TRUE,"indicatief","kernmodellen bruikbaar; minimaal één gevoeligheidscontrole vraagt terughoudendheid"
175,"Merel","overige_vogels","alle_volledige_bezoeken","overige vogelsoort","175","kansrijk",3763,3352,25,50,100,10.9221365931438,-1.20204384790957,-1.68258757747954,-0.719151375931326,-5.1828855685231,-6.94082374949951,-3.3917389843279,-1.16391216083607,-6.50125247549776,TRUE,TRUE,FALSE,TRUE,TRUE,TRUE,"indicatief","kernmodellen bruikbaar; minimaal één gevoeligheidscontrole vraagt terughoudendheid"
50,"Middelste Zaagbek","water_wetland","alle_volledige_bezoeken","water- of wetlandsoort","50","alleen_beschrijvend",3763,7,25,50,2,99.8139782088759,,,,,,,,,FALSE,FALSE,FALSE,FALSE,FALSE,FALSE,"alleen_beschrijvend","onvoldoende winters of positieve bezoeken voor volledige modelvalidatie"
167,"Nachtegaal","overige_vogels","alle_volledige_bezoeken","overige vogelsoort","167","alleen_beschrijvend",3763,1,25,50,1,99.9734254584108,,,,,,,,,FALSE,FALSE,FALSE,FALSE,FALSE,FALSE,"alleen_beschrijvend","onvoldoende winters of positieve bezoeken voor volledige modelvalidatie"
27,"Nijlgans","water_wetland","alle_volledige_bezoeken","water- of wetlandsoort","27","kansrijk",3763,338,25,50,20,91.0178049428647,-2.44807034851667,-4.52509880032834,-0.325856752385101,-0.275119209879726,-2.2116721400789,1.69978428151152,-2.41340148145293,-7.38425991127044,TRUE,TRUE,FALSE,TRUE,TRUE,TRUE,"indicatief","kernmodellen bruikbaar; minimaal één gevoeligheidscontrole vraagt terughoudendheid"
49,"Nonnetje","water_wetland","alle_volledige_bezoeken","water- of wetlandsoort","49","nader_beoordelen",3763,255,25,50,37,93.2234918947648,-11.4818718219552,-14.0417370981778,-8.84577291779274,-12.1250038581018,-14.4572915161796,-9.72912731189509,-10.9931895524132,-16.942048445208,TRUE,TRUE,FALSE,TRUE,FALSE,TRUE,"alleen_beschrijvend","minimaal één kernmodel, Hessiaan of voorspelling is niet stabiel"
247,"Noordse Goudvink","overige_vogels","alle_volledige_bezoeken","overige vogelsoort","247","alleen_beschrijvend",3763,0,25,50,0,100,,,,,,,,,FALSE,FALSE,FALSE,FALSE,FALSE,FALSE,"alleen_beschrijvend","onvoldoende winters of positieve bezoeken voor volledige modelvalidatie"
638,"Noordse Kauw","overige_vogels","alle_volledige_bezoeken","overige vogelsoort","638","alleen_beschrijvend",3763,1,25,50,1,99.9734254584108,,,,,,,,,FALSE,FALSE,FALSE,FALSE,FALSE,FALSE,"alleen_beschrijvend","onvoldoende winters of positieve bezoeken voor volledige modelvalidatie"
102,"Oeverloper","water_wetland","alle_volledige_bezoeken","water- of wetlandsoort","102","alleen_beschrijvend",3763,13,25,50,5,99.654530959341,,,,,,,,,FALSE,FALSE,FALSE,FALSE,FALSE,FALSE,"alleen_beschrijvend","onvoldoende winters of positieve bezoeken voor volledige modelvalidatie"
498,"Oeverpieper","water_wetland","alle_volledige_bezoeken","water- of wetlandsoort","498","alleen_beschrijvend",3763,21,25,50,12,99.4419346266277,,,,,,,,,FALSE,FALSE,FALSE,FALSE,FALSE,FALSE,"alleen_beschrijvend","onvoldoende winters of positieve bezoeken voor volledige modelvalidatie"
151,"Oeverzwaluw","overige_vogels","alle_volledige_bezoeken","overige vogelsoort","151","alleen_beschrijvend",3763,7,25,50,20,99.8139782088759,,,,,,,,,FALSE,FALSE,FALSE,FALSE,FALSE,FALSE,"alleen_beschrijvend","onvoldoende winters of positieve bezoeken voor volledige modelvalidatie"
14,"Ooievaar","water_wetland","alle_volledige_bezoeken","water- of wetlandsoort","14","alleen_beschrijvend",3763,1,25,50,1,99.9734254584108,,,,,,,,,FALSE,FALSE,FALSE,FALSE,FALSE,FALSE,"alleen_beschrijvend","onvoldoende winters of positieve bezoeken voor volledige modelvalidatie"
171,"Paapje","overige_vogels","alle_volledige_bezoeken","overige vogelsoort","171","alleen_beschrijvend",3763,50,25,50,8,98.6712729205421,,,,,,,,,FALSE,FALSE,FALSE,FALSE,FALSE,FALSE,"alleen_beschrijvend","onvoldoende winters of positieve bezoeken voor volledige modelvalidatie"
634,"Pallas’ boszanger","overige_vogels","alle_volledige_bezoeken","overige vogelsoort","634","alleen_beschrijvend",3763,1,25,50,1,99.9734254584108,,,,,,,,,FALSE,FALSE,FALSE,FALSE,FALSE,FALSE,"alleen_beschrijvend","onvoldoende winters of positieve bezoeken voor volledige modelvalidatie"
69,"Patrijs","overige_vogels","alle_volledige_bezoeken","overige vogelsoort","69","alleen_beschrijvend",3763,1,25,50,1,99.9734254584108,,,,,,,,,FALSE,FALSE,FALSE,FALSE,FALSE,FALSE,"alleen_beschrijvend","onvoldoende winters of positieve bezoeken voor volledige modelvalidatie"
504,"Pestvogel","overige_vogels","alle_volledige_bezoeken","overige vogelsoort","504","alleen_beschrijvend",3763,8,25,50,11,99.7874036672867,,,,,,,,,FALSE,FALSE,FALSE,FALSE,FALSE,FALSE,"alleen_beschrijvend","onvoldoende winters of positieve bezoeken voor volledige modelvalidatie"
38,"Pijlstaart","water_wetland","alle_volledige_bezoeken","water- of wetlandsoort","38","alleen_beschrijvend",3763,32,25,50,10,99.149614669147,,,,,,,,,FALSE,FALSE,FALSE,FALSE,FALSE,FALSE,"alleen_beschrijvend","onvoldoende winters of positieve bezoeken voor volledige modelvalidatie"
213,"Pimpelmees","overige_vogels","alle_volledige_bezoeken","overige vogelsoort","213","kansrijk",3763,3128,25,50,96,16.8748339091151,1.3746804897717,0.849469428180671,1.90262678299837,0.954682852523892,-0.578825036292585,2.51184411745387,1.35560479056616,-1.92355194328708,TRUE,TRUE,FALSE,TRUE,TRUE,TRUE,"indicatief","kernmodellen bruikbaar; minimaal één gevoeligheidscontrole vraagt terughoudendheid"
73,"Porseleinhoen","water_wetland","alle_volledige_bezoeken","water- of wetlandsoort","73","alleen_beschrijvend",3763,1,25,50,1,99.9734254584108,,,,,,,,,FALSE,FALSE,FALSE,FALSE,FALSE,FALSE,"alleen_beschrijvend","onvoldoende winters of positieve bezoeken voor volledige modelvalidatie"
12,"Purperreiger","water_wetland","alle_volledige_bezoeken","water- of wetlandsoort","12","alleen_beschrijvend",3763,3,25,50,1,99.9202763752325,,,,,,,,,FALSE,FALSE,FALSE,FALSE,FALSE,FALSE,"alleen_beschrijvend","onvoldoende winters of positieve bezoeken voor volledige modelvalidatie"
237,"Putter","overige_vogels","alle_volledige_bezoeken","overige vogelsoort","237","nader_beoordelen",3763,294,25,50,45,92.1870847727877,5.32159844729392,2.486813757944,8.23479326513075,7.66056706693319,5.40607656692313,9.96327800717001,5.82786048621691,8.38717014716157,TRUE,TRUE,FALSE,TRUE,TRUE,TRUE,"indicatief","kernmodellen bruikbaar; minimaal één gevoeligheidscontrole vraagt terughoudendheid"
228,"Raaf","overige_vogels","alle_volledige_bezoeken","overige vogelsoort","228","alleen_beschrijvend",3763,8,25,50,2,99.7874036672867,,,,,,,,,FALSE,FALSE,FALSE,FALSE,FALSE,FALSE,"alleen_beschrijvend","onvoldoende winters of positieve bezoeken voor volledige modelvalidatie"
132,"Ransuil","overige_vogels","alle_volledige_bezoeken","overige vogelsoort","132","alleen_beschrijvend",3763,8,25,50,3,99.7874036672867,,,,,,,,,FALSE,FALSE,FALSE,FALSE,FALSE,FALSE,"alleen_beschrijvend","onvoldoende winters of positieve bezoeken voor volledige modelvalidatie"
96,"Regenwulp","water_wetland","alle_volledige_bezoeken","water- of wetlandsoort","96","alleen_beschrijvend",3763,15,25,50,10,99.6013818761626,,,,,,,,,FALSE,FALSE,FALSE,FALSE,FALSE,FALSE,"alleen_beschrijvend","onvoldoende winters of positieve bezoeken voor volledige modelvalidatie"
251,"Rietgors","water_wetland","alle_volledige_bezoeken","water- of wetlandsoort","251","kansrijk",3763,310,25,50,14,91.7618921073611,0.614322586872307,-1.10709825232268,2.36570806107392,-0.327263840944414,-2.38076087698373,1.76943011114243,0.476308378823198,0.873070295003786,FALSE,TRUE,TRUE,TRUE,TRUE,TRUE,"indicatief","kernmodellen bruikbaar; minimaal één gevoeligheidscontrole vraagt terughoudendheid"
232,"Ringmus","overige_vogels","alle_volledige_bezoeken","overige vogelsoort","232","alleen_beschrijvend",3763,16,25,50,17,99.5748073345735,,,,,,,,,FALSE,FALSE,FALSE,FALSE,FALSE,FALSE,"alleen_beschrijvend","onvoldoende winters of positieve bezoeken voor volledige modelvalidatie"
627,"Ringsnaveleend","overige_vogels","alle_volledige_bezoeken","overige vogelsoort","627","alleen_beschrijvend",3763,1,25,50,1,99.9734254584108,,,,,,,,,FALSE,FALSE,FALSE,FALSE,FALSE,FALSE,"alleen_beschrijvend","onvoldoende winters of positieve bezoeken voor volledige modelvalidatie"
55,"Rode Wouw","overige_vogels","alle_volledige_bezoeken","overige vogelsoort","55","alleen_beschrijvend",3763,6,25,50,1,99.840552750465,,,,,,,,,FALSE,FALSE,FALSE,FALSE,FALSE,FALSE,"alleen_beschrijvend","onvoldoende winters of positieve bezoeken voor volledige modelvalidatie"
225,"Roek","overige_vogels","alle_volledige_bezoeken","overige vogelsoort","225","alleen_beschrijvend",3763,1,25,50,1,99.9734254584108,,,,,,,,,FALSE,FALSE,FALSE,FALSE,FALSE,FALSE,"alleen_beschrijvend","onvoldoende winters of positieve bezoeken voor volledige modelvalidatie"
7,"Roerdomp","water_wetland","alle_volledige_bezoeken","water- of wetlandsoort","7","nader_beoordelen",3763,139,25,50,3,96.3061387191071,-4.11584403844919,-6.64806965526373,-1.51493032326567,-4.35485443015475,-7.0671878088334,-1.56335899683,-3.76486148890697,-7.15426055804121,TRUE,TRUE,FALSE,TRUE,FALSE,TRUE,"alleen_beschrijvend","minimaal één kernmodel, Hessiaan of voorspelling is niet stabiel"
166,"Roodborst","overige_vogels","alle_volledige_bezoeken","overige vogelsoort","166","kansrijk",3763,2978,25,50,153,20.8610151474887,1.29378969800116,0.766648018164418,1.82368901993559,3.11873029445879,1.68594867776484,4.57170017893045,1.36429676546548,-1.76736256865909,TRUE,TRUE,FALSE,TRUE,TRUE,TRUE,"indicatief","kernmodellen bruikbaar; minimaal één gevoeligheidscontrole vraagt terughoudendheid"
172,"Roodborsttapuit","overige_vogels","alle_volledige_bezoeken","overige vogelsoort","172","kansrijk",3763,408,25,50,16,89.1575870316237,1.28364713602376,-0.248336050257414,2.83915847602305,2.2695593731997,0.147403445644501,4.43668447245493,1.13923289601952,9.06491198049608,TRUE,TRUE,FALSE,TRUE,TRUE,TRUE,"indicatief","kernmodellen bruikbaar; minimaal één gevoeligheidscontrole vraagt terughoudendheid"
48,"Roodhalsfuut","water_wetland","alle_volledige_bezoeken","water- of wetlandsoort","48","alleen_beschrijvend",3763,2,25,50,3,99.9468509168217,,,,,,,,,FALSE,FALSE,FALSE,FALSE,FALSE,FALSE,"alleen_beschrijvend","onvoldoende winters of positieve bezoeken voor volledige modelvalidatie"
300,"Roodkeelduiker","water_wetland","alle_volledige_bezoeken","water- of wetlandsoort","300","alleen_beschrijvend",3763,2,25,50,1,99.9468509168217,,,,,,,,,FALSE,FALSE,FALSE,FALSE,FALSE,FALSE,"alleen_beschrijvend","onvoldoende winters of positieve bezoeken voor volledige modelvalidatie"
245,"Roodmus","overige_vogels","alle_volledige_bezoeken","overige vogelsoort","245","alleen_beschrijvend",3763,1,25,50,1,99.9734254584108,,,,,,,,,FALSE,FALSE,FALSE,FALSE,FALSE,FALSE,"alleen_beschrijvend","onvoldoende winters of positieve bezoeken voor volledige modelvalidatie"
424,"Rosse grutto","water_wetland","alle_volledige_bezoeken","water- of wetlandsoort","424","alleen_beschrijvend",3763,1,25,50,1,99.9734254584108,,,,,,,,,FALSE,FALSE,FALSE,FALSE,FALSE,FALSE,"alleen_beschrijvend","onvoldoende winters of positieve bezoeken voor volledige modelvalidatie"
52,"Rosse Stekelstaart","overige_vogels","alle_volledige_bezoeken","overige vogelsoort","52","alleen_beschrijvend",3763,3,25,50,1,99.9202763752325,,,,,,,,,FALSE,FALSE,FALSE,FALSE,FALSE,FALSE,"alleen_beschrijvend","onvoldoende winters of positieve bezoeken voor volledige modelvalidatie"
351,"Rotgans","overige_vogels","alle_volledige_bezoeken","overige vogelsoort","351","alleen_beschrijvend",3763,1,25,50,1,99.9734254584108,,,,,,,,,FALSE,FALSE,FALSE,FALSE,FALSE,FALSE,"alleen_beschrijvend","onvoldoende winters of positieve bezoeken voor volledige modelvalidatie"
163,"Rouwkwikstaart","overige_vogels","alle_volledige_bezoeken","overige vogelsoort","163","alleen_beschrijvend",3763,2,25,50,1,99.9468509168217,,,,,,,,,FALSE,FALSE,FALSE,FALSE,FALSE,FALSE,"alleen_beschrijvend","onvoldoende winters of positieve bezoeken voor volledige modelvalidatie"
381,"Ruigpootbuizerd","overige_vogels","alle_volledige_bezoeken","overige vogelsoort","381","alleen_beschrijvend",3763,23,25,50,2,99.3887855434494,,,,,,,,,FALSE,FALSE,FALSE,FALSE,FALSE,FALSE,"alleen_beschrijvend","onvoldoende winters of positieve bezoeken voor volledige modelvalidatie"
80,"Scholekster","water_wetland","alle_volledige_bezoeken","water- of wetlandsoort","80","alleen_beschrijvend",3763,27,25,50,24,99.2824873770927,,,,,,,,,FALSE,FALSE,FALSE,FALSE,FALSE,FALSE,"alleen_beschrijvend","onvoldoende winters of positieve bezoeken voor volledige modelvalidatie"
636,"Siberische tjiftjaf","overige_vogels","alle_volledige_bezoeken","overige vogelsoort","636","alleen_beschrijvend",3763,1,25,50,1,99.9734254584108,,,,,,,,,FALSE,FALSE,FALSE,FALSE,FALSE,FALSE,"alleen_beschrijvend","onvoldoende winters of positieve bezoeken voor volledige modelvalidatie"
238,"Sijs","overige_vogels","alle_volledige_bezoeken","overige vogelsoort","238","kansrijk",3763,454,25,50,100,87.9351581185225,-2.1521955974702,-4.77008379663512,0.53765883769028,0.236352975867415,-1.5489092011625,2.05398819229052,-1.87479946175304,-5.16271706121244,TRUE,TRUE,FALSE,TRUE,TRUE,TRUE,"indicatief","kernmodellen bruikbaar; minimaal één gevoeligheidscontrole vraagt terughoudendheid"
67,"Slechtvalk","overige_vogels","alle_volledige_bezoeken","overige vogelsoort","67","alleen_beschrijvend",3763,91,25,50,3,97.5817167153867,,,,,,,,,FALSE,FALSE,FALSE,FALSE,FALSE,FALSE,"alleen_beschrijvend","onvoldoende winters of positieve bezoeken voor volledige modelvalidatie"
40,"Slobeend","water_wetland","alle_volledige_bezoeken","water- of wetlandsoort","40","kansrijk",3763,342,25,50,200,90.9115067765081,4.2357940127248,0.828380484530356,7.7583583238271,3.01619306057261,1.05656539683687,5.01382063619333,4.10485782075314,19.305257345067,TRUE,TRUE,FALSE,TRUE,TRUE,TRUE,"indicatief","kernmodellen bruikbaar; minimaal één gevoeligheidscontrole vraagt terughoudendheid"
65,"Smelleken","overige_vogels","alle_volledige_bezoeken","overige vogelsoort","65","alleen_beschrijvend",3763,22,25,50,2,99.4153600850385,,,,,,,,,FALSE,FALSE,FALSE,FALSE,FALSE,FALSE,"alleen_beschrijvend","onvoldoende winters of positieve bezoeken voor volledige modelvalidatie"
33,"Smient","water_wetland","alle_volledige_bezoeken","water- of wetlandsoort","33","alleen_beschrijvend",3763,59,25,50,25,98.4321020462397,,,,,,,,,FALSE,FALSE,FALSE,FALSE,FALSE,FALSE,"alleen_beschrijvend","onvoldoende winters of positieve bezoeken voor volledige modelvalidatie"
564,"Sneeuwgors","overige_vogels","alle_volledige_bezoeken","overige vogelsoort","564","alleen_beschrijvend",3763,1,25,50,1,99.9734254584108,,,,,,,,,FALSE,FALSE,FALSE,FALSE,FALSE,FALSE,"alleen_beschrijvend","onvoldoende winters of positieve bezoeken voor volledige modelvalidatie"
37,"Soepeend","water_wetland","alle_volledige_bezoeken","water- of wetlandsoort","37","alleen_beschrijvend",3763,90,25,50,9,97.6082912569758,,,,,,,,,FALSE,FALSE,FALSE,FALSE,FALSE,FALSE,"alleen_beschrijvend","onvoldoende winters of positieve bezoeken voor volledige modelvalidatie"
22,"Soepgans","water_wetland","alle_volledige_bezoeken","water- of wetlandsoort","22","alleen_beschrijvend",3763,7,25,50,4,99.8139782088759,,,,,,,,,FALSE,FALSE,FALSE,FALSE,FALSE,FALSE,"alleen_beschrijvend","onvoldoende winters of positieve bezoeken voor volledige modelvalidatie"
61,"Sperwer","overige_vogels","alle_volledige_bezoeken","overige vogelsoort","61","kansrijk",3763,629,25,50,5,83.2846133404199,-4.70240375286489,-5.84369545153569,-3.54727817713507,-5.28506215645721,-6.67603357639066,-3.87335863988001,,-6.50425752654493,TRUE,FALSE,TRUE,TRUE,TRUE,TRUE,"indicatief","kernmodellen bruikbaar; minimaal één gevoeligheidscontrole vraagt terughoudendheid"
633,"Sperwergrasmus","overige_vogels","alle_volledige_bezoeken","overige vogelsoort","633","alleen_beschrijvend",3763,1,25,50,1,99.9734254584108,,,,,,,,,FALSE,FALSE,FALSE,FALSE,FALSE,FALSE,"alleen_beschrijvend","onvoldoende winters of positieve bezoeken voor volledige modelvalidatie"
190,"Spotvogel","overige_vogels","alle_volledige_bezoeken","overige vogelsoort","190","alleen_beschrijvend",3763,1,25,50,1,99.9734254584108,,,,,,,,,FALSE,FALSE,FALSE,FALSE,FALSE,FALSE,"alleen_beschrijvend","onvoldoende winters of positieve bezoeken voor volledige modelvalidatie"
229,"Spreeuw","overige_vogels","alle_volledige_bezoeken","overige vogelsoort","229","kansrijk",3763,673,25,50,2500,82.115333510497,-0.0479385528137088,-2.94524781158583,2.93586210129648,-2.2581075390786,-3.71937983297347,-0.774657191976347,-0.165614105880918,-13.6827804814731,TRUE,TRUE,FALSE,TRUE,TRUE,TRUE,"indicatief","kernmodellen bruikbaar; minimaal één gevoeligheidscontrole vraagt terughoudendheid"
182,"Sprinkhaanrietzanger","water_wetland","alle_volledige_bezoeken","water- of wetlandsoort","182","alleen_beschrijvend",3763,1,25,50,1,99.9734254584108,,,,,,,,,FALSE,FALSE,FALSE,FALSE,FALSE,FALSE,"alleen_beschrijvend","onvoldoende winters of positieve bezoeken voor volledige modelvalidatie"
207,"Staartmees","overige_vogels","alle_volledige_bezoeken","overige vogelsoort","207","kansrijk",3763,1516,25,50,80,59.7129949508371,0.463814717910971,-0.741409596604414,1.68367318794274,-0.9124769958612,-2.02863599299139,0.216398073148794,0.443658207563646,-5.31605174229207,TRUE,TRUE,FALSE,TRUE,TRUE,TRUE,"indicatief","kernmodellen bruikbaar; minimaal één gevoeligheidscontrole vraagt terughoudendheid"
121,"Stadsduif","overige_vogels","alle_volledige_bezoeken","overige vogelsoort","121","alleen_beschrijvend",3763,2,25,50,19,99.9468509168217,,,,,,,,,FALSE,FALSE,FALSE,FALSE,FALSE,FALSE,"alleen_beschrijvend","onvoldoende winters of positieve bezoeken voor volledige modelvalidatie"
430,"Steenloper","water_wetland","alle_volledige_bezoeken","water- of wetlandsoort","430","alleen_beschrijvend",3763,2,25,50,60,99.9468509168217,,,,,,,,,FALSE,FALSE,FALSE,FALSE,FALSE,FALSE,"alleen_beschrijvend","onvoldoende winters of positieve bezoeken voor volledige modelvalidatie"
106,"Stormmeeuw","water_wetland","alle_volledige_bezoeken","water- of wetlandsoort","106","alleen_beschrijvend",3763,31,25,50,9,99.1761892107361,,,,,,,,,FALSE,FALSE,FALSE,FALSE,FALSE,FALSE,"alleen_beschrijvend","onvoldoende winters of positieve bezoeken voor volledige modelvalidatie"
42,"Tafeleend","water_wetland","alle_volledige_bezoeken","water- of wetlandsoort","42","kansrijk",3763,1193,25,50,225,68.296571884135,-1.78381536335979,-2.99443333838998,-0.558089019481234,-0.791657977046867,-2.36407771074612,0.806085467034312,-1.71694523021932,-2.34181471600807,TRUE,TRUE,TRUE,TRUE,TRUE,TRUE,"betrouwbaar","kernmodellen en gevoeligheidscontroles groen"
173,"Tapuit","overige_vogels","alle_volledige_bezoeken","overige vogelsoort","173","alleen_beschrijvend",3763,93,25,50,15,97.5285676322083,,,,,,,,,FALSE,FALSE,FALSE,FALSE,FALSE,FALSE,"alleen_beschrijvend","onvoldoende winters of positieve bezoeken voor volledige modelvalidatie"
198,"Tjiftjaf","overige_vogels","alle_volledige_bezoeken","overige vogelsoort","198","kansrijk",3763,1106,25,50,32,70.6085570023917,3.66756767970839,2.72276610306457,4.62105915103763,7.42700041916668,5.77797382272005,9.10173452935665,3.63477844581344,3.53506216409467,TRUE,TRUE,TRUE,TRUE,TRUE,TRUE,"betrouwbaar","kernmodellen en gevoeligheidscontroles groen"
64,"Torenvalk","overige_vogels","alle_volledige_bezoeken","overige vogelsoort","64","kansrijk",3763,496,25,50,5,86.8190273717778,3.42048858912738,2.088817230116,4.76953059319591,3.82901114555576,2.23175479446904,5.45122283323254,,4.06508783097277,TRUE,FALSE,TRUE,TRUE,TRUE,TRUE,"indicatief","kernmodellen bruikbaar; minimaal één gevoeligheidscontrole vraagt terughoudendheid"
125,"Tortelduif","overige_vogels","alle_volledige_bezoeken","overige vogelsoort","125","alleen_beschrijvend",3763,1,25,50,1,99.9734254584108,,,,,,,,,FALSE,FALSE,FALSE,FALSE,FALSE,FALSE,"alleen_beschrijvend","onvoldoende winters of positieve bezoeken voor volledige modelvalidatie"
194,"Tuinfluiter","overige_vogels","alle_volledige_bezoeken","overige vogelsoort","194","alleen_beschrijvend",3763,22,25,50,4,99.4153600850385,,,,,,,,,FALSE,FALSE,FALSE,FALSE,FALSE,FALSE,"alleen_beschrijvend","onvoldoende winters of positieve bezoeken voor volledige modelvalidatie"
98,"Tureluur","water_wetland","alle_volledige_bezoeken","water- of wetlandsoort","98","alleen_beschrijvend",3763,14,25,50,4,99.6279564177518,,,,,,,,,FALSE,FALSE,FALSE,FALSE,FALSE,FALSE,"alleen_beschrijvend","onvoldoende winters of positieve bezoeken voor volledige modelvalidatie"
124,"Turkse Tortel","overige_vogels","alle_volledige_bezoeken","overige vogelsoort","124","alleen_beschrijvend",3763,33,25,50,4,99.1230401275578,,,,,,,,,FALSE,FALSE,FALSE,FALSE,FALSE,FALSE,"alleen_beschrijvend","onvoldoende winters of positieve bezoeken voor volledige modelvalidatie"
150,"Veldleeuwerik","overige_vogels","alle_volledige_bezoeken","overige vogelsoort","150","nader_beoordelen",3763,120,25,50,30,96.8110550093011,-5.9488242883362,-9.7704637914064,-1.9653206207682,-3.11607745908192,-5.91021067244304,-0.238968393932792,-4.01437196281994,-20.3831034746837,TRUE,TRUE,FALSE,TRUE,FALSE,TRUE,"alleen_beschrijvend","minimaal één kernmodel, Hessiaan of voorspelling is niet stabiel"
133,"Velduil","overige_vogels","alle_volledige_bezoeken","overige vogelsoort","133","alleen_beschrijvend",3763,33,25,50,3,99.1230401275578,,,,,,,,,FALSE,FALSE,FALSE,FALSE,FALSE,FALSE,"alleen_beschrijvend","onvoldoende winters of positieve bezoeken voor volledige modelvalidatie"
233,"Vink","overige_vogels","alle_volledige_bezoeken","overige vogelsoort","233","kansrijk",3763,2710,25,50,790,27.9829922933829,2.9140089289859,2.14126110325077,3.69260296413463,3.5055964413018,2.2094740063918,4.81815505673817,2.7599712761301,-5.25927294625529,TRUE,TRUE,FALSE,TRUE,TRUE,TRUE,"indicatief","kernmodellen bruikbaar; minimaal één gevoeligheidscontrole vraagt terughoudendheid"
63,"Visarend","overige_vogels","alle_volledige_bezoeken","overige vogelsoort","63","alleen_beschrijvend",3763,14,25,50,2,99.6279564177518,,,,,,,,,FALSE,FALSE,FALSE,FALSE,FALSE,FALSE,"alleen_beschrijvend","onvoldoende winters of positieve bezoeken voor volledige modelvalidatie"
116,"Visdief","water_wetland","alle_volledige_bezoeken","water- of wetlandsoort","116","alleen_beschrijvend",3763,1,25,50,1,99.9734254584108,,,,,,,,,FALSE,FALSE,FALSE,FALSE,FALSE,FALSE,"alleen_beschrijvend","onvoldoende winters of positieve bezoeken voor volledige modelvalidatie"
202,"Vuurgoudhaan","overige_vogels","alle_volledige_bezoeken","overige vogelsoort","202","kansrijk",3763,419,25,50,20,88.865267074143,2.05805606168656,0.155705365656367,3.99653987821627,2.1942682523493,0.33548931683951,4.08748225320457,2.04426276106653,3.0682593196188,TRUE,TRUE,TRUE,TRUE,FALSE,TRUE,"alleen_beschrijvend","minimaal één kernmodel, Hessiaan of voorspelling is niet stabiel"
77,"Waterhoen","water_wetland","alle_volledige_bezoeken","water- of wetlandsoort","77","kansrijk",3763,322,25,50,14,91.4429976082913,-1.17788298479664,-2.96481910952401,0.641960181320789,-1.75030397124714,-3.60458521641109,0.139646594328857,-1.28929203182964,3.24215949472988,TRUE,TRUE,FALSE,TRUE,TRUE,TRUE,"indicatief","kernmodellen bruikbaar; minimaal één gevoeligheidscontrole vraagt terughoudendheid"
497,"Waterpieper","water_wetland","alle_volledige_bezoeken","water- of wetlandsoort","497","alleen_beschrijvend",3763,9,25,50,2,99.7608291256976,,,,,,,,,FALSE,FALSE,FALSE,FALSE,FALSE,FALSE,"alleen_beschrijvend","onvoldoende winters of positieve bezoeken voor volledige modelvalidatie"
72,"Waterral","water_wetland","alle_volledige_bezoeken","water- of wetlandsoort","72","kansrijk",3763,820,25,50,10,78.2088758968908,2.69927971673256,1.78054187519308,3.62631068784205,4.86401821339613,3.25297434905909,6.50019900331988,2.5355934345517,3.65828306504326,TRUE,TRUE,TRUE,TRUE,TRUE,TRUE,"betrouwbaar","kernmodellen en gevoeligheidscontroles groen"
93,"Watersnip","water_wetland","alle_volledige_bezoeken","water- of wetlandsoort","93","kansrijk",3763,680,25,50,43,81.9293117193728,1.28357194591566,-0.0997000678847226,2.68599747042084,1.29095886660167,-0.122596206220249,2.72451984534428,1.3717207870465,0.346503195731906,TRUE,TRUE,TRUE,TRUE,TRUE,TRUE,"betrouwbaar","kernmodellen en gevoeligheidscontroles groen"
53,"Wespendief","overige_vogels","alle_volledige_bezoeken","overige vogelsoort","53","alleen_beschrijvend",3763,10,25,50,3,99.7342545841084,,,,,,,,,FALSE,FALSE,FALSE,FALSE,FALSE,FALSE,"alleen_beschrijvend","onvoldoende winters of positieve bezoeken voor volledige modelvalidatie"
36,"Wilde Eend","water_wetland","alle_volledige_bezoeken","water- of wetlandsoort","36","kansrijk",3763,1221,25,50,110,67.5524847196386,1.08165020729569,-0.00613638624952229,2.18127032372253,0.671873716241955,-0.750063758268515,2.11418305453372,1.06012696857398,-0.269464161169553,TRUE,TRUE,TRUE,TRUE,TRUE,TRUE,"betrouwbaar","kernmodellen en gevoeligheidscontroles groen"
19,"Wilde Zwaan","water_wetland","alle_volledige_bezoeken","water- of wetlandsoort","19","alleen_beschrijvend",3763,31,25,50,26,99.1761892107361,,,,,,,,,FALSE,FALSE,FALSE,FALSE,FALSE,FALSE,"alleen_beschrijvend","onvoldoende winters of positieve bezoeken voor volledige modelvalidatie"
164,"Winterkoning","overige_vogels","alle_volledige_bezoeken","overige vogelsoort","164","kansrijk",3763,2963,25,50,61,21.2596332713261,0.58787817266126,0.134966044455509,1.04283883000704,2.12875819422511,0.694932889159761,3.58300016720472,0.531717993930725,3.31138501815962,TRUE,TRUE,TRUE,TRUE,TRUE,TRUE,"betrouwbaar","kernmodellen en gevoeligheidscontroles groen"
35,"Wintertaling","water_wetland","alle_volledige_bezoeken","water- of wetlandsoort","35","kansrijk",3763,383,25,50,120,89.8219505713526,-0.501005508325247,-3.05520885954137,2.12049341063223,2.83224211338733,0.896785386164689,4.80482581872541,-0.300094479993485,-6.23464601585424,FALSE,TRUE,FALSE,TRUE,TRUE,TRUE,"indicatief","kernmodellen bruikbaar; minimaal één gevoeligheidscontrole vraagt terughoudendheid"
100,"Witgat","water_wetland","alle_volledige_bezoeken","water- of wetlandsoort","100","nader_beoordelen",3763,150,25,50,6,96.0138187616264,-1.81131433710139,-4.79955609188328,1.27072518183422,-0.720684210922251,-3.27596615825202,1.90210387289715,-0.890380656807077,-19.8910898848054,TRUE,TRUE,FALSE,TRUE,FALSE,TRUE,"alleen_beschrijvend","minimaal één kernmodel, Hessiaan of voorspelling is niet stabiel"
637,"Witkopstaartmees","overige_vogels","alle_volledige_bezoeken","overige vogelsoort","637","alleen_beschrijvend",3763,6,25,50,1,99.840552750465,,,,,,,,,FALSE,FALSE,FALSE,FALSE,FALSE,FALSE,"alleen_beschrijvend","onvoldoende winters of positieve bezoeken voor volledige modelvalidatie"
162,"Witte Kwikstaart","overige_vogels","alle_volledige_bezoeken","overige vogelsoort","162","alleen_beschrijvend",3763,78,25,50,25,97.9271857560457,,,,,,,,,FALSE,FALSE,FALSE,FALSE,FALSE,FALSE,"alleen_beschrijvend","onvoldoende winters of positieve bezoeken voor volledige modelvalidatie"
161,"Witte Kwikstaart (spec)","overige_vogels","alle_volledige_bezoeken","overige vogelsoort","161","alleen_beschrijvend",3763,24,25,50,6,99.3622110018602,,,,,,,,,FALSE,FALSE,FALSE,FALSE,FALSE,FALSE,"alleen_beschrijvend","onvoldoende winters of positieve bezoeken voor volledige modelvalidatie"
97,"Wulp","water_wetland","alle_volledige_bezoeken","water- of wetlandsoort","97","alleen_beschrijvend",3763,14,25,50,30,99.6279564177518,,,,,,,,,FALSE,FALSE,FALSE,FALSE,FALSE,FALSE,"alleen_beschrijvend","onvoldoende winters of positieve bezoeken voor volledige modelvalidatie"
177,"Zanglijster","overige_vogels","alle_volledige_bezoeken","overige vogelsoort","177","kansrijk",3763,1352,25,50,325,64.0712197714589,-2.04952595867146,-3.14126978257344,-0.945476536974077,-1.7667694779836,-2.99553582183056,-0.522438214103693,-1.99066609675963,-10.0934624064238,TRUE,TRUE,FALSE,TRUE,TRUE,TRUE,"indicatief","kernmodellen bruikbaar; minimaal één gevoeligheidscontrole vraagt terughoudendheid"
108,"Zilvermeeuw","water_wetland","alle_volledige_bezoeken","water- of wetlandsoort","108","nader_beoordelen",3763,131,25,50,410,96.5187350518204,-14.0562493114072,-18.5026350476185,-9.36727479791786,-10.9972931825888,-14.3191904533407,-7.54660392754293,-10.1508653157043,-10.8156878098565,TRUE,FALSE,FALSE,TRUE,FALSE,TRUE,"alleen_beschrijvend","minimaal één kernmodel, Hessiaan of voorspelling is niet stabiel"
39,"Zomertaling","water_wetland","alle_volledige_bezoeken","water- of wetlandsoort","39","alleen_beschrijvend",3763,3,25,50,2,99.9202763752325,,,,,,,,,FALSE,FALSE,FALSE,FALSE,FALSE,FALSE,"alleen_beschrijvend","onvoldoende winters of positieve bezoeken voor volledige modelvalidatie"
226,"Zwarte Kraai","overige_vogels","alle_volledige_bezoeken","overige vogelsoort","226","kansrijk",3763,2522,25,50,80,32.9790061121446,-6.39172674531954,-6.97630189448553,-5.80347803649099,-10.1293142665675,-11.3801927897338,-8.86077945268053,-6.15722148781778,-9.01472827349928,TRUE,TRUE,TRUE,TRUE,TRUE,TRUE,"betrouwbaar","kernmodellen en gevoeligheidscontroles groen"
212,"Zwarte Mees","overige_vogels","alle_volledige_bezoeken","overige vogelsoort","212","nader_beoordelen",3763,148,25,50,29,96.0669678448047,-9.60567992448578,-12.8184246591486,-6.27454172549577,-7.40984508894539,-10.3175325246498,-4.40788453094897,-8.55868731749506,-13.4103458784681,TRUE,TRUE,FALSE,TRUE,FALSE,TRUE,"alleen_beschrijvend","minimaal één kernmodel, Hessiaan of voorspelling is niet stabiel"
290,"Zwarte Ooievaar","water_wetland","alle_volledige_bezoeken","water- of wetlandsoort","290","alleen_beschrijvend",3763,2,25,50,1,99.9468509168217,,,,,,,,,FALSE,FALSE,FALSE,FALSE,FALSE,FALSE,"alleen_beschrijvend","onvoldoende winters of positieve bezoeken voor volledige modelvalidatie"
169,"Zwarte Roodstaart","overige_vogels","alle_volledige_bezoeken","overige vogelsoort","169","alleen_beschrijvend",3763,14,25,50,4,99.6279564177518,,,,,,,,,FALSE,FALSE,FALSE,FALSE,FALSE,FALSE,"alleen_beschrijvend","onvoldoende winters of positieve bezoeken voor volledige modelvalidatie"
426,"Zwarte ruiter","water_wetland","alle_volledige_bezoeken","water- of wetlandsoort","426","alleen_beschrijvend",3763,2,25,50,1,99.9468509168217,,,,,,,,,FALSE,FALSE,FALSE,FALSE,FALSE,FALSE,"alleen_beschrijvend","onvoldoende winters of positieve bezoeken voor volledige modelvalidatie"
143,"Zwarte Specht","overige_vogels","alle_volledige_bezoeken","overige vogelsoort","143","alleen_beschrijvend",3763,8,25,50,1,99.7874036672867,,,,,,,,,FALSE,FALSE,FALSE,FALSE,FALSE,FALSE,"alleen_beschrijvend","onvoldoende winters of positieve bezoeken voor volledige modelvalidatie"
120,"Zwarte Stern","water_wetland","alle_volledige_bezoeken","water- of wetlandsoort","120","alleen_beschrijvend",3763,2,25,50,1,99.9468509168217,,,,,,,,,FALSE,FALSE,FALSE,FALSE,FALSE,FALSE,"alleen_beschrijvend","onvoldoende winters of positieve bezoeken voor volledige modelvalidatie"
629,"Zwarte zee-eend","water_wetland","alle_volledige_bezoeken","water- of wetlandsoort","629","alleen_beschrijvend",3763,1,25,50,1,99.9734254584108,,,,,,,,,FALSE,FALSE,FALSE,FALSE,FALSE,FALSE,"alleen_beschrijvend","onvoldoende winters of positieve bezoeken voor volledige modelvalidatie"
195,"Zwartkop","overige_vogels","alle_volledige_bezoeken","overige vogelsoort","195","kansrijk",3763,393,25,50,50,89.5562051554611,-1.57583338622941,-3.31086271362022,0.190330015281748,-2.30943262029443,-4.31683072312627,-0.259920035117278,-1.22206666799135,-6.4067389577794,TRUE,TRUE,FALSE,TRUE,TRUE,TRUE,"indicatief","kernmodellen bruikbaar; minimaal één gevoeligheidscontrole vraagt terughoudendheid"
