"group_code","groep_titel","analysis_mode","msi_variant","publicatiestatus","basisjaar","basisjaar_toelichting","eerste_jaar","laatste_jaar","n_bruikbare_soorten","gemiddeld_n_soorten","min_n_soorten","max_n_soorten","cv_n_soorten","samenstelling_waarschuwing","trend_contract","trend_formaliteit","trend_status","trend_methode","overall_trend_pct_per_jaar","trend_pre_pct_per_jaar","trend_post_pct_per_jaar","trendduiding_type"
"fg_v1_bodem_insect","Bodemfoeragerende insecteneters","binair","volledig","robuuste_hoofdgroep",1958,"MSI = 100 in het eerste analysejaar met geldige functionele groepsindex",1958,2025,60,44.6617647058824,26,52,0.120521398866686,"wisselend_soortenaantal","trim-trend-v2","beschrijvend","groeps_msi_zonder_onzekerheidspropagatie","loglineaire samenvatting van functionele groeps-MSI; geen formele inferentie",-1.64902178711509,1.78119015910416,-2.76175309647234,"beschrijvend_geen_trendklasse"
"fg_v1_grondbroed","Grondbroeders","binair","volledig","robuuste_hoofdgroep",1958,"MSI = 100 in het eerste analysejaar met geldige functionele groepsindex",1958,2025,59,43.6323529411765,29,52,0.150570105360438,"wisselend_soortenaantal","trim-trend-v2","beschrijvend","groeps_msi_zonder_onzekerheidspropagatie","loglineaire samenvatting van functionele groeps-MSI; geen formele inferentie",-1.30148061811655,0.845979710173905,-2.31500916618562,"beschrijvend_geen_trendklasse"
"fg_v1_holenbroed","Holenbroeders","binair","volledig","robuuste_hoofdgroep",1958,"MSI = 100 in het eerste analysejaar met geldige functionele groepsindex",1958,2025,34,25.5882352941176,7,33,0.254816844190703,"wisselend_soortenaantal","trim-trend-v2","beschrijvend","groeps_msi_zonder_onzekerheidspropagatie","loglineaire samenvatting van functionele groeps-MSI; geen formele inferentie",-3.10514059251082,-1.37530336994052,-5.17819776622762,"beschrijvend_geen_trendklasse"
"fg_v1_lange_trek","Langeafstandstrekkers","binair","volledig","robuuste_hoofdgroep",1958,"MSI = 100 in het eerste analysejaar met geldige functionele groepsindex",1958,2025,39,25.6323529411765,13,32,0.16755205937418,"wisselend_soortenaantal","trim-trend-v2","beschrijvend","groeps_msi_zonder_onzekerheidspropagatie","loglineaire samenvatting van functionele groeps-MSI; geen formele inferentie",-1.25513077365645,0.206385875063386,-1.01500420001831,"beschrijvend_geen_trendklasse"
"fg_v1_lucht","Luchtfoerageerders","binair","volledig","bruikbaar_met_onzekerheidsanalyse",1959,"MSI = 100 in het eerste analysejaar met geldige functionele groepsindex",1959,2025,14,7.82089552238806,2,13,0.367712591983813,"wisselend_soortenaantal","trim-trend-v2","beschrijvend","groeps_msi_zonder_onzekerheidspropagatie","loglineaire samenvatting van functionele groeps-MSI; geen formele inferentie",-2.5408299989278,-8.99673332958948,0.152971347474562,"beschrijvend_geen_trendklasse"
"fg_v1_zaad","Zaadeters","binair","volledig","robuuste_hoofdgroep",1958,"MSI = 100 in het eerste analysejaar met geldige functionele groepsindex",1958,2025,52,39.6911764705882,14,48,0.193510873813547,"wisselend_soortenaantal","trim-trend-v2","beschrijvend","groeps_msi_zonder_onzekerheidspropagatie","loglineaire samenvatting van functionele groeps-MSI; geen formele inferentie",-1.4407926124143,0.127039251546579,-3.62190293220258,"beschrijvend_geen_trendklasse"
"fg_v1_bodem_insect","Bodemfoeragerende insecteneters","binair","robuust","robuuste_hoofdgroep",1958,"MSI = 100 in het eerste analysejaar met geldige functionele groepsindex",1958,2025,43,39.8970588235294,25,43,0.0796314824348267,"wisselend_soortenaantal","trim-trend-v2","beschrijvend","groeps_msi_zonder_onzekerheidspropagatie","loglineaire samenvatting van functionele groeps-MSI; geen formele inferentie",-1.50124259949752,2.66514292472486,-2.82601101421279,"beschrijvend_geen_trendklasse"
"fg_v1_grondbroed","Grondbroeders","binair","robuust","robuuste_hoofdgroep",1958,"MSI = 100 in het eerste analysejaar met geldige functionele groepsindex",1958,2025,40,36.4852941176471,28,40,0.0722045151421169,"wisselend_soortenaantal","trim-trend-v2","beschrijvend","groeps_msi_zonder_onzekerheidspropagatie","loglineaire samenvatting van functionele groeps-MSI; geen formele inferentie",-2.00328310730958,1.69882003088522,-3.97064939551469,"beschrijvend_geen_trendklasse"
"fg_v1_holenbroed","Holenbroeders","binair","robuust","robuuste_hoofdgroep",1958,"MSI = 100 in het eerste analysejaar met geldige functionele groepsindex",1958,2025,28,23.9558823529412,7,28,0.225249756567087,"wisselend_soortenaantal","trim-trend-v2","beschrijvend","groeps_msi_zonder_onzekerheidspropagatie","loglineaire samenvatting van functionele groeps-MSI; geen formele inferentie",-2.88616232143585,-1.38566001601289,-4.96092781140015,"beschrijvend_geen_trendklasse"
"fg_v1_lange_trek","Langeafstandstrekkers","binair","robuust","robuuste_hoofdgroep",1958,"MSI = 100 in het eerste analysejaar met geldige functionele groepsindex",1958,2025,26,22.2058823529412,13,26,0.0970413627930293,"wisselend_soortenaantal","trim-trend-v2","beschrijvend","groeps_msi_zonder_onzekerheidspropagatie","loglineaire samenvatting van functionele groeps-MSI; geen formele inferentie",-1.01111690299249,0.859926607705463,-1.11298689256338,"beschrijvend_geen_trendklasse"
"fg_v1_lucht","Luchtfoerageerders","binair","robuust","uitsluitend_exploratief",1959,"MSI = 100 in het eerste analysejaar met geldige functionele groepsindex",1959,2025,6,4.61194029850746,1,6,0.210003400919558,"wisselend_soortenaantal","trim-trend-v2","beschrijvend","groeps_msi_zonder_onzekerheidspropagatie","loglineaire samenvatting van functionele groeps-MSI; geen formele inferentie",-5.5771264173387,-8.26378270709104,-1.23681340000299,"beschrijvend_geen_trendklasse"
"fg_v1_zaad","Zaadeters","binair","robuust","robuuste_hoofdgroep",1958,"MSI = 100 in het eerste analysejaar met geldige functionele groepsindex",1958,2025,38,34.6029411764706,13,38,0.151622252155225,"wisselend_soortenaantal","trim-trend-v2","beschrijvend","groeps_msi_zonder_onzekerheidspropagatie","loglineaire samenvatting van functionele groeps-MSI; geen formele inferentie",-1.16174144285005,1.32265633749649,-3.41018824306298,"beschrijvend_geen_trendklasse"
"fg_v1_bodem_insect","Bodemfoeragerende insecteneters","gewogen","volledig","robuuste_hoofdgroep",1958,"MSI = 100 in het eerste analysejaar met geldige functionele groepsindex",1958,2025,60,44.6617647058824,26,52,0.120521398866686,"wisselend_soortenaantal","trim-trend-v2","beschrijvend","groeps_msi_zonder_onzekerheidspropagatie","loglineaire samenvatting van functionele groeps-MSI; geen formele inferentie",-1.69882767063129,1.57349648749863,-2.43880699777326,"beschrijvend_geen_trendklasse"
"fg_v1_grondbroed","Grondbroeders","gewogen","volledig","robuuste_hoofdgroep",1958,"MSI = 100 in het eerste analysejaar met geldige functionele groepsindex",1958,2025,59,43.6323529411765,29,52,0.150570105360438,"wisselend_soortenaantal","trim-trend-v2","beschrijvend","groeps_msi_zonder_onzekerheidspropagatie","loglineaire samenvatting van functionele groeps-MSI; geen formele inferentie",-1.38405283400304,0.947936075485312,-2.51871774039886,"beschrijvend_geen_trendklasse"
"fg_v1_holenbroed","Holenbroeders","gewogen","volledig","robuuste_hoofdgroep",1958,"MSI = 100 in het eerste analysejaar met geldige functionele groepsindex",1958,2025,34,25.5882352941176,7,33,0.254816844190703,"wisselend_soortenaantal","trim-trend-v2","beschrijvend","groeps_msi_zonder_onzekerheidspropagatie","loglineaire samenvatting van functionele groeps-MSI; geen formele inferentie",-3.10514059251082,-1.37530336994052,-5.17819776622762,"beschrijvend_geen_trendklasse"
"fg_v1_lange_trek","Langeafstandstrekkers","gewogen","volledig","robuuste_hoofdgroep",1958,"MSI = 100 in het eerste analysejaar met geldige functionele groepsindex",1958,2025,39,25.6323529411765,13,32,0.16755205937418,"wisselend_soortenaantal","trim-trend-v2","beschrijvend","groeps_msi_zonder_onzekerheidspropagatie","loglineaire samenvatting van functionele groeps-MSI; geen formele inferentie",-1.20620884444894,0.276042863775383,-0.932698109860342,"beschrijvend_geen_trendklasse"
"fg_v1_lucht","Luchtfoerageerders","gewogen","volledig","bruikbaar_met_onzekerheidsanalyse",1959,"MSI = 100 in het eerste analysejaar met geldige functionele groepsindex",1959,2025,14,7.82089552238806,2,13,0.367712591983813,"wisselend_soortenaantal","trim-trend-v2","beschrijvend","groeps_msi_zonder_onzekerheidspropagatie","loglineaire samenvatting van functionele groeps-MSI; geen formele inferentie",-3.3377143780837,-7.73022381530166,-1.24494700591752,"beschrijvend_geen_trendklasse"
"fg_v1_zaad","Zaadeters","gewogen","volledig","robuuste_hoofdgroep",1958,"MSI = 100 in het eerste analysejaar met geldige functionele groepsindex",1958,2025,52,39.6911764705882,14,48,0.193510873813547,"wisselend_soortenaantal","trim-trend-v2","beschrijvend","groeps_msi_zonder_onzekerheidspropagatie","loglineaire samenvatting van functionele groeps-MSI; geen formele inferentie",-1.9684812985499,-0.400765857173124,-4.27692418470444,"beschrijvend_geen_trendklasse"
"fg_v1_bodem_insect","Bodemfoeragerende insecteneters","gewogen","robuust","robuuste_hoofdgroep",1958,"MSI = 100 in het eerste analysejaar met geldige functionele groepsindex",1958,2025,43,39.8970588235294,25,43,0.0796314824348267,"wisselend_soortenaantal","trim-trend-v2","beschrijvend","groeps_msi_zonder_onzekerheidspropagatie","loglineaire samenvatting van functionele groeps-MSI; geen formele inferentie",-1.38212131957133,2.0266969780796,-2.37409827334556,"beschrijvend_geen_trendklasse"
"fg_v1_grondbroed","Grondbroeders","gewogen","robuust","robuuste_hoofdgroep",1958,"MSI = 100 in het eerste analysejaar met geldige functionele groepsindex",1958,2025,40,36.4852941176471,28,40,0.0722045151421169,"wisselend_soortenaantal","trim-trend-v2","beschrijvend","groeps_msi_zonder_onzekerheidspropagatie","loglineaire samenvatting van functionele groeps-MSI; geen formele inferentie",-2.00175085752031,1.88578856913273,-4.11057424761225,"beschrijvend_geen_trendklasse"
"fg_v1_holenbroed","Holenbroeders","gewogen","robuust","robuuste_hoofdgroep",1958,"MSI = 100 in het eerste analysejaar met geldige functionele groepsindex",1958,2025,28,23.9558823529412,7,28,0.225249756567087,"wisselend_soortenaantal","trim-trend-v2","beschrijvend","groeps_msi_zonder_onzekerheidspropagatie","loglineaire samenvatting van functionele groeps-MSI; geen formele inferentie",-2.88616232143585,-1.38566001601289,-4.96092781140015,"beschrijvend_geen_trendklasse"
"fg_v1_lange_trek","Langeafstandstrekkers","gewogen","robuust","robuuste_hoofdgroep",1958,"MSI = 100 in het eerste analysejaar met geldige functionele groepsindex",1958,2025,26,22.2058823529412,13,26,0.0970413627930293,"wisselend_soortenaantal","trim-trend-v2","beschrijvend","groeps_msi_zonder_onzekerheidspropagatie","loglineaire samenvatting van functionele groeps-MSI; geen formele inferentie",-0.934587651643659,0.951223231098974,-1.00502463767409,"beschrijvend_geen_trendklasse"
"fg_v1_lucht","Luchtfoerageerders","gewogen","robuust","uitsluitend_exploratief",1959,"MSI = 100 in het eerste analysejaar met geldige functionele groepsindex",1959,2025,6,4.61194029850746,1,6,0.210003400919558,"wisselend_soortenaantal","trim-trend-v2","beschrijvend","groeps_msi_zonder_onzekerheidspropagatie","loglineaire samenvatting van functionele groeps-MSI; geen formele inferentie",-5.67152745911019,-6.58419606657948,-3.05599818390898,"beschrijvend_geen_trendklasse"
"fg_v1_zaad","Zaadeters","gewogen","robuust","robuuste_hoofdgroep",1958,"MSI = 100 in het eerste analysejaar met geldige functionele groepsindex",1958,2025,38,34.6029411764706,13,38,0.151622252155225,"wisselend_soortenaantal","trim-trend-v2","beschrijvend","groeps_msi_zonder_onzekerheidspropagatie","loglineaire samenvatting van functionele groeps-MSI; geen formele inferentie",-1.58549992286076,1.09228267167962,-3.88679439204702,"beschrijvend_geen_trendklasse"
