"groep_100","groep_titel","msi_variant","n_jaren","deviance_explained","r_sq_adj","aic","edf_pre","p_pre","edf_post","p_post","max_edf","min_p_smooth","advies","toelichting"
100,"Watervogels","robuust",68,0.519036708551729,0.473781300635223,37.1209309114985,1.00012013477337,0.104071601683983,1.00012013477337,0.104071601683983,1.00012013477337,0.104071601683983,"Lineair meestal voldoende","Diagnostische GAM-visualisatie: de trend is grotendeels lineair; een eenvoudige lijn is meestal voldoende."
100,"Watervogels","volledig",68,0.43213098657498,0.38056761244368,32.9888879540693,1.00005167397356,0.00590313542226684,1.00005167397356,0.00590313542226684,1.00005167397356,0.00590313542226684,"Lineair meestal voldoende","Diagnostische GAM-visualisatie: de trend is grotendeels lineair; een eenvoudige lijn is meestal voldoende."
200,"Rietvogels","robuust",68,0.865894879407412,0.852801305140529,16.6476750289382,1.0000181739956,0,1.0000181739956,0,1.0000181739956,0,"Lineair meestal voldoende","Diagnostische GAM-visualisatie: de trend is grotendeels lineair; een eenvoudige lijn is meestal voldoende."
200,"Rietvogels","volledig",68,0.630508364230374,0.601430562532056,45.9128184639771,1.0000190249248,0,1.0000190249248,0,1.0000190249248,0,"Lineair meestal voldoende","Diagnostische GAM-visualisatie: de trend is grotendeels lineair; een eenvoudige lijn is meestal voldoende."
300,"Vogels van pionierbegroeiingen","robuust",68,0.971767120167517,0.969581687601591,31.6428188382936,1.00002193352902,9.40857260695593e-05,1.00002193352902,9.40857260695593e-05,1.00002193352902,9.40857260695593e-05,"Lineair meestal voldoende","Diagnostische GAM-visualisatie: de trend is grotendeels lineair; een eenvoudige lijn is meestal voldoende."
300,"Vogels van pionierbegroeiingen","volledig",68,0.971562928729107,0.969301027859425,21.1541519569843,1.00001252968324,0.884295948830073,1.00001252968324,0.884295948830073,1.00001252968324,0.884295948830073,"Lineair meestal voldoende","Diagnostische GAM-visualisatie: de trend is grotendeels lineair; een eenvoudige lijn is meestal voldoende."
400,"Vogels van open heide","robuust",68,0.927132526069658,0.923716787860484,81.572027611873,1.00000989392853,0.419822813463905,1.00000989392853,0.419822813463905,1.00000989392853,0.419822813463905,"Lineair meestal voldoende","Diagnostische GAM-visualisatie: de trend is grotendeels lineair; een eenvoudige lijn is meestal voldoende."
400,"Vogels van open heide","volledig",68,0.894417931283719,0.889016583038223,88.7003784391927,1.18852581811761,0.0125167694710926,1.18852581811761,0.0125167694710926,1.18852581811761,0.0125167694710926,"Lineair meestal voldoende","Diagnostische GAM-visualisatie: de trend is grotendeels lineair; een eenvoudige lijn is meestal voldoende."
500,"Weidevogels","robuust",68,0.921663326238264,0.915359058741421,46.9670122132732,1.1734237160727,0.0115498960093136,1.1734237160727,0.0115498960093136,1.1734237160727,0.0115498960093136,"Lineair meestal voldoende","Diagnostische GAM-visualisatie: de trend is grotendeels lineair; een eenvoudige lijn is meestal voldoende."
500,"Weidevogels","volledig",68,0.895536095587858,0.886441845199439,52.3074081333204,1.57714131690533,0,1.57714131690533,0,1.57714131690533,0,"GAM nuttig","Diagnostische GAM-visualisatie: enige kromming aanwezig; vooral nuttig voor timing van omslagen."
600,"Struweelvogels","robuust",68,0.610524433834094,0.577034423156857,-15.9005549175634,1.00703629997375,0,1.00703629997375,0,1.00703629997375,0,"Lineair meestal voldoende","Diagnostische GAM-visualisatie: de trend is grotendeels lineair; een eenvoudige lijn is meestal voldoende."
600,"Struweelvogels","volledig",68,0.662840254124186,0.630745538165135,-26.56313987449,1.16573333368764,9.90710738040246e-05,1.16573333368764,9.90710738040246e-05,1.16573333368764,9.90710738040246e-05,"Lineair meestal voldoende","Diagnostische GAM-visualisatie: de trend is grotendeels lineair; een eenvoudige lijn is meestal voldoende."
700,"Bosrandvogels","robuust",68,0.6221145212874,0.592186252670535,-24.7068619029217,1.00003143958087,0,1.00003143958087,0,1.00003143958087,0,"Lineair meestal voldoende","Diagnostische GAM-visualisatie: de trend is grotendeels lineair; een eenvoudige lijn is meestal voldoende."
700,"Bosrandvogels","volledig",68,0.682875476631656,0.654234206948016,-7.52137071194931,1.0000139487745,0,1.0000139487745,0,1.0000139487745,0,"Lineair meestal voldoende","Diagnostische GAM-visualisatie: de trend is grotendeels lineair; een eenvoudige lijn is meestal voldoende."
800,"Bosvogels","robuust",68,0.825216204742091,0.804101580029711,-62.6729713081458,2.71917473565423,0.179937512449571,2.71917473565423,0.179937512449571,2.71917473565423,0.179937512449571,"GAM aanbevolen","Diagnostische GAM-visualisatie: duidelijke niet-lineariteit; vergelijk dit met de beschrijvende lineaire samenvatting per periode."
800,"Bosvogels","volledig",68,0.86614320495201,0.846429053545098,-78.5993993650907,2.82050770426118,0.124710580224393,2.82050770426118,0.124710580224393,2.82050770426118,0.124710580224393,"GAM aanbevolen","Diagnostische GAM-visualisatie: duidelijke niet-lineariteit; vergelijk dit met de beschrijvende lineaire samenvatting per periode."
900,"Vogels van bebouwing/overige","robuust",68,0.935973213960468,0.931330107605583,-2.43265860927498,2.53018871687905,0,2.53018871687905,0,2.53018871687905,0,"GAM aanbevolen","Diagnostische GAM-visualisatie: duidelijke niet-lineariteit; vergelijk dit met de beschrijvende lineaire samenvatting per periode."
900,"Vogels van bebouwing/overige","volledig",68,0.94810279575219,0.944556935588765,-23.8541578823437,2.28495784230029,6.62195066305493e-05,2.28495784230029,6.62195066305493e-05,2.28495784230029,6.62195066305493e-05,"GAM aanbevolen","Diagnostische GAM-visualisatie: duidelijke niet-lineariteit; vergelijk dit met de beschrijvende lineaire samenvatting per periode."
