"groep_100","groep_titel","msi_variant","basisjaar","basisjaar_toelichting","eerste_jaar","laatste_jaar","gemiddeld_n_soorten","min_n_soorten","max_n_soorten","cv_n_soorten","samenstelling_waarschuwing","trend_contract","trend_formaliteit","trend_status","trend_methode","overall_trend_pct_per_jaar","trend_pre_pct_per_jaar","trend_post_pct_per_jaar","trendduiding_type"
100,"Watervogels","volledig",1958,"MSI = 100 in het eerste analysejaar met geldige groepsindex",1958,2025,15.5147058823529,9,19,0.148362530706338,"wisselend_soortenaantal","trim-trend-v2","beschrijvend","groeps_msi_zonder_onzekerheidspropagatie","loglineaire samenvatting van groeps-MSI; geen formele inferentie",0.134097622060048,2.17165013104625,-1.06694378648565,"beschrijvend_geen_trendklasse"
200,"Rietvogels","volledig",1958,"MSI = 100 in het eerste analysejaar met geldige groepsindex",1958,2025,7.85294117647059,3,11,0.252068883098705,"wisselend_soortenaantal","trim-trend-v2","beschrijvend","groeps_msi_zonder_onzekerheidspropagatie","loglineaire samenvatting van groeps-MSI; geen formele inferentie",1.26697144184527,6.60701591060997,2.05038322950075,"beschrijvend_geen_trendklasse"
300,"Vogels van pionierbegroeiingen","volledig",1958,"MSI = 100 in het eerste analysejaar met geldige groepsindex",1958,2025,17.1617647058824,13,21,0.107777341458808,"wisselend_soortenaantal","trim-trend-v2","beschrijvend","groeps_msi_zonder_onzekerheidspropagatie","loglineaire samenvatting van groeps-MSI; geen formele inferentie",-6.55121166310446,0.101350569066083,-11.4165689503027,"beschrijvend_geen_trendklasse"
400,"Vogels van open heide","volledig",1958,"MSI = 100 in het eerste analysejaar met geldige groepsindex",1958,2025,8.33823529411765,5,11,0.128752302768681,"wisselend_soortenaantal","trim-trend-v2","beschrijvend","groeps_msi_zonder_onzekerheidspropagatie","loglineaire samenvatting van groeps-MSI; geen formele inferentie",-5.83154452885705,-5.5922165152371,-9.23866533064653,"beschrijvend_geen_trendklasse"
500,"Weidevogels","volledig",1958,"MSI = 100 in het eerste analysejaar met geldige groepsindex",1958,2025,11.9264705882353,8,15,0.128200994194125,"wisselend_soortenaantal","trim-trend-v2","beschrijvend","groeps_msi_zonder_onzekerheidspropagatie","loglineaire samenvatting van groeps-MSI; geen formele inferentie",-4.30929882652068,-6.93999738409397,-6.10036222760328,"beschrijvend_geen_trendklasse"
600,"Struweelvogels","volledig",1958,"MSI = 100 in het eerste analysejaar met geldige groepsindex",1958,2025,23.3235294117647,13,25,0.0932432399050368,"wisselend_soortenaantal","trim-trend-v2","beschrijvend","groeps_msi_zonder_onzekerheidspropagatie","loglineaire samenvatting van groeps-MSI; geen formele inferentie",0.0199277916221208,4.47888574047393,-1.12204045908944,"beschrijvend_geen_trendklasse"
700,"Bosrandvogels","volledig",1958,"MSI = 100 in het eerste analysejaar met geldige groepsindex",1958,2025,20.8529411764706,10,25,0.151480084897339,"wisselend_soortenaantal","trim-trend-v2","beschrijvend","groeps_msi_zonder_onzekerheidspropagatie","loglineaire samenvatting van groeps-MSI; geen formele inferentie",0.648549873828008,3.56634399419955,1.81830763130439,"beschrijvend_geen_trendklasse"
800,"Bosvogels","volledig",1958,"MSI = 100 in het eerste analysejaar met geldige groepsindex",1958,2025,29.7794117647059,6,39,0.312750309455027,"wisselend_soortenaantal","trim-trend-v2","beschrijvend","groeps_msi_zonder_onzekerheidspropagatie","loglineaire samenvatting van groeps-MSI; geen formele inferentie",-1.14154486743285,0.0189026413828008,-2.41919069931266,"beschrijvend_geen_trendklasse"
900,"Vogels van bebouwing/overige","volledig",1958,"MSI = 100 in het eerste analysejaar met geldige groepsindex",1958,2025,9.45588235294118,1,12,0.221857492713946,"wisselend_soortenaantal","trim-trend-v2","beschrijvend","groeps_msi_zonder_onzekerheidspropagatie","loglineaire samenvatting van groeps-MSI; geen formele inferentie",-3.23231291769159,2.79140741974073,-6.54234480849432,"beschrijvend_geen_trendklasse"
100,"Watervogels","robuust",1958,"MSI = 100 in het eerste analysejaar met geldige groepsindex",1958,2025,13.8088235294118,9,16,0.10184458845719,"wisselend_soortenaantal","trim-trend-v2","beschrijvend","groeps_msi_zonder_onzekerheidspropagatie","loglineaire samenvatting van groeps-MSI; geen formele inferentie",-0.244605065246151,1.28846747848033,-2.35615360259624,"beschrijvend_geen_trendklasse"
200,"Rietvogels","robuust",1958,"MSI = 100 in het eerste analysejaar met geldige groepsindex",1958,2025,5.86764705882353,3,6,0.0827843782626583,"wisselend_soortenaantal","trim-trend-v2","beschrijvend","groeps_msi_zonder_onzekerheidspropagatie","loglineaire samenvatting van groeps-MSI; geen formele inferentie",2.03485347128356,6.60701591060997,-1.62178786415261,"beschrijvend_geen_trendklasse"
300,"Vogels van pionierbegroeiingen","robuust",1958,"MSI = 100 in het eerste analysejaar met geldige groepsindex",1958,2025,15.5294117647059,12,18,0.0907062791226137,"wisselend_soortenaantal","trim-trend-v2","beschrijvend","groeps_msi_zonder_onzekerheidspropagatie","loglineaire samenvatting van groeps-MSI; geen formele inferentie",-7.13573737541494,3.19047520384559,-11.5005269558458,"beschrijvend_geen_trendklasse"
400,"Vogels van open heide","robuust",1958,"MSI = 100 in het eerste analysejaar met geldige groepsindex",1958,2025,7.76470588235294,5,9,0.115872022817917,"wisselend_soortenaantal","trim-trend-v2","beschrijvend","groeps_msi_zonder_onzekerheidspropagatie","loglineaire samenvatting van groeps-MSI; geen formele inferentie",-6.8659871326403,-0.892361950002063,-9.79894140494689,"beschrijvend_geen_trendklasse"
500,"Weidevogels","robuust",1958,"MSI = 100 in het eerste analysejaar met geldige groepsindex",1958,2025,11.0735294117647,8,13,0.10732387738415,"wisselend_soortenaantal","trim-trend-v2","beschrijvend","groeps_msi_zonder_onzekerheidspropagatie","loglineaire samenvatting van groeps-MSI; geen formele inferentie",-5.06307155649506,-4.11418552786806,-6.36666598632866,"beschrijvend_geen_trendklasse"
600,"Struweelvogels","robuust",1958,"MSI = 100 in het eerste analysejaar met geldige groepsindex",1958,2025,22.1470588235294,13,23,0.0757418826379351,"wisselend_soortenaantal","trim-trend-v2","beschrijvend","groeps_msi_zonder_onzekerheidspropagatie","loglineaire samenvatting van groeps-MSI; geen formele inferentie",0.423770126512912,4.47888574047393,-0.673926612165876,"beschrijvend_geen_trendklasse"
700,"Bosrandvogels","robuust",1958,"MSI = 100 in het eerste analysejaar met geldige groepsindex",1958,2025,18.6470588235294,10,20,0.103493513060763,"wisselend_soortenaantal","trim-trend-v2","beschrijvend","groeps_msi_zonder_onzekerheidspropagatie","loglineaire samenvatting van groeps-MSI; geen formele inferentie",0.918532417527795,3.70592552222364,0.881144653290789,"beschrijvend_geen_trendklasse"
800,"Bosvogels","robuust",1958,"MSI = 100 in het eerste analysejaar met geldige groepsindex",1958,2025,23.8823529411765,6,27,0.211971792937273,"wisselend_soortenaantal","trim-trend-v2","beschrijvend","groeps_msi_zonder_onzekerheidspropagatie","loglineaire samenvatting van groeps-MSI; geen formele inferentie",-1.00449358995857,0.0189026413828008,-2.6602100544259,"beschrijvend_geen_trendklasse"
900,"Vogels van bebouwing/overige","robuust",1958,"MSI = 100 in het eerste analysejaar met geldige groepsindex",1958,2025,8.97058823529412,1,10,0.206514262572517,"wisselend_soortenaantal","trim-trend-v2","beschrijvend","groeps_msi_zonder_onzekerheidspropagatie","loglineaire samenvatting van groeps-MSI; geen formele inferentie",-3.30101131755082,4.58850712655696,-6.39962561804273,"beschrijvend_geen_trendklasse"
