"groep_100","jaar","territoria","surveyed_km2","density_per_km2","periode","korte_beschrijving","index_raw","index_spliced","bridge_factor"
100,1958,243,4.3072,56.417161961367,"1958-1983","Watervogels",47.4320798113947,47.4320798113947,0.682057463784356
100,1959,441,5.0372,87.5486381322957,"1958-1983","Watervogels",73.6055102189218,73.6055102189218,0.682057463784356
100,1960,461,5.022,91.7960971724413,"1958-1983","Watervogels",77.1765125377866,77.1765125377866,0.682057463784356
100,1961,503,5.002,100.559776089564,"1958-1983","Watervogels",84.544474756855,84.544474756855,0.682057463784356
100,1962,529,5.002,105.757696921232,"1958-1983","Watervogels",88.9145668914041,88.9145668914041,0.682057463784356
100,1963,416,5.2472,79.2803781064187,"1958-1983","Watervogels",66.6540657326266,66.6540657326266,0.682057463784356
100,1964,677,5.3272,127.083646193122,"1958-1983","Watervogels",106.844113376049,106.844113376049,0.682057463784356
100,1965,798,5.315,150.141110065851,"1958-1983","Watervogels",126.229410839409,126.229410839409,0.682057463784356
100,1966,829,5.395,153.660797034291,"1958-1983","Watervogels",129.188547162368,129.188547162368,0.682057463784356
100,1967,851,5.735,148.387096774194,"1958-1983","Watervogels",124.754744345246,124.754744345246,0.682057463784356
100,1968,760,5.6,135.714285714286,"1958-1983","Watervogels",114.100224253649,114.100224253649,0.682057463784356
100,1969,628,5.6,112.142857142857,"1958-1983","Watervogels",94.2828168832786,94.2828168832786,0.682057463784356
100,1970,753,5.625,133.866666666667,"1958-1983","Watervogels",112.546859797143,112.546859797143,0.682057463784356
100,1971,730,5.615,130.008904719501,"1958-1983","Watervogels",109.303490825542,109.303490825542,0.682057463784356
100,1972,757,5.645,134.100974313552,"1958-1983","Watervogels",112.743851255436,112.743851255436,0.682057463784356
100,1973,814,5.715,142.432195975503,"1958-1983","Watervogels",119.748230012855,119.748230012855,0.682057463784356
100,1974,726,5.855,123.99658411614,"1958-1983","Watervogels",104.248701453017,104.248701453017,0.682057463784356
100,1975,769,5.505,139.69118982743,"1958-1983","Watervogels",117.443760630507,117.443760630507,0.682057463784356
100,1976,831,6.49,128.043143297381,"1958-1983","Watervogels",107.650799526961,107.650799526961,0.682057463784356
100,1977,747,6.175,120.971659919028,"1958-1983","Watervogels",101.705531237559,101.705531237559,0.682057463784356
100,1978,766,6.38,120.062695924765,"1958-1983","Watervogels",100.941330217467,100.941330217467,0.682057463784356
100,1979,829,6.37,130.141287284144,"1958-1983","Watervogels",109.414789943638,109.414789943638,0.682057463784356
100,1980,705,6.38,110.501567398119,"1958-1983","Watervogels",92.9029214142483,92.9029214142483,0.682057463784356
100,1981,754,6.38,118.181818181818,"1958-1983","Watervogels",99.3600038955223,99.3600038955223,0.682057463784356
100,1982,643,6.035,106.545153272577,"1958-1983","Watervogels",89.5766117587189,89.5766117587189,0.682057463784356
100,1983,673,6.38,105.485893416928,"1958-1983","Watervogels",88.6860512223959,88.6860512223959,0.682057463784356
100,1984,363,3.02300608,120.07914982427,"1984-2025","Watervogels",136.139921101272,92.8552493061359,0.682057463784356
100,1985,606,5.13012052,118.125879818512,"1984-2025","Watervogels",133.925398223132,91.3448174483791,0.682057463784356
100,1986,512,4.23796013,120.812840209518,"1984-2025","Watervogels",136.971743705834,93.4226001221221,0.682057463784356
100,1987,556,5.02247314,110.702433741637,"1984-2025","Watervogels",125.509054797281,85.604387597005,0.682057463784356
100,1988,525,4.70180252,111.659304653229,"1984-2025","Watervogels",126.593908667406,86.3443202762397,0.682057463784356
100,1989,543,4.70180252,115.487623669911,"1984-2025","Watervogels",130.934271250289,89.304696971425,0.682057463784356
100,1990,674,4.85514176,138.821899198264,"1984-2025","Watervogels",157.38954207819,107.348711896032,0.682057463784356
100,1991,569,5.55688703,102.395459351276,"1984-2025","Watervogels",116.091009784895,79.1807397020505,0.682057463784356
100,1992,734,6.1308353,119.722674657399,"1984-2025","Watervogels",135.735766831664,92.5795928700296,0.682057463784356
100,1993,734,6.1308353,119.722674657399,"1984-2025","Watervogels",135.735766831664,92.5795928700296,0.682057463784356
100,1994,799,6.1308353,130.324818870929,"1984-2025","Watervogels",147.755964166893,100.778058178683,0.682057463784356
100,1995,730,6.09164596,119.836248658154,"1984-2025","Watervogels",135.864531529986,92.6674177935921,0.682057463784356
100,1996,795,6.44975091,123.260574104869,"1984-2025","Watervogels",139.746865780546,95.3153928460918,0.682057463784356
100,1997,567,6.09164596,93.0782917659909,"1984-2025","Watervogels",105.52765668151,71.9759258752969,0.682057463784356
100,1998,530,5.62796272,94.1726209586548,"1984-2025","Watervogels",106.768354089562,72.8221528027567,0.682057463784356
100,1999,584,6.09164596,95.8689989265233,"1984-2025","Watervogels",108.691625223989,74.1339342348737,0.682057463784356
100,2000,551,5.70172844,96.6373628274727,"1984-2025","Watervogels",109.562758980394,74.7280975153841,0.682057463784356
100,2001,597,6.44975091,92.5617141391279,"1984-2025","Watervogels",104.94198600124,71.5764648164991,0.682057463784356
100,2002,512,6.09164596,84.0495333054451,"1984-2025","Watervogels",95.2912878676067,64.9941341237248,0.682057463784356
100,2003,458,6.2141484,73.7027780025337,"1984-2025","Watervogels",83.560638103231,56.9931568968922,0.682057463784356
100,2004,435,6.2141484,70.0015467927995,"1984-2025","Watervogels",79.3643615172608,54.1310551313277,0.682057463784356
100,2005,359,6.2141484,57.771391491069,"1984-2025","Watervogels",65.4984041027509,44.6736753842452,0.682057463784356
100,2006,388,5.65793112,68.5763032053314,"1984-2025","Watervogels",77.748489404309,53.0289374961679,0.682057463784356
100,2007,482,6.1308353,78.6189770910988,"1984-2025","Watervogels",89.1343863935451,60.7947735195562,0.682057463784356
100,2008,404,6.02064405,67.1024555919395,"1984-2025","Watervogels",76.0775124020892,51.8892351599919,0.682057463784356
100,2009,480,5.98606767,80.1861967591155,"1984-2025","Watervogels",90.9112241065402,62.006678943638,0.682057463784356
100,2010,439,6.44975091,68.0646440654559,"1984-2025","Watervogels",77.1683950662384,52.6332798231878,0.682057463784356
100,2011,425,6.44975091,65.8940176032318,"1984-2025","Watervogels",74.7074439707319,50.9547697604893,0.682057463784356
100,2012,426,6.44975091,66.0490623505335,"1984-2025","Watervogels",74.8832261918395,51.0746633363963,0.682057463784356
100,2013,444,6.44975091,68.8398678019645,"1984-2025","Watervogels",78.0473061717764,53.2327477027229,0.682057463784356
100,2014,448,6.44975091,69.4600467911714,"1984-2025","Watervogels",78.7504350562068,53.7123220063511,0.682057463784356
100,2015,475,6.57225335,72.2735376596521,"1984-2025","Watervogels",81.9402346626719,55.887948635917,0.682057463784356
100,2016,493,6.44975091,76.4370604197488,"1984-2025","Watervogels",86.660635006049,59.1075329221676,0.682057463784356
100,2017,444,6.57225335,67.5567383597591,"1984-2025","Watervogels",76.5925561899502,52.2405246196782,0.682057463784356
100,2018,397,6.57225335,60.4054620018566,"1984-2025","Watervogels",68.4847856022753,46.7105591757033,0.682057463784356
100,2019,431,6.10857011,70.5566101786135,"1984-2025","Watervogels",79.9936654860307,54.5602766002163,0.682057463784356
100,2020,487,6.44975091,75.5067919359385,"1984-2025","Watervogels",85.6059416794034,58.3881714667254,0.682057463784356
100,2021,469,6.57225335,71.3606087628987,"1984-2025","Watervogels",80.9052001195645,55.181995600516,0.682057463784356
100,2022,427,6.14314649,69.5083538533687,"1984-2025","Watervogels",78.8052032623925,53.7496770701581,0.682057463784356
100,2023,466,6.57225335,70.9041443145219,"1984-2025","Watervogels",80.3876828480108,54.8290190828154,0.682057463784356
100,2024,452,6.57225335,68.7739768887637,"1984-2025","Watervogels",77.9726022474268,53.1817953335463,0.682057463784356
100,2025,392,6.57225335,59.6446879212287,"1984-2025","Watervogels",67.6222568163524,46.1222649795357,0.682057463784356
200,1958,24,4.3072,5.57206537890045,"1958-1983","Rietvogels",17.7606977918159,17.7606977918159,2.09931574670353
200,1959,77,5.0372,15.2862701500834,"1958-1983","Rietvogels",48.7242711702104,48.7242711702104,2.09931574670353
200,1960,76,5.022,15.1334129828753,"1958-1983","Rietvogels",48.2370460988078,48.2370460988078,2.09931574670353
200,1961,87,5.002,17.3930427828868,"1958-1983","Rietvogels",55.4395104042975,55.4395104042975,2.09931574670353
200,1962,81,5.002,16.1935225909636,"1958-1983","Rietvogels",51.6160958936563,51.6160958936563,2.09931574670353
200,1963,54,5.2472,10.2912029272755,"1958-1983","Rietvogels",32.80272801495,32.80272801495,2.09931574670353
200,1964,84,5.3272,15.7681333533564,"1958-1983","Rietvogels",50.2601875940799,50.2601875940799,2.09931574670353
200,1965,134,5.315,25.211665098777,"1958-1983","Rietvogels",80.3610033621342,80.3610033621342,2.09931574670353
200,1966,144,5.395,26.6913809082484,"1958-1983","Rietvogels",85.077528299065,85.077528299065,2.09931574670353
200,1967,143,5.735,24.9346120313862,"1958-1983","Rietvogels",79.477909667495,79.477909667495,2.09931574670353
200,1968,146,5.6,26.0714285714286,"1958-1983","Rietvogels",83.1014592203925,83.1014592203925,2.09931574670353
200,1969,127,5.6,22.6785714285714,"1958-1983","Rietvogels",72.2868857602044,72.2868857602044,2.09931574670353
200,1970,148,5.625,26.3111111111111,"1958-1983","Rietvogels",83.8654361057672,83.8654361057672,2.09931574670353
200,1971,151,5.615,26.8922528940338,"1958-1983","Rietvogels",85.7177983590479,85.7177983590479,2.09931574670353
200,1972,161,5.645,28.5208148804252,"1958-1983","Rietvogels",90.9087635234307,90.9087635234307,2.09931574670353
200,1973,160,5.715,27.9965004374453,"1958-1983","Rietvogels",89.2375357584243,89.2375357584243,2.09931574670353
200,1974,149,5.855,25.4483347566183,"1958-1983","Rietvogels",81.1153768275511,81.1153768275511,2.09931574670353
200,1975,189,5.505,34.3324250681199,"1958-1983","Rietvogels",109.432999189857,109.432999189857,2.09931574670353
200,1976,216,6.49,33.2819722650231,"1958-1983","Rietvogels",106.084730009273,106.084730009273,2.09931574670353
200,1977,191,6.175,30.9311740890688,"1958-1983","Rietvogels",98.591670769377,98.591670769377,2.09931574670353
200,1978,231,6.38,36.2068965517241,"1958-1983","Rietvogels",115.40778937551,115.40778937551,2.09931574670353
200,1979,272,6.37,42.7001569858713,"1958-1983","Rietvogels",136.104753321974,136.104753321974,2.09931574670353
200,1980,334,6.38,52.3510971786834,"1958-1983","Rietvogels",166.866673815672,166.866673815672,2.09931574670353
200,1981,464,6.38,72.7272727272727,"1958-1983","Rietvogels",231.814780390634,231.814780390634,2.09931574670353
200,1982,476,6.035,78.8732394366197,"1958-1983","Rietvogels",251.404761832096,251.404761832096,2.09931574670353
200,1983,497,6.38,77.8996865203762,"1958-1983","Rietvogels",248.301607444278,248.301607444278,2.09931574670353
200,1984,166,3.02300608,54.9122282942944,"1984-2025","Rietvogels",92.1469818585166,193.445610026788,2.09931574670353
200,1985,395,5.13012052,76.9962417958945,"1984-2025","Rietvogels",129.205670873812,271.243499428788,2.09931574670353
200,1986,321,4.23796013,75.7439877094832,"1984-2025","Rietvogels",127.104291305597,266.832040211433,2.09931574670353
200,1987,452,5.02247314,89.9955036892442,"1984-2025","Rietvogels",151.019441450394,317.037491495183,2.09931574670353
200,1988,485,4.70180252,103.151929060602,"1984-2025","Rietvogels",173.096944543515,363.385141386467,2.09931574670353
200,1989,492,4.70180252,104.640719789312,"1984-2025","Rietvogels",175.595250959607,368.62987538586,2.09931574670353
200,1990,496,4.85514176,102.159735908514,"1984-2025","Rietvogels",171.431967411362,359.889828675037,2.09931574670353
200,1991,450,5.55688703,80.980591754085,"1984-2025","Rietvogels",135.89171940471,285.279626392924,2.09931574670353
200,1992,560,6.1308353,91.3415501473347,"1984-2025","Rietvogels",153.278211899294,321.779363866747,2.09931574670353
200,1993,593,6.1308353,96.7241772095884,"1984-2025","Rietvogels",162.310677957645,340.741362094609,2.09931574670353
200,1994,618,6.1308353,100.801924984023,"1984-2025","Rietvogels",169.153455274578,355.106512267231,2.09931574670353
200,1995,560,6.09164596,91.9291770528306,"1984-2025","Rietvogels",154.264295463597,323.849464620855,2.09931574670353
200,1996,645,6.44975091,100.003862009611,"1984-2025","Rietvogels",167.814243650693,352.295084217042,2.09931574670353
200,1997,468,6.09164596,76.8265265370084,"1984-2025","Rietvogels",128.920875494578,270.645624004572,2.09931574670353
200,1998,408,5.62796272,72.4951497191154,"1984-2025","Rietvogels",121.652488953756,255.386985686297,2.09931574670353
200,1999,403,6.09164596,66.1561756290906,"1984-2025","Rietvogels",111.015198342553,233.055954003937,2.09931574670353
200,2000,373,5.70172844,65.4187592280351,"1984-2025","Rietvogels",109.777756376693,230.458172599376,2.09931574670353
200,2001,496,6.44975091,76.902194661654,"1984-2025","Rietvogels",129.047852481773,270.91218879326,2.09931574670353
200,2002,351,6.09164596,57.6198949027563,"1984-2025","Rietvogels",96.6906566209333,202.984218003429,2.09931574670353
200,2003,358,6.2141484,57.6104683949936,"1984-2025","Rietvogels",96.6748382091372,202.951010162458,2.09931574670353
200,2004,344,6.2141484,55.357545049938,"1984-2025","Rietvogels",92.8942579439754,195.014378480127,2.09931574670353
200,2005,312,6.2141484,50.2080059755251,"1984-2025","Rietvogels",84.2529316236056,176.873506063371,2.09931574670353
200,2006,278,5.65793112,49.1345677605209,"1984-2025","Rietvogels",82.4516189689066,173.091982042625,2.09931574670353
200,2007,305,6.1308353,49.748522848102,"1984-2025","Rietvogels",83.4818832665795,175.254832105996,2.09931574670353
200,2008,204,6.02064405,33.8834181701873,"1984-2025","Rietvogels",56.859006025024,119.365006690244,2.09931574670353
200,2009,234,5.98606767,39.0907709200688,"1984-2025","Rietvogels",65.5973481808474,137.709545978047,2.09931574670353
200,2010,258,6.44975091,40.0015448038442,"1984-2025","Rietvogels",67.1256974602771,140.918033686817,2.09931574670353
200,2011,254,6.44975091,39.3813658146373,"1984-2025","Rietvogels",66.0849889725208,138.733257970742,2.09931574670353
200,2012,237,6.44975091,36.7456051105081,"1984-2025","Rietvogels",61.6619778995568,129.447961177425,2.09931574670353
200,2013,207,6.44975091,32.0942626914564,"1984-2025","Rietvogels",53.8566642413851,113.062143306865,2.09931574670353
200,2014,235,6.44975091,36.4355156159046,"1984-2025","Rietvogels",61.1416236556787,128.355573319387,2.09931574670353
200,2015,255,6.57225335,38.7994781120238,"1984-2025","Rietvogels",65.1085362361821,136.683375365434,2.09931574670353
200,2016,209,6.44975091,32.4043521860599,"1984-2025","Rietvogels",54.3770184852632,114.154531164902,2.09931574670353
200,2017,226,6.57225335,34.3869884443819,"1984-2025","Rietvogels",57.7040360367731,121.138991500346,2.09931574670353
200,2018,214,6.57225335,32.5611306508749,"1984-2025","Rietvogels",54.6401049197763,114.706832659619,2.09931574670353
200,2019,256,6.10857011,41.9083345840488,"1984-2025","Rietvogels",70.3254387336207,147.635300927324,2.09931574670353
200,2020,269,6.44975091,41.7070370241632,"1984-2025","Rietvogels",69.9876458016067,146.926166906022,2.09931574670353
200,2021,261,6.57225335,39.7124070087773,"1984-2025","Rietvogels",66.6405017946805,139.899454785797,2.09931574670353
200,2022,196,6.14314649,31.905473899907,"1984-2025","Rietvogels",53.5398619936824,112.397075359671,2.09931574670353
200,2023,247,6.57225335,37.5822395830191,"1984-2025","Rietvogels",63.0659154915175,132.395269471617,2.09931574670353
200,2024,215,6.57225335,32.7132854670004,"1984-2025","Rietvogels",54.8954325128594,115.242845896346,2.09931574670353
200,2025,228,6.57225335,34.691298076633,"1984-2025","Rietvogels",58.2146912229392,122.2110179738,2.09931574670353
300,1958,125,4.3072,29.0211738484398,"1958-1983","Vogels van pionierbegroeiingen",105.530005134139,105.530005134139,0.497263536401217
300,1959,157,5.0372,31.1681092670531,"1958-1983","Vogels van pionierbegroeiingen",113.336929379593,113.336929379593,0.497263536401217
300,1960,131,5.022,26.0852250099562,"1958-1983","Vogels van pionierbegroeiingen",94.8539829436925,94.8539829436925,0.497263536401217
300,1961,163,5.002,32.5869652139144,"1958-1983","Vogels van pionierbegroeiingen",118.49633044789,118.49633044789,0.497263536401217
300,1962,146,5.002,29.188324670132,"1958-1983","Vogels van pionierbegroeiingen",106.137817456393,106.137817456393,0.497263536401217
300,1963,108,5.2472,20.582405854551,"1958-1983","Vogels van pionierbegroeiingen",74.8440227417083,74.8440227417083,0.497263536401217
300,1964,109,5.3272,20.4610301847124,"1958-1983","Vogels van pionierbegroeiingen",74.4026630941586,74.4026630941586,0.497263536401217
300,1965,106,5.315,19.9435559736595,"1958-1983","Vogels van pionierbegroeiingen",72.5209660809918,72.5209660809918,0.497263536401217
300,1966,123,5.395,22.7988878591288,"1958-1983","Vogels van pionierbegroeiingen",82.9038399821952,82.9038399821952,0.497263536401217
300,1967,133,5.735,23.1909328683522,"1958-1983","Vogels van pionierbegroeiingen",84.3294374460408,84.3294374460408,0.497263536401217
300,1968,166,5.6,29.6428571428571,"1958-1983","Vogels van pionierbegroeiingen",107.790638752692,107.790638752692,0.497263536401217
300,1969,127,5.6,22.6785714285714,"1958-1983","Vogels van pionierbegroeiingen",82.4663320577828,82.4663320577828,0.497263536401217
300,1970,138,5.625,24.5333333333333,"1958-1983","Vogels van pionierbegroeiingen",89.2108226271279,89.2108226271279,0.497263536401217
300,1971,142,5.615,25.2894033837934,"1958-1983","Vogels van pionierbegroeiingen",91.9601282452779,91.9601282452779,0.497263536401217
300,1972,151,5.645,26.7493356953056,"1958-1983","Vogels van pionierbegroeiingen",97.2688957380737,97.2688957380737,0.497263536401217
300,1973,168,5.715,29.3963254593176,"1958-1983","Vogels van pionierbegroeiingen",106.894172952738,106.894172952738,0.497263536401217
300,1974,158,5.855,26.9854824935952,"1958-1983","Vogels van pionierbegroeiingen",98.1275988686246,98.1275988686246,0.497263536401217
300,1975,190,5.505,34.5140781108083,"1958-1983","Vogels van pionierbegroeiingen",125.503911704436,125.503911704436,0.497263536401217
300,1976,203,6.49,31.2788906009245,"1958-1983","Vogels van pionierbegroeiingen",113.739764729854,113.739764729854,0.497263536401217
300,1977,195,6.175,31.5789473684211,"1958-1983","Vogels van pionierbegroeiingen",114.830864365582,114.830864365582,0.497263536401217
300,1978,210,6.38,32.9153605015674,"1958-1983","Vogels van pionierbegroeiingen",119.690477747825,119.690477747825,0.497263536401217
300,1979,184,6.37,28.8854003139717,"1958-1983","Vogels van pionierbegroeiingen",105.036290377309,105.036290377309,0.497263536401217
300,1980,195,6.38,30.564263322884,"1958-1983","Vogels van pionierbegroeiingen",111.141157908694,111.141157908694,0.497263536401217
300,1981,192,6.38,30.0940438871473,"1958-1983","Vogels van pionierbegroeiingen",109.431293940868,109.431293940868,0.497263536401217
300,1982,177,6.035,29.3289146644573,"1958-1983","Vogels van pionierbegroeiingen",106.649046357761,106.649046357761,0.497263536401217
300,1983,163,6.38,25.5485893416928,"1958-1983","Vogels van pionierbegroeiingen",92.9026089185498,92.9026089185498,0.497263536401217
300,1984,113,3.02300608,37.380010826839,"1984-2025","Vogels van pionierbegroeiingen",215.461429956599,107.141112618282,0.497263536401217
300,1985,193,5.13012052,37.6209485230573,"1984-2025","Vogels van pionierbegroeiingen",216.850214480984,107.831704522177,0.497263536401217
300,1986,139,4.23796013,32.798798416256,"1984-2025","Vogels van pionierbegroeiingen",189.054948120847,94.0101320767212,0.497263536401217
300,1987,163,5.02247314,32.454130755192,"1984-2025","Vogels van pionierbegroeiingen",187.068255622104,93.0222223390543,0.497263536401217
300,1988,128,4.70180252,27.2236018964063,"1984-2025","Vogels van pionierbegroeiingen",156.919060840864,78.0301271224857,0.497263536401217
300,1989,120,4.70180252,25.5221267778809,"1984-2025","Vogels van pionierbegroeiingen",147.11161953831,73.1532441773303,0.497263536401217
300,1990,112,4.85514176,23.0683274632129,"1984-2025","Vogels van pionierbegroeiingen",132.967720233035,66.1199987902867,0.497263536401217
300,1991,109,5.55688703,19.615298891545,"1984-2025","Vogels van pionierbegroeiingen",113.064182024363,56.2226949937458,0.497263536401217
300,1992,125,6.1308353,20.3887388721729,"1984-2025","Vogels van pionierbegroeiingen",117.522353130404,58.4395809238172,0.497263536401217
300,1993,117,6.1308353,19.0838595843539,"1984-2025","Vogels van pionierbegroeiingen",110.000922530058,54.6994477446929,0.497263536401217
300,1994,109,6.1308353,17.7789802965348,"1984-2025","Vogels van pionierbegroeiingen",102.479491929712,50.9593145655686,0.497263536401217
300,1995,116,6.09164596,19.0424723895149,"1984-2025","Vogels van pionierbegroeiingen",109.762363364754,54.580820970513,0.497263536401217
300,1996,104,6.44975091,16.1246537193791,"1984-2025","Vogels van pionierbegroeiingen",92.9438186635808,46.2175719552857,0.497263536401217
300,1997,100,6.09164596,16.4159244737197,"1984-2025","Vogels van pionierbegroeiingen",94.622727038581,47.0524318711319,0.497263536401217
300,1998,87,5.62796272,15.4585245724584,"1984-2025","Vogels van pionierbegroeiingen",89.104195951962,44.3082675872596,0.497263536401217
300,1999,73,6.09164596,11.9836248658154,"1984-2025","Vogels van pionierbegroeiingen",69.0745907381642,34.3482752659263,0.497263536401217
300,2000,81,5.70172844,14.2062184918789,"1984-2025","Vogels van pionierbegroeiingen",81.8858016043801,40.7188232868425,0.497263536401217
300,2001,80,6.44975091,12.4035797841377,"1984-2025","Vogels van pionierbegroeiingen",71.4952451258314,35.5519784271428,0.497263536401217
300,2002,78,6.09164596,12.8044210895014,"1984-2025","Vogels van pionierbegroeiingen",73.8057270900932,36.7008968594829,0.497263536401217
300,2003,100,6.2141484,16.0923096075401,"1984-2025","Vogels van pionierbegroeiingen",92.7573845659616,46.1248650765978,0.497263536401217
300,2004,78,6.2141484,12.5520014938813,"1984-2025","Vogels van pionierbegroeiingen",72.35075996145,35.9773947597463,0.497263536401217
300,2005,90,6.2141484,14.4830786467861,"1984-2025","Vogels van pionierbegroeiingen",83.4816461093654,41.512378568938,0.497263536401217
300,2006,58,5.65793112,10.2510968709,"1984-2025","Vogels van pionierbegroeiingen",59.0881581243919,29.3823864683695,0.497263536401217
300,2007,74,6.1308353,12.0701334123264,"1984-2025","Vogels van pionierbegroeiingen",69.5732330531989,34.5962319068998,0.497263536401217
300,2008,71,6.02064405,11.792758284722,"1984-2025","Vogels van pionierbegroeiingen",67.974420203602,33.8012005752655,0.497263536401217
300,2009,60,5.98606767,10.0232745948894,"1984-2025","Vogels van pionierbegroeiingen",57.77497195137,28.7293868680194,0.497263536401217
300,2010,49,6.44975091,7.59719261778437,"1984-2025","Vogels van pionierbegroeiingen",43.7908376395717,21.775586786625,0.497263536401217
300,2011,59,6.44975091,9.14764009080158,"1984-2025","Vogels van pionierbegroeiingen",52.7277432803006,26.2195840900178,0.497263536401217
300,2012,53,6.44975091,8.21737160699125,"1984-2025","Vogels van pionierbegroeiingen",47.3655998958633,23.5531857079821,0.497263536401217
300,2013,53,6.44975091,8.21737160699125,"1984-2025","Vogels van pionierbegroeiingen",47.3655998958633,23.5531857079821,0.497263536401217
300,2014,69,6.44975091,10.6980875638188,"1984-2025","Vogels van pionierbegroeiingen",61.6646489210296,30.6635813934107,0.497263536401217
300,2015,81,6.57225335,12.3245401061723,"1984-2025","Vogels van pionierbegroeiingen",71.0396539780213,35.3254295618297,0.497263536401217
300,2016,93,6.44975091,14.4191614990601,"1984-2025","Vogels van pionierbegroeiingen",83.113222458779,41.3291749215535,0.497263536401217
300,2017,100,6.57225335,15.2154816125583,"1984-2025","Vogels van pionierbegroeiingen",87.7032765160757,43.6116414343576,0.497263536401217
300,2018,97,6.57225335,14.7590171641816,"1984-2025","Vogels van pionierbegroeiingen",85.0721782205934,42.3032921913269,0.497263536401217
300,2019,104,6.10857011,17.0252609247698,"1984-2025","Vogels van pionierbegroeiingen",98.1349920209568,48.7989531770462,0.497263536401217
300,2020,126,6.44975091,19.5356381600169,"1984-2025","Vogels van pionierbegroeiingen",112.605011073184,55.9943660227499,0.497263536401217
300,2021,125,6.57225335,19.0193520156979,"1984-2025","Vogels van pionierbegroeiingen",109.629095645095,54.5145517929471,0.497263536401217
300,2022,104,6.14314649,16.9294351305629,"1984-2025","Vogels van pionierbegroeiingen",97.5826443305774,48.5242908112051,0.497263536401217
300,2023,124,6.57225335,18.8671971995724,"1984-2025","Vogels van pionierbegroeiingen",108.752062879934,54.0784353786035,0.497263536401217
300,2024,124,6.57225335,18.8671971995723,"1984-2025","Vogels van pionierbegroeiingen",108.752062879934,54.0784353786035,0.497263536401217
300,2025,126,6.57225335,19.1715068318235,"1984-2025","Vogels van pionierbegroeiingen",110.506128410255,54.9506682072906,0.497263536401217
400,1958,113,4.3072,26.2351411589896,"1958-1983","Vogels van open heide",134.731601036879,134.731601036879,0.37916435173517
400,1959,135,5.0372,26.8006035098865,"1958-1983","Vogels van open heide",137.635555218056,137.635555218056,0.37916435173517
400,1960,111,5.022,22.1027479091995,"1958-1983","Vogels van open heide",113.509532694112,113.509532694112,0.37916435173517
400,1961,128,5.002,25.5897640943623,"1958-1983","Vogels van open heide",131.417241694851,131.417241694851,0.37916435173517
400,1962,121,5.002,24.1903238704518,"1958-1983","Vogels van open heide",124.230361289664,124.230361289664,0.37916435173517
400,1963,87,5.2472,16.5802713828327,"1958-1983","Vogels van open heide",85.1486369178369,85.1486369178369,0.37916435173517
400,1964,87,5.3272,16.3312809731191,"1958-1983","Vogels van open heide",83.8699368590017,83.8699368590017,0.37916435173517
400,1965,73,5.315,13.7347130761994,"1958-1983","Vogels van open heide",70.5351601245121,70.5351601245121,0.37916435173517
400,1966,77,5.395,14.2724745134384,"1958-1983","Vogels van open heide",73.296855172235,73.296855172235,0.37916435173517
400,1967,82,5.735,14.2981691368788,"1958-1983","Vogels van open heide",73.428810923233,73.428810923233,0.37916435173517
400,1968,109,5.6,19.4642857142857,"1958-1983","Vogels van open heide",99.9596061417177,99.9596061417177,0.37916435173517
400,1969,84,5.6,15,"1958-1983","Vogels van open heide",77.033090971599,77.033090971599,0.37916435173517
400,1970,88,5.625,15.6444444444444,"1958-1983","Vogels van open heide",80.3426608059343,80.3426608059343,0.37916435173517
400,1971,100,5.615,17.8094390026714,"1958-1983","Vogels van open heide",91.4610756563953,91.4610756563953,0.37916435173517
400,1972,107,5.645,18.9548272807794,"1958-1983","Vogels van open heide",97.3432622847486,97.3432622847486,0.37916435173517
400,1973,117,5.715,20.4724409448819,"1958-1983","Vogels van open heide",105.137027047852,105.137027047852,0.37916435173517
400,1974,114,5.855,19.4705380017079,"1958-1983","Vogels van open heide",99.9917150101028,99.9917150101028,0.37916435173517
400,1975,134,5.505,24.3415077202543,"1958-1983","Vogels van open heide",125.006771906682,125.006771906682,0.37916435173517
400,1976,140,6.49,21.5716486902928,"1958-1983","Vogels van open heide",110.782051731113,110.782051731113,0.37916435173517
400,1977,129,6.175,20.8906882591093,"1958-1983","Vogels van open heide",107.284952608219,107.284952608219,0.37916435173517
400,1978,143,6.38,22.4137931034483,"1958-1983","Vogels van open heide",115.106917543769,115.106917543769,0.37916435173517
400,1979,123,6.37,19.309262166405,"1958-1983","Vogels van open heide",99.1634766039422,99.1634766039422,0.37916435173517
400,1980,110,6.38,17.2413793103448,"1958-1983","Vogels van open heide",88.5437827259758,88.5437827259758,0.37916435173517
400,1981,119,6.38,18.6520376175549,"1958-1983","Vogels van open heide",95.7882740399193,95.7882740399193,0.37916435173517
400,1982,117,6.035,19.3869096934548,"1958-1983","Vogels van open heide",99.5622385382721,99.5622385382721,0.37916435173517
400,1983,99,6.38,15.5172413793103,"1958-1983","Vogels van open heide",79.6894044533782,79.6894044533782,0.37916435173517
400,1984,64,3.02300608,21.1709795833424,"1984-2025","Vogels van open heide",336.639129742416,127.641557397475,0.37916435173517
400,1985,77,5.13012052,15.0093939703389,"1984-2025","Vogels van open heide",238.66393636842,90.492856715696,0.37916435173517
400,1986,40,4.23796013,9.43850314136863,"1984-2025","Vogels van open heide",150.081363551141,56.9055029183987,0.37916435173517
400,1987,48,5.02247314,9.55704463956576,"1984-2025","Vogels van open heide",151.96628846141,57.6201992500704,0.37916435173517
400,1988,44,4.70180252,9.35811315188967,"1984-2025","Vogels van open heide",148.803084669823,56.4208251350271,0.37916435173517
400,1989,40,4.70180252,8.50737559262697,"1984-2025","Vogels van open heide",135.275531518021,51.291659213661,0.37916435173517
400,1990,34,4.85514176,7.00288512276107,"1984-2025","Vogels van open heide",111.352672375503,42.2209638352365,0.37916435173517
400,1991,41,5.55688703,7.37823169314997,"1984-2025","Vogels van open heide",117.321047259155,44.4839588289087,0.37916435173517
400,1992,43,6.1308353,7.01372617202749,"1984-2025","Vogels van open heide",111.525055584139,42.286325402789,0.37916435173517
400,1993,37,6.1308353,6.03506670616319,"1984-2025","Vogels van open heide",95.9634199212362,36.3859079047254,0.37916435173517
400,1994,36,6.1308353,5.8719567951858,"1984-2025","Vogels van open heide",93.3698139774189,35.4025049883814,0.37916435173517
400,1995,33,6.09164596,5.41725507632751,"1984-2025","Vogels van open heide",86.1396151892026,32.661071351931,0.37916435173517
400,1996,44,6.44975091,6.82196888127576,"1984-2025","Vogels van open heide",108.475928488895,41.1302051043626,0.37916435173517
400,1997,41,6.09164596,6.7305290342251,"1984-2025","Vogels van open heide",107.021946144161,40.578906831187,0.37916435173517
400,1998,32,5.62796272,5.6858940956169,"1984-2025","Vogels van open heide",90.411236410716,34.2807178432443,0.37916435173517
400,1999,31,6.09164596,5.08893658685312,"1984-2025","Vogels van open heide",80.919032450463,30.681612482117,0.37916435173517
400,2000,41,5.70172844,7.19080195267946,"1984-2025","Vogels van open heide",114.340732414891,43.3539296830167,0.37916435173517
400,2001,36,6.44975091,5.58161090286198,"1984-2025","Vogels van open heide",88.7530324000053,33.6519859944785,0.37916435173517
400,2002,38,6.09164596,6.2380513000135,"1984-2025","Vogels van open heide",99.1910720360515,37.609718526466,0.37916435173517
400,2003,52,6.2141484,8.36800099592086,"1984-2025","Vogels van open heide",133.059340115132,50.4513584370634,0.37916435173517
400,2004,38,6.2141484,6.11507765086524,"1984-2025","Vogels van open heide",97.2356716225963,36.8683003963156,0.37916435173517
400,2005,44,6.2141484,7.08061622731765,"1984-2025","Vogels van open heide",112.588672405111,42.6896109852075,0.37916435173517
400,2006,18,5.65793112,3.18137489096898,"1984-2025","Vogels van open heide",50.5869494826223,19.1807679068383,0.37916435173517
400,2007,36,6.1308353,5.8719567951858,"1984-2025","Vogels van open heide",93.3698139774189,35.4025049883814,0.37916435173517
400,2008,33,6.02064405,5.48114117458912,"1984-2025","Vogels van open heide",87.1554661769551,33.0462458331617,0.37916435173517
400,2009,26,5.98606767,4.34341899111876,"1984-2025","Vogels van open heide",69.0645788741561,26.1868262766819,0.37916435173517
400,2010,23,6.44975091,3.5660291879396,"1984-2025","Vogels van open heide",56.7033262555589,21.4998799409168,0.37916435173517
400,2011,22,6.44975091,3.41098444063788,"1984-2025","Vogels van open heide",54.2379642444477,20.5651025521813,0.37916435173517
400,2012,19,6.44975091,2.94585019873271,"1984-2025","Vogels van open heide",46.8418782111139,17.7607703859748,0.37916435173517
400,2013,17,6.44975091,2.63576070412927,"1984-2025","Vogels van open heide",41.9111541888914,15.8912156085037,0.37916435173517
400,2014,23,6.44975091,3.5660291879396,"1984-2025","Vogels van open heide",56.7033262555589,21.4998799409168,0.37916435173517
400,2015,26,6.57225335,3.95602521926517,"1984-2025","Vogels van open heide",62.9046417908937,23.8511977257773,0.37916435173517
400,2016,23,6.44975091,3.5660291879396,"1984-2025","Vogels van open heide",56.7033262555589,21.4998799409168,0.37916435173517
400,2017,28,6.57225335,4.26033485151634,"1984-2025","Vogels van open heide",67.7434603901932,25.6859052431447,0.37916435173517
400,2018,31,6.57225335,4.71679929989309,"1984-2025","Vogels van open heide",75.0016882891425,28.437966519196,0.37916435173517
400,2019,35,6.10857011,5.72965511891293,"1984-2025","Vogels van open heide",91.1070791675909,34.5445566110644,0.37916435173517
400,2020,31,6.44975091,4.80638716635337,"1984-2025","Vogels van open heide",76.426222344449,28.9780990508009,0.37916435173517
400,2021,22,6.57225335,3.34740595476284,"1984-2025","Vogels van open heide",53.2270045922946,20.1817826910423,0.37916435173517
400,2022,31,6.14314649,5.04627393314855,"1984-2025","Vogels van open heide",80.2406548364716,30.4243958738763,0.37916435173517
400,2023,35,6.57225335,5.32541856439542,"1984-2025","Vogels van open heide",84.6793254877415,32.1073815539309,0.37916435173517
400,2024,39,6.57225335,5.93403782889775,"1984-2025","Vogels van open heide",94.3569626863405,35.7767965886659,0.37916435173517
400,2025,38,6.57225335,5.78188301277217,"1984-2025","Vogels van open heide",91.9375533866907,34.8594428299822,0.37916435173517
500,1958,269,4.3072,62.4535661218425,"1958-1983","Weidevogels",117.850213821227,117.850213821227,0.439454872406687
500,1959,386,5.0372,76.629873739379,"1958-1983","Weidevogels",144.60098223472,144.60098223472,0.439454872406687
500,1960,379,5.022,75.4679410593389,"1958-1983","Weidevogels",142.40840904328,142.40840904328,0.439454872406687
500,1961,333,5.002,66.5733706517393,"1958-1983","Weidevogels",125.624307037983,125.624307037983,0.439454872406687
500,1962,348,5.002,69.5721711315474,"1958-1983","Weidevogels",131.283059607261,131.283059607261,0.439454872406687
500,1963,275,5.2472,52.4089037963104,"1958-1983","Weidevogels",98.8958822060152,98.8958822060152,0.439454872406687
500,1964,379,5.3272,71.1443159633579,"1958-1983","Weidevogels",134.249705326504,134.249705326504,0.439454872406687
500,1965,369,5.315,69.4261523988711,"1958-1983","Weidevogels",131.007521476513,131.007521476513,0.439454872406687
500,1966,358,5.395,66.3577386468953,"1958-1983","Weidevogels",125.217408289751,125.217408289751,0.439454872406687
500,1967,314,5.735,54.7515257192677,"1958-1983","Weidevogels",103.316422323519,103.316422323519,0.439454872406687
500,1968,288,5.6,51.4285714285714,"1958-1983","Weidevogels",97.045989776678,97.045989776678,0.439454872406687
500,1969,224,5.6,40,"1958-1983","Weidevogels",75.4802142707495,75.4802142707495,0.439454872406687
500,1970,284,5.625,50.4888888888889,"1958-1983","Weidevogels",95.272803790635,95.272803790635,0.439454872406687
500,1971,256,5.615,45.5921638468388,"1958-1983","Weidevogels",86.0326574056629,86.0326574056629,0.439454872406687
500,1972,236,5.645,41.806908768822,"1958-1983","Weidevogels",78.889860796709,78.889860796709,0.439454872406687
500,1973,293,5.715,51.2685914260717,"1958-1983","Weidevogels",96.7441066549852,96.7441066549852,0.439454872406687
500,1974,262,5.855,44.7480785653288,"1958-1983","Weidevogels",84.4398639578838,84.4398639578838,0.439454872406687
500,1975,272,5.505,49.4096276112625,"1958-1983","Weidevogels",93.2362319784009,93.2362319784009,0.439454872406687
500,1976,299,6.49,46.0708782742681,"1958-1983","Weidevogels",86.9359940945844,86.9359940945844,0.439454872406687
500,1977,285,6.175,46.1538461538462,"1958-1983","Weidevogels",87.0925549277879,87.0925549277879,0.439454872406687
500,1978,295,6.38,46.2382445141066,"1958-1983","Weidevogels",87.2518150857019,87.2518150857019,0.439454872406687
500,1979,273,6.37,42.8571428571429,"1958-1983","Weidevogels",80.8716581472317,80.8716581472317,0.439454872406687
500,1980,242,6.38,37.9310344827586,"1958-1983","Weidevogels",71.5760652567453,71.5760652567453,0.439454872406687
500,1981,264,6.38,41.3793103448276,"1958-1983","Weidevogels",78.0829802800857,78.0829802800857,0.439454872406687
500,1982,256,6.035,42.4192212096106,"1958-1983","Weidevogels",80.0452976524933,80.0452976524933,0.439454872406687
500,1983,225,6.38,35.2664576802508,"1958-1983","Weidevogels",66.5479945568913,66.5479945568913,0.439454872406687
500,1984,135,3.02300608,44.6575350586129,"1984-2025","Weidevogels",216.86683626907,95.303187861866,0.439454872406687
500,1985,173,5.13012052,33.7224046346576,"1984-2025","Weidevogels",163.763431969654,71.9666381011056,0.439454872406687
500,1986,114,4.23796013,26.8997339529006,"1984-2025","Weidevogels",130.631038887134,57.4064465264986,0.439454872406687
500,1987,151,5.02247314,30.0648695953006,"1984-2025","Weidevogels",146.001635410853,64.1611300606441,0.439454872406687
500,1988,131,4.70180252,27.8616550658533,"1984-2025","Weidevogels",135.302339894516,59.4592725146708,0.439454872406687
500,1989,114,4.70180252,24.2460204389869,"1984-2025","Weidevogels",117.744020976907,51.7431837150571,0.439454872406687
500,1990,123,4.85514176,25.3339667676356,"1984-2025","Weidevogels",123.027328217554,54.0649588243808,0.439454872406687
500,1991,103,5.55688703,18.5355576681572,"1984-2025","Weidevogels",90.0127547277351,39.5565436438513,0.439454872406687
500,1992,147,6.1308353,23.9771569136754,"1984-2025","Weidevogels",116.438360419379,51.1694048213421,0.439454872406687
500,1993,139,6.1308353,22.6722776258563,"1984-2025","Weidevogels",110.101578899957,48.3846753072555,0.439454872406687
500,1994,157,6.1308353,25.6082560234492,"1984-2025","Weidevogels",124.359337318657,54.6503167139505,0.439454872406687
500,1995,158,6.09164596,25.9371606684772,"1984-2025","Weidevogels",125.956570791301,55.3522287458752,0.439454872406687
500,1996,162,6.44975091,25.1172490628789,"1984-2025","Weidevogels",121.97489926167,53.6024637918558,0.439454872406687
500,1997,132,6.09164596,21.6690203053101,"1984-2025","Weidevogels",105.229540154758,46.2436341421236,0.439454872406687
500,1998,96,5.62796272,17.0576822868507,"1984-2025","Weidevogels",82.8358660364261,36.4026249397351,0.439454872406687
500,1999,140,6.09164596,22.9822942632076,"1984-2025","Weidevogels",111.607088042925,49.0462786355856,0.439454872406687
500,2000,130,5.70172844,22.8001037523983,"1984-2025","Weidevogels",110.722330753352,48.6574677337854,0.439454872406687
500,2001,139,6.44975091,21.5512198749393,"1984-2025","Weidevogels",104.657475292421,45.9922374510368,0.439454872406687
500,2002,141,6.09164596,23.1464535079448,"1984-2025","Weidevogels",112.404281528946,49.3966091972684,0.439454872406687
500,2003,142,6.2141484,22.851079642707,"1984-2025","Weidevogels",110.969880915777,48.766254858828,0.439454872406687
500,2004,119,6.2141484,19.1498484329727,"1984-2025","Weidevogels",92.9958861195595,40.8674952690178,0.439454872406687
500,2005,110,6.2141484,17.7015405682941,"1984-2025","Weidevogels",85.9625838079961,37.7766762990921,0.439454872406687
500,2006,76,5.65793112,13.432471761869,"1984-2025","Weidevogels",65.2310444462905,28.6661003140995,0.439454872406687
500,2007,115,6.1308353,18.7576397623991,"1984-2025","Weidevogels",91.0912343416912,40.0304867649956,0.439454872406687
500,2008,99,6.02064405,16.4434235237674,"1984-2025","Weidevogels",79.8528900520689,35.0917416091372,0.439454872406687
500,2009,122,5.98606767,20.3806583429419,"1984-2025","Weidevogels",98.9729704094399,43.4941540829913,0.439454872406687
500,2010,100,6.44975091,15.5044747301722,"1984-2025","Weidevogels",75.293147692389,33.0879406122567,0.439454872406687
500,2011,91,6.44975091,14.1090720044567,"1984-2025","Weidevogels",68.516764400074,30.1100259571536,0.439454872406687
500,2012,100,6.44975091,15.5044747301722,"1984-2025","Weidevogels",75.293147692389,33.0879406122567,0.439454872406687
500,2013,99,6.44975091,15.3494299828705,"1984-2025","Weidevogels",74.5402162154651,32.7570612061341,0.439454872406687
500,2014,94,6.44975091,14.5742062463618,"1984-2025","Weidevogels",70.7755588308456,31.1026641755213,0.439454872406687
500,2015,111,6.57225335,16.8891845899398,"1984-2025","Weidevogels",82.0176040701143,36.0430357317343,0.439454872406687
500,2016,100,6.44975091,15.5044747301722,"1984-2025","Weidevogels",75.293147692389,33.0879406122567,0.439454872406687
500,2017,92,6.57225335,13.9982430835537,"1984-2025","Weidevogels",67.9785547247795,29.873507092969,0.439454872406687
500,2018,83,6.57225335,12.6288497384234,"1984-2025","Weidevogels",61.3284787190945,26.9510987903959,0.439454872406687
500,2019,92,6.10857011,15.0608077411426,"1984-2025","Weidevogels",73.1386029746477,32.1411154382272,0.439454872406687
500,2020,116,6.44975091,17.9851906869997,"1984-2025","Weidevogels",87.3400513231712,38.3820111102177,0.439454872406687
500,2021,106,6.57225335,16.1284105093118,"1984-2025","Weidevogels",78.3231174002894,34.4194755636382,0.439454872406687
500,2022,100,6.14314649,16.2783030101566,"1984-2025","Weidevogels",79.0510284324589,34.7393596134036,0.439454872406687
500,2023,122,6.57225335,18.5628875673212,"1984-2025","Weidevogels",90.1454747437293,39.6148681015458,0.439454872406687
500,2024,116,6.57225335,17.6499586705677,"1984-2025","Weidevogels",85.7120907399393,37.6665958998304,0.439454872406687
500,2025,109,6.57225335,16.5848749576886,"1984-2025","Weidevogels",80.5398094021843,35.3936116644958,0.439454872406687
600,1958,297,4.3072,68.954309063893,"1958-1983","Struweelvogels",33.4542854428334,33.4542854428334,1.49490454707433
600,1959,772,5.0372,153.259747478758,"1958-1983","Struweelvogels",74.3564167150175,74.3564167150175,1.49490454707433
600,1960,829,5.022,165.073675826364,"1958-1983","Struweelvogels",80.0881329269191,80.0881329269191,1.49490454707433
600,1961,812,5.002,162.335065973611,"1958-1983","Struweelvogels",78.7594525735901,78.7594525735901,1.49490454707433
600,1962,752,5.002,150.339864054378,"1958-1983","Struweelvogels",72.9397885903199,72.9397885903199,1.49490454707433
600,1963,685,5.2472,130.54581491081,"1958-1983","Struweelvogels",63.3363891928315,63.3363891928315,1.49490454707433
600,1964,797,5.3272,149.609550983631,"1958-1983","Struweelvogels",72.5854655282359,72.5854655282359,1.49490454707433
600,1965,874,5.315,164.440263405456,"1958-1983","Struweelvogels",79.7808227642946,79.7808227642946,1.49490454707433
600,1966,950,5.395,176.088971269694,"1958-1983","Struweelvogels",85.4323796172434,85.4323796172434,1.49490454707433
600,1967,946,5.735,164.952048823017,"1958-1983","Struweelvogels",80.0291236417449,80.0291236417449,1.49490454707433
600,1968,951,5.6,169.821428571429,"1958-1983","Struweelvogels",82.3915810754345,82.3915810754345,1.49490454707433
600,1969,854,5.6,152.5,"1958-1983","Struweelvogels",73.9878130793071,73.9878130793071,1.49490454707433
600,1970,914,5.625,162.488888888889,"1958-1983","Struweelvogels",78.8340822201666,78.8340822201666,1.49490454707433
600,1971,937,5.615,166.874443455031,"1958-1983","Struweelvogels",80.9618041315689,80.9618041315689,1.49490454707433
600,1972,1086,5.645,192.382639503986,"1958-1983","Struweelvogels",93.3375132545877,93.3375132545877,1.49490454707433
600,1973,1245,5.715,217.847769028871,"1958-1983","Struweelvogels",105.692327964933,105.692327964933,1.49490454707433
600,1974,1354,5.855,231.255337318531,"1958-1983","Struweelvogels",112.197224072889,112.197224072889,1.49490454707433
600,1975,1453,5.505,263.94187102634,"1958-1983","Struweelvogels",128.055618474094,128.055618474094,1.49490454707433
600,1976,1575,6.49,242.681047765794,"1958-1983","Struweelvogels",117.740590163842,117.740590163842,1.49490454707433
600,1977,1537,6.175,248.906882591093,"1958-1983","Struweelvogels",120.761153464281,120.761153464281,1.49490454707433
600,1978,1499,6.38,234.952978056426,"1958-1983","Struweelvogels",113.99119359256,113.99119359256,1.49490454707433
600,1979,1451,6.37,227.786499215071,"1958-1983","Struweelvogels",110.514261809275,110.514261809275,1.49490454707433
600,1980,1850,6.38,289.968652037618,"1958-1983","Struweelvogels",140.682927382412,140.682927382412,1.49490454707433
600,1981,2094,6.38,328.213166144201,"1958-1983","Struweelvogels",159.237864831768,159.237864831768,1.49490454707433
600,1982,2156,6.035,357.249378624689,"1958-1983","Struweelvogels",173.325247530375,173.325247530375,1.49490454707433
600,1983,2466,6.38,386.520376175549,"1958-1983","Struweelvogels",187.526539959475,187.526539959475,1.49490454707433
600,1984,1070,3.02300608,353.952314909006,"1984-2025","Struweelvogels",108.653925289329,162.427246972493,1.49490454707433
600,1985,1972,5.13012052,384.396427396213,"1984-2025","Struweelvogels",117.999456267238,176.397923726194,1.49490454707433
600,1986,1674,4.23796013,395.001356466277,"1984-2025","Struweelvogels",121.254886793731,181.264481622932,1.49490454707433
600,1987,1852,5.02247314,368.742639009912,"1984-2025","Struweelvogels",113.194160519258,169.214465262501,1.49490454707433
600,1988,1905,4.70180252,405.16376259886,"1984-2025","Struweelvogels",124.374474574851,185.927967581926,1.49490454707433
600,1989,2027,4.70180252,431.111258156372,"1984-2025","Struweelvogels",132.339664022689,197.835165505808,1.49490454707433
600,1990,2006,4.85514176,413.170222242903,"1984-2025","Struweelvogels",126.832244255548,189.602098653262,1.49490454707433
600,1991,1706,5.55688703,307.006421183265,"1984-2025","Struweelvogels",94.2427873629424,140.883971357822,1.49490454707433
600,1992,1938,6.1308353,316.107007474169,"1984-2025","Struweelvogels",97.0364247578419,145.060192602334,1.49490454707433
600,1993,2240,6.1308353,365.366200589339,"1984-2025","Struweelvogels",112.157683930633,167.665031697229,1.49490454707433
600,1994,2283,6.1308353,372.379926761366,"1984-2025","Struweelvogels",114.310710898944,170.883601502131,1.49490454707433
600,1995,2400,6.09164596,393.982187369274,"1984-2025","Struweelvogels",120.942029049174,180.796789158007,1.49490454707433
600,1996,2229,6.44975091,345.594741735538,"1984-2025","Struweelvogels",106.088373114812,158.591991361051,1.49490454707433
600,1997,2141,6.09164596,351.46494298234,"1984-2025","Struweelvogels",107.890368414284,161.285802328039,1.49490454707433
600,1998,1948,5.62796272,346.128803070678,"1984-2025","Struweelvogels",106.252315708105,158.837069889224,1.49490454707433
600,1999,2096,6.09164596,344.077776969166,"1984-2025","Struweelvogels",105.622705369612,157.895862531326,1.49490454707433
600,2000,2099,5.70172844,368.133982894492,"1984-2025","Struweelvogels",113.007319316909,168.935155499529,1.49490454707433
600,2001,2419,6.44975091,375.053243722865,"1984-2025","Struweelvogels",115.131347942903,172.110375550643,1.49490454707433
600,2002,2020,6.09164596,331.601674369139,"1984-2025","Struweelvogels",101.792874449722,152.170630874656,1.49490454707433
600,2003,2020,6.2141484,325.06465407231,"1984-2025","Struweelvogels",99.786183477439,149.170819415617,1.49490454707433
600,2004,2201,6.2141484,354.191734461958,"1984-2025","Struweelvogels",108.727420709823,162.537115610779,1.49490454707433
600,2005,2049,6.2141484,329.731423858497,"1984-2025","Struweelvogels",101.21875739865,151.312380684455,1.49490454707433
600,2006,1706,5.65793112,301.52364244406,"1984-2025","Struweelvogels",92.5597204456923,138.367946970195,1.49490454707433
600,2007,1976,6.1308353,322.30518409131,"1984-2025","Struweelvogels",98.9390997530937,147.904510104341,1.49490454707433
600,2008,1694,6.02064405,281.365246962242,"1984-2025","Struweelvogels",86.3716303997285,129.117343022778,1.49490454707433
600,2009,1614,5.98606767,269.626086602526,"1984-2025","Struweelvogels",82.7680211027758,123.730291098884,1.49490454707433
600,2010,1869,6.44975091,289.778632706918,"1984-2025","Struweelvogels",88.9543155457979,132.978210791298,1.49490454707433
600,2011,1911,6.44975091,296.29051209359,"1984-2025","Struweelvogels",90.9532889288496,135.966485191103,1.49490454707433
600,2012,1786,6.44975091,276.909918680875,"1984-2025","Struweelvogels",85.003963384053,127.072811382161,1.49490454707433
600,2013,1699,6.44975091,263.421025665625,"1984-2025","Struweelvogels",80.8632328048746,120.882814411138,1.49490454707433
600,2014,1976,6.44975091,306.368420668202,"1984-2025","Struweelvogels",94.0469382121438,140.591195571753,1.49490454707433
600,2015,2030,6.57225335,308.874276734934,"1984-2025","Struweelvogels",94.8161692254528,141.741122511299,1.49490454707433
600,2016,1892,6.44975091,293.344661894858,"1984-2025","Struweelvogels",90.0489914460405,134.614646772144,1.49490454707433
600,2017,1819,6.57225335,276.769610532436,"1984-2025","Struweelvogels",84.9608925227087,127.008424555691,1.49490454707433
600,2018,1711,6.57225335,260.336890390873,"1984-2025","Struweelvogels",79.9164854900245,119.467517545238,1.49490454707433
600,2019,1916,6.10857011,313.657691652491,"1984-2025","Struweelvogels",96.2845500925581,143.936211746372,1.49490454707433
600,2020,1943,6.44975091,301.251944007245,"1984-2025","Struweelvogels",92.4763162683175,138.243265686192,1.49490454707433
600,2021,1832,6.57225335,278.747623142069,"1984-2025","Struweelvogels",85.5680896655318,127.916126325468,1.49490454707433
600,2022,1628,6.14314649,265.01077300535,"1984-2025","Struweelvogels",81.3512428599119,121.612342861431,1.49490454707433
600,2023,1743,6.57225335,265.205844506892,"1984-2025","Struweelvogels",81.4111246108198,121.70186036315,1.49490454707433
600,2024,1783,6.57225335,271.292037151915,"1984-2025","Struweelvogels",83.279423511814,124.49478888554,1.49490454707433
600,2025,1725,6.57225335,262.467057816631,"1984-2025","Struweelvogels",80.5703901053725,120.445042528074,1.49490454707433
700,1958,297,4.3072,68.954309063893,"1958-1983","Bosrandvogels",39.8316184838348,39.8316184838348,1.58489660816105
700,1959,720,5.0372,142.936552052728,"1958-1983","Bosrandvogels",82.5676348012355,82.5676348012355,1.58489660816105
700,1960,763,5.022,151.931501393867,"1958-1983","Bosrandvogels",87.7635884015492,87.7635884015492,1.58489660816105
700,1961,748,5.002,149.540183926429,"1958-1983","Bosrandvogels",86.3822382534614,86.3822382534614,1.58489660816105
700,1962,666,5.002,133.146741303479,"1958-1983","Bosrandvogels",76.9125276427878,76.9125276427878,1.58489660816105
700,1963,648,5.2472,123.494435127306,"1958-1983","Bosrandvogels",71.3368503237355,71.3368503237355,1.58489660816105
700,1964,721,5.3272,135.343144616309,"1958-1983","Bosrandvogels",78.1812851719542,78.1812851719542,1.58489660816105
700,1965,758,5.315,142.615239887112,"1958-1983","Bosrandvogels",82.3820280745672,82.3820280745672,1.58489660816105
700,1966,825,5.395,152.91936978684,"1958-1983","Bosrandvogels",88.334232897525,88.334232897525,1.58489660816105
700,1967,829,5.735,144.551002615519,"1958-1983","Bosrandvogels",83.5002259583526,83.5002259583526,1.58489660816105
700,1968,809,5.6,144.464285714286,"1958-1983","Bosrandvogels",83.450133736809,83.450133736809,1.58489660816105
700,1969,714,5.6,127.5,"1958-1983","Bosrandvogels",73.6506742745137,73.6506742745137,1.58489660816105
700,1970,771,5.625,137.066666666667,"1958-1983","Bosrandvogels",79.1768817298825,79.1768817298825,1.58489660816105
700,1971,783,5.615,139.447907390917,"1958-1983","Bosrandvogels",80.5524110236156,80.5524110236156,1.58489660816105
700,1972,899,5.645,159.25597874225,"1958-1983","Bosrandvogels",91.99458993423,91.99458993423,1.58489660816105
700,1973,1002,5.715,175.328083989501,"1958-1983","Bosrandvogels",101.278679255571,101.278679255571,1.58489660816105
700,1974,1072,5.855,183.091374893254,"1958-1983","Bosrandvogels",105.763162468517,105.763162468517,1.58489660816105
700,1975,1103,5.505,200.363306085377,"1958-1983","Bosrandvogels",115.740334063206,115.740334063206,1.58489660816105
700,1976,1251,6.49,192.758089368259,"1958-1983","Bosrandvogels",111.34716277521,111.34716277521,1.58489660816105
700,1977,1228,6.175,198.866396761134,"1958-1983","Bosrandvogels",114.875640878435,114.875640878435,1.58489660816105
700,1978,1182,6.38,185.266457680251,"1958-1983","Bosrandvogels",107.019604145891,107.019604145891,1.58489660816105
700,1979,1284,6.37,201.569858712716,"1958-1983","Bosrandvogels",116.43730202047,116.43730202047,1.58489660816105
700,1980,1566,6.38,245.454545454545,"1958-1983","Bosrandvogels",141.787394325267,141.787394325267,1.58489660816105
700,1981,1699,6.38,266.300940438871,"1958-1983","Bosrandvogels",153.829363319686,153.829363319686,1.58489660816105
700,1982,1739,6.035,288.152444076222,"1958-1983","Bosrandvogels",166.451935686768,166.451935686768,1.58489660816105
700,1983,1982,6.38,310.658307210031,"1958-1983","Bosrandvogels",179.452500352924,179.452500352924,1.58489660816105
700,1984,848,3.02300608,280.515479479287,"1984-2025","Bosrandvogels",97.4140354042095,154.391174299412,1.58489660816105
700,1985,1615,5.13012052,314.807418988278,"1984-2025","Bosrandvogels",109.322526927061,173.264902122295,1.58489660816105
700,1986,1325,4.23796013,312.650416557836,"1984-2025","Bosrandvogels",108.573469115649,172.077722937671,1.58489660816105
700,1987,1536,5.02247314,305.825428466104,"1984-2025","Bosrandvogels",106.203369494639,168.321360087329,1.58489660816105
700,1988,1460,4.70180252,310.519209130885,"1984-2025","Bosrandvogels",107.83336908221,170.904740904974,1.58489660816105
700,1989,1549,4.70180252,329.44811982448,"1984-2025","Bosrandvogels",114.406773087907,181.322906617674,1.58489660816105
700,1990,1514,4.85514176,311.834355172361,"1984-2025","Bosrandvogels",108.290077151526,171.628575974952,1.58489660816105
700,1991,1429,5.55688703,257.158368036861,"1984-2025","Bosrandvogels",89.3028592038224,141.535798651222,1.58489660816105
700,1992,1549,6.1308353,252.657252103967,"1984-2025","Bosrandvogels",87.7397659026637,139.058457379977,1.58489660816105
700,1993,1726,6.1308353,281.527706346964,"1984-2025","Bosrandvogels",97.7655493531295,154.948287564777,1.58489660816105
700,1994,1694,6.1308353,276.308189195688,"1984-2025","Bosrandvogels",95.9529783338363,152.075549904248,1.58489660816105
700,1995,1756,6.09164596,288.263633758519,"1984-2025","Bosrandvogels",100.10472105434,158.655632859931,1.58489660816105
700,1996,1859,6.44975091,288.228185233901,"1984-2025","Bosrandvogels",100.092410917878,158.636122566406,1.58489660816105
700,1997,1801,6.09164596,295.650799771693,"1984-2025","Bosrandvogels",102.670047049468,162.721409328438,1.58489660816105
700,1998,1546,5.62796272,274.699758494491,"1984-2025","Bosrandvogels",95.3944219020757,151.190295710084,1.58489660816105
700,1999,1578,6.09164596,259.043288195298,"1984-2025","Bosrandvogels",89.957431562499,142.573228162285,1.58489660816105
700,2000,1541,5.70172844,270.26892217266,"1984-2025","Bosrandvogels",93.8557344573529,148.751635197923,1.58489660816105
700,2001,1755,6.44975091,272.103531514522,"1984-2025","Bosrandvogels",94.4928354819124,149.761374450803,1.58489660816105
700,2002,1442,6.09164596,236.717630911039,"1984-2025","Bosrandvogels",82.2044463327779,130.285548168577,1.58489660816105
700,2003,1489,6.2141484,239.614490056272,"1984-2025","Bosrandvogels",83.2104326685716,131.879932500033,1.58489660816105
700,2004,1636,6.2141484,263.270185179356,"1984-2025","Bosrandvogels",91.4252974115401,144.899643767665,1.58489660816105
700,2005,1523,6.2141484,245.085875322836,"1984-2025","Bosrandvogels",85.1104694118433,134.891294289825,1.58489660816105
700,2006,1229,5.65793112,217.217207833382,"1984-2025","Bosrandvogels",75.4325743932682,119.552831300747,1.58489660816105
700,2007,1549,6.1308353,252.657252103967,"1984-2025","Bosrandvogels",87.7397659026637,139.058457379977,1.58489660816105
700,2008,1289,6.02064405,214.096696183193,"1984-2025","Bosrandvogels",74.3489207106442,117.835352254735,1.58489660816105
700,2009,1611,5.98606767,269.124922872781,"1984-2025","Bosrandvogels",93.4584601660817,148.121996521178,1.58489660816105
700,2010,1768,6.44975091,274.119113229444,"1984-2025","Bosrandvogels",95.1927824114081,150.870717965254,1.58489660816105
700,2011,1774,6.44975091,275.049381713254,"1984-2025","Bosrandvogels",95.515834840406,151.382722664231,1.58489660816105
700,2012,1785,6.44975091,276.754873933573,"1984-2025","Bosrandvogels",96.1080976269023,152.321397945689,1.58489660816105
700,2013,1992,6.44975091,308.84913662503,"1984-2025","Bosrandvogels",107.253406427333,169.985560060399,1.58489660816105
700,2014,2273,6.44975091,352.416710616814,"1984-2025","Bosrandvogels",122.383028518739,193.964446795827,1.58489660816105
700,2015,2255,6.57225335,343.109110363191,"1984-2025","Bosrandvogels",119.15079726249,188.841694441006,1.58489660816105
700,2016,2209,6.44975091,342.493846789503,"1984-2025","Bosrandvogels",118.93713594276,188.503063340071,1.58489660816105
700,2017,2054,6.57225335,312.525992321948,"1984-2025","Bosrandvogels",108.530260566366,172.009241854468,1.58489660816105
700,2018,2130,6.57225335,324.089758347493,"1984-2025","Bosrandvogels",112.545985884303,178.373751290174,1.58489660816105
700,2019,2301,6.10857011,376.683897960533,"1984-2025","Bosrandvogels",130.810244911395,207.320713472787,1.58489660816105
700,2020,2301,6.44975091,356.757963541262,"1984-2025","Bosrandvogels",123.89060652073,196.35380205772,1.58489660816105
700,2021,2118,6.57225335,322.263900553986,"1984-2025","Bosrandvogels",111.911923991997,177.368828747694,1.58489660816105
700,2022,1506,6.14314649,245.151243332959,"1984-2025","Bosrandvogels",85.1331696266913,134.927271783343,1.58489660816105
700,2023,1850,6.57225335,281.486409832329,"1984-2025","Bosrandvogels",97.7512083971647,154.92555863231,1.58489660816105
700,2024,1886,6.57225335,286.96398321285,"1984-2025","Bosrandvogels",99.6533940740824,157.94032625975,1.58489660816105
700,2025,1948,6.57225335,296.397581812637,"1984-2025","Bosrandvogels",102.929380517663,163.132426062563,1.58489660816105
800,1958,32,4.3072,7.4294205052006,"1958-1983","Bosvogels",23.1994176143207,23.1994176143207,2.55595334420892
800,1959,68,5.0372,13.4995632494243,"1958-1983","Bosvogels",42.1542979314608,42.1542979314608,2.55595334420892
800,1960,77,5.022,15.3325368379132,"1958-1983","Bosvogels",47.8780175305341,47.8780175305341,2.55595334420892
800,1961,90,5.002,17.9928028788485,"1958-1983","Bosvogels",56.1850749659897,56.1850749659897,2.55595334420892
800,1962,72,5.002,14.3942423030788,"1958-1983","Bosvogels",44.9480599727918,44.9480599727918,2.55595334420892
800,1963,58,5.2472,11.0535142552218,"1958-1983","Bosvogels",34.5161635598945,34.5161635598945,2.55595334420892
800,1964,81,5.3272,15.2049857335936,"1958-1983","Bosvogels",47.4797211446712,47.4797211446712,2.55595334420892
800,1965,86,5.315,16.1806208842897,"1958-1983","Bosvogels",50.5262800632795,50.5262800632795,2.55595334420892
800,1966,95,5.395,17.6088971269694,"1958-1983","Bosvogels",54.9862748905131,54.9862748905131,2.55595334420892
800,1967,104,5.735,18.1342632955536,"1958-1983","Bosvogels",56.6268051494867,56.6268051494867,2.55595334420892
800,1968,98,5.6,17.5,"1958-1983","Bosvogels",54.6462281905323,54.6462281905323,2.55595334420892
800,1969,92,5.6,16.4285714285714,"1958-1983","Bosvogels",51.3005407502957,51.3005407502957,2.55595334420892
800,1970,95,5.625,16.8888888888889,"1958-1983","Bosvogels",52.737947206101,52.737947206101,2.55595334420892
800,1971,118,5.615,21.0151380231523,"1958-1983","Bosvogels",65.6227444496407,65.6227444496407,2.55595334420892
800,1972,134,5.645,23.7378210806023,"1958-1983","Bosvogels",74.1247078580927,74.1247078580927,2.55595334420892
800,1973,158,5.715,27.6465441819773,"1958-1983","Bosvogels",86.3302492598836,86.3302492598836,2.55595334420892
800,1974,174,5.855,29.7181895815542,"1958-1983","Bosvogels",92.7992553876065,92.7992553876065,2.55595334420892
800,1975,229,5.505,41.5985467756585,"1958-1983","Bosvogels",129.897353114124,129.897353114124,2.55595334420892
800,1976,221,6.49,34.0523882896764,"1958-1983","Bosvogels",106.333404623444,106.333404623444,2.55595334420892
800,1977,322,6.175,52.1457489878543,"1958-1983","Bosvogels",162.832485620372,162.832485620372,2.55595334420892
800,1978,360,6.38,56.4263322884013,"1958-1983","Bosvogels",176.19921315353,176.19921315353,2.55595334420892
800,1979,379,6.37,59.4976452119309,"1958-1983","Bosvogels",185.789822688601,185.789822688601,2.55595334420892
800,1980,421,6.38,65.987460815047,"1958-1983","Bosvogels",206.055190937878,206.055190937878,2.55595334420892
800,1981,496,6.38,77.742946708464,"1958-1983","Bosvogels",242.763360344864,242.763360344864,2.55595334420892
800,1982,415,6.035,68.7655343827672,"1958-1983","Bosvogels",214.730119058548,214.730119058548,2.55595334420892
800,1983,489,6.38,76.6457680250784,"1958-1983","Bosvogels",239.337264533545,239.337264533545,2.55595334420892
800,1984,318,3.02300608,105.193304804733,"1984-2025","Bosvogels",98.4802758319811,251.710990351368,2.55595334420892
800,1985,481,5.13012052,93.7599805160133,"1984-2025","Bosvogels",87.7765819826467,224.352848261774,2.55595334420892
800,1986,391,4.23796013,92.2613682068783,"1984-2025","Bosvogels",86.3736053023079,220.766905323815,2.55595334420892
800,1987,398,5.02247314,79.2438284697327,"1984-2025","Bosvogels",74.1867944938866,189.617985482789,2.55595334420892
800,1988,371,4.70180252,78.9059086216152,"1984-2025","Bosvogels",73.8704393806644,188.809396573191,2.55595334420892
800,1989,380,4.70180252,80.8200681299563,"1984-2025","Bosvogels",75.662444648659,193.389678430762,2.55595334420892
800,1990,457,4.85514176,94.1270147382885,"1984-2025","Bosvogels",88.120193503518,225.231103277654,2.55595334420892
800,1991,507,5.55688703,91.2381333762691,"1984-2025","Bosvogels",85.4156693524265,218.318465729177,2.55595334420892
800,1992,589,6.1308353,96.0717375656789,"1984-2025","Bosvogels",89.9408116580067,229.884518338146,2.55595334420892
800,1993,616,6.1308353,100.475705162068,"1984-2025","Bosvogels",94.0637351126182,240.422518329878,2.55595334420892
800,1994,616,6.1308353,100.475705162068,"1984-2025","Bosvogels",94.0637351126182,240.422518329878,2.55595334420892
800,1995,670,6.09164596,109.986693973922,"1984-2025","Bosvogels",102.967769484054,263.180814758501,2.55595334420892
800,1996,665,6.44975091,103.104756955645,"1984-2025","Bosvogels",96.5250110111995,246.713424693878,2.55595334420892
800,1997,685,6.09164596,112.44908264498,"1984-2025","Bosvogels",105.273018054593,269.072922551602,2.55595334420892
800,1998,614,5.62796272,109.098092959649,"1984-2025","Bosvogels",102.135875542205,261.054532655803,2.55595334420892
800,1999,628,6.09164596,103.09200569496,"1984-2025","Bosvogels",96.5130734865462,246.682912937819,2.55595334420892
800,2000,490,5.70172844,85.9388526051935,"1984-2025","Bosvogels",80.4545681396128,205.638122493327,2.55595334420892
800,2001,635,6.44975091,98.4534145365933,"1984-2025","Bosvogels",92.1704992362582,235.583495760319,2.55595334420892
800,2002,601,6.09164596,98.6597060870557,"1984-2025","Bosvogels",92.3636260595769,236.077118910237,2.55595334420892
800,2003,661,6.2141484,106.37016650584,"1984-2025","Bosvogels",99.5820347809588,254.52703482152,2.55595334420892
800,2004,732,6.2141484,117.795706327194,"1984-2025","Bosvogels",110.278440937461,281.866549908249,2.55595334420892
800,2005,584,6.2141484,93.9790881080342,"1984-2025","Bosvogels",87.981706977428,224.877138178166,2.55595334420892
800,2006,537,5.65793112,94.9110175805746,"1984-2025","Bosvogels",88.8541643232837,227.107098448986,2.55595334420892
800,2007,629,6.1308353,102.596134004774,"1984-2025","Bosvogels",96.0488464055793,245.496370177749,2.55595334420892
800,2008,608,6.02064405,100.985873762127,"1984-2025","Bosvogels",94.5413467300862,241.643271340778,2.55595334420892
800,2009,545,5.98606767,91.0447442369124,"1984-2025","Bosvogels",85.2346215583476,217.85571601444,2.55595334420892
800,2010,745,6.44975091,115.508336739783,"1984-2025","Bosvogels",108.137042411043,276.393235183367,2.55595334420892
800,2011,718,6.44975091,111.322128562636,"1984-2025","Bosvogels",104.217981813596,266.376299143164,2.55595334420892
800,2012,778,6.44975091,120.62481340074,"1984-2025","Bosvogels",112.927005363479,288.636157010281,2.55595334420892
800,2013,736,6.44975091,114.112934014067,"1984-2025","Bosvogels",106.830688878561,273.054256503299,2.55595334420892
800,2014,865,6.44975091,134.113706415989,"1984-2025","Bosvogels",125.555089510808,320.9129509176,2.55595334420892
800,2015,877,6.57225335,133.439773742137,"1984-2025","Bosvogels",124.92416460797,319.300336302246,2.55595334420892
800,2016,773,6.44975091,119.849589664231,"1984-2025","Bosvogels",112.201253400988,286.781168854688,2.55595334420892
800,2017,790,6.57225335,120.202304739211,"1984-2025","Bosvogels",112.531459567042,287.625160409092,2.55595334420892
800,2018,780,6.57225335,118.680756577955,"1984-2025","Bosvogels",111.107010711763,283.984335593787,2.55595334420892
800,2019,733,6.10857011,119.995348633234,"1984-2025","Bosvogels",112.337710597566,287.129947082621,2.55595334420892
800,2020,777,6.44975091,120.469768653438,"1984-2025","Bosvogels",112.78185497098,288.265159379162,2.55595334420892
800,2021,785,6.57225335,119.441530658583,"1984-2025","Bosvogels",111.819235139403,285.80474800144,2.55595334420892
800,2022,740,6.14314649,120.459442275159,"1984-2025","Bosvogels",112.772187582137,288.240449984319,2.55595334420892
800,2023,822,6.57225335,125.07125885523,"1984-2025","Bosvogels",117.089695903935,299.275799818068,2.55595334420892
800,2024,843,6.57225335,128.266509993867,"1984-2025","Bosvogels",120.081038500021,306.921531930209,2.55595334420892
800,2025,813,6.57225335,123.701865510099,"1984-2025","Bosvogels",115.807691934184,295.999057484294,2.55595334420892
900,1958,1,4.3072,0.232169390787519,"1958-1983","Vogels van bebouwing/overige",6.60114543152157,6.60114543152157,1.21494941903837
900,1959,5,5.0372,0.992614944810609,"1958-1983","Vogels van bebouwing/overige",28.2224783636244,28.2224783636244,1.21494941903837
900,1960,5,5.022,0.995619275189168,"1958-1983","Vogels van bebouwing/overige",28.3078988477198,28.3078988477198,1.21494941903837
900,1961,5,5.002,0.999600159936026,"1958-1983","Vogels van bebouwing/overige",28.4210851685823,28.4210851685823,1.21494941903837
900,1962,2,5.002,0.39984006397441,"1958-1983","Vogels van bebouwing/overige",11.3684340674329,11.3684340674329,1.21494941903837
900,1963,2,5.2472,0.381155663973167,"1958-1983","Vogels van bebouwing/overige",10.8371907313042,10.8371907313042,1.21494941903837
900,1964,3,5.3272,0.563147619762727,"1958-1983","Vogels van bebouwing/overige",16.0116685703464,16.0116685703464,1.21494941903837
900,1965,2,5.315,0.376293508936971,"1958-1983","Vogels van bebouwing/overige",10.6989477338287,10.6989477338287,1.21494941903837
900,1966,4,5.395,0.741427247451344,"1958-1983","Vogels van bebouwing/overige",21.0805958129006,21.0805958129006,1.21494941903837
900,1967,12,5.735,2.0924149956408,"1958-1983","Vogels van bebouwing/overige",59.4924922810456,59.4924922810456,1.21494941903837
900,1968,8,5.6,1.42857142857143,"1958-1983","Vogels van bebouwing/overige",40.6177908609282,40.6177908609282,1.21494941903837
900,1969,5,5.6,0.892857142857143,"1958-1983","Vogels van bebouwing/overige",25.3861192880801,25.3861192880801,1.21494941903837
900,1970,8,5.625,1.42222222222222,"1958-1983","Vogels van bebouwing/overige",40.4372673459907,40.4372673459907,1.21494941903837
900,1971,10,5.615,1.78094390026714,"1958-1983","Vogels van bebouwing/overige",50.6366048132675,50.6366048132675,1.21494941903837
900,1972,16,5.645,2.83436669619132,"1958-1983","Vogels van bebouwing/overige",80.5879995823553,80.5879995823553,1.21494941903837
900,1973,17,5.715,2.97462817147857,"1958-1983","Vogels van bebouwing/overige",84.5759774706991,84.5759774706991,1.21494941903837
900,1974,21,5.855,3.5866780529462,"1958-1983","Vogels van bebouwing/overige",101.978057328035,101.978057328035,1.21494941903837
900,1975,31,5.505,5.63124432334241,"1958-1983","Vogels van bebouwing/overige",160.110092948618,160.110092948618,1.21494941903837
900,1976,42,6.49,6.47149460708783,"1958-1983","Vogels van bebouwing/overige",184.000470155823,184.000470155823,1.21494941903837
900,1977,50,6.175,8.09716599190283,"1958-1983","Vogels van bebouwing/overige",230.222296377731,230.222296377731,1.21494941903837
900,1978,54,6.38,8.46394984326019,"1958-1983","Vogels van bebouwing/overige",240.65086121365,240.65086121365,1.21494941903837
900,1979,41,6.37,6.43642072213501,"1958-1983","Vogels van bebouwing/overige",183.003233549237,183.003233549237,1.21494941903837
900,1980,44,6.38,6.89655172413793,"1958-1983","Vogels van bebouwing/overige",196.085886914826,196.085886914826,1.21494941903837
900,1981,63,6.38,9.87460815047022,"1958-1983","Vogels van bebouwing/overige",280.759338082591,280.759338082591,1.21494941903837
900,1982,47,6.035,7.78790389395195,"1958-1983","Vogels van bebouwing/overige",221.429216126684,221.429216126684,1.21494941903837
900,1983,58,6.38,9.09090909090909,"1958-1983","Vogels van bebouwing/overige",258.476850933179,258.476850933179,1.21494941903837
900,1984,43,3.02300608,14.2242519075582,"1984-2025","Vogels van bebouwing/overige",217.042408358169,263.695547941446,1.21494941903837
900,1985,77,5.13012052,15.0093939703389,"1984-2025","Vogels van bebouwing/overige",229.022590185425,278.250862892444,1.21494941903837
900,1986,50,4.23796013,11.7981289267108,"1984-2025","Vogels van bebouwing/overige",180.023127614384,218.718994308565,1.21494941903837
900,1987,62,5.02247314,12.3445159927724,"1984-2025","Vogels van bebouwing/overige",188.360238450474,228.848162275331,1.21494941903837
900,1988,51,4.70180252,10.8469038805994,"1984-2025","Vogels van bebouwing/overige",165.508749196428,201.084758681967,1.21494941903837
900,1989,48,4.70180252,10.2088507111524,"1984-2025","Vogels van bebouwing/overige",155.772940420168,189.256243465381,1.21494941903837
900,1990,51,4.85514176,10.5043276841416,"1984-2025","Vogels van bebouwing/overige",160.281510308324,194.73392783169,1.21494941903837
900,1991,44,5.55688703,7.91810230484387,"1984-2025","Vogels van bebouwing/overige",120.819288426445,146.789324282338,1.21494941903837
900,1992,55,6.1308353,8.97104510375609,"1984-2025","Vogels van bebouwing/overige",136.885739050668,166.309249134247,1.21494941903837
900,1993,66,6.1308353,10.7652541245073,"1984-2025","Vogels van bebouwing/overige",164.262886860802,199.571098961097,1.21494941903837
900,1994,60,6.1308353,9.78659465864301,"1984-2025","Vogels van bebouwing/overige",149.329897146184,181.428271782815,1.21494941903837
900,1995,62,6.09164596,10.1778731737062,"1984-2025","Vogels van bebouwing/overige",155.300266048538,188.681968012175,1.21494941903837
900,1996,51,6.44975091,7.90728211238781,"1984-2025","Vogels van bebouwing/overige",120.654187256638,146.588734711999,1.21494941903837
900,1997,50,6.09164596,8.20796223685987,"1984-2025","Vogels van bebouwing/overige",125.242150039143,152.162877429173,1.21494941903837
900,1998,51,5.62796272,9.06189371488943,"1984-2025","Vogels van bebouwing/overige",138.271963189872,167.99344134683,1.21494941903837
900,1999,42,6.09164596,6.89468827896229,"1984-2025","Vogels van bebouwing/overige",105.20340603288,127.816817040505,1.21494941903837
900,2000,32,5.70172844,5.61233323135958,"1984-2025","Vogels van bebouwing/overige",85.6364418290154,104.043945248675,1.21494941903837
900,2001,45,6.44975091,6.97701362857748,"1984-2025","Vogels van bebouwing/overige",106.459576991152,129.34300121647,1.21494941903837
900,2002,36,6.09164596,5.90973281053911,"1984-2025","Vogels van bebouwing/overige",90.1743480281831,109.557271749005,1.21494941903837
900,2003,31,6.2141484,4.98861597833743,"1984-2025","Vogels van bebouwing/overige",76.1193793071871,92.481195666828,1.21494941903837
900,2004,27,6.2141484,4.34492359403583,"1984-2025","Vogels van bebouwing/overige",66.2975239127113,80.5481381614309,1.21494941903837
900,2005,30,6.2141484,4.82769288226203,"1984-2025","Vogels van bebouwing/overige",73.6639154585681,89.4979312904787,1.21494941903837
900,2006,26,5.65793112,4.59531928695519,"1984-2025","Vogels van bebouwing/overige",70.1182158258554,85.1900855816298,1.21494941903837
900,2007,28,6.1308353,4.56707750736674,"1984-2025","Vogels van bebouwing/overige",69.6872853348858,84.6665268319804,1.21494941903837
900,2008,22,6.02064405,3.65409411639275,"1984-2025","Vogels van bebouwing/overige",55.7564216764103,67.7412321234129,1.21494941903837
900,2009,24,5.98606767,4.00930983795578,"1984-2025","Vogels van bebouwing/overige",61.1765222339488,74.3263801469238,1.21494941903837
900,2010,23,6.44975091,3.5660291879396,"1984-2025","Vogels van bebouwing/overige",54.4126726843663,66.1086450661957,1.21494941903837
900,2011,26,6.44975091,4.03116342984477,"1984-2025","Vogels van bebouwing/overige",61.5099778171098,74.7315118139604,1.21494941903837
900,2012,25,6.44975091,3.87611868254304,"1984-2025","Vogels van bebouwing/overige",59.1442094395286,71.8572228980388,1.21494941903837
900,2013,26,6.44975091,4.03116342984477,"1984-2025","Vogels van bebouwing/overige",61.5099778171098,74.7315118139604,1.21494941903837
900,2014,25,6.44975091,3.87611868254304,"1984-2025","Vogels van bebouwing/overige",59.1442094395286,71.8572228980388,1.21494941903837
900,2015,29,6.57225335,4.41248966764192,"1984-2025","Vogels van bebouwing/overige",67.328488734909,81.800708273209,1.21494941903837
900,2016,27,6.44975091,4.18620817714649,"1984-2025","Vogels van bebouwing/overige",63.8757461946909,77.6058007298819,1.21494941903837
900,2017,22,6.57225335,3.34740595476284,"1984-2025","Vogels van bebouwing/overige",51.0767845575172,62.0557097245034,1.21494941903837
900,2018,23,6.57225335,3.49956077088842,"1984-2025","Vogels van bebouwing/overige",53.3984565828589,64.8764238028899,1.21494941903837
900,2019,23,6.10857011,3.76520193528564,"1984-2025","Vogels van bebouwing/overige",57.4517733023979,69.8009985964723,1.21494941903837
900,2020,24,6.44975091,3.72107393524132,"1984-2025","Vogels van bebouwing/overige",56.7784410619475,68.9829339821172,1.21494941903837
900,2021,31,6.57225335,4.71679929989309,"1984-2025","Vogels van bebouwing/overige",71.9718327855924,87.442136429982,1.21494941903837
900,2022,25,6.14314649,4.06957575253915,"1984-2025","Vogels van bebouwing/overige",62.096096727433,75.4436166435449,1.21494941903837
900,2023,24,6.57225335,3.651715587014,"1984-2025","Vogels van bebouwing/overige",55.7201286082006,67.6971378812764,1.21494941903837
900,2024,24,6.57225335,3.651715587014,"1984-2025","Vogels van bebouwing/overige",55.7201286082006,67.6971378812764,1.21494941903837
900,2025,18,6.57225335,2.7387866902605,"1984-2025","Vogels van bebouwing/overige",41.7900964561504,50.7728534109573,1.21494941903837
