"groep_100","korte_beschrijving","deviance_explained","edf_pre","edf_post","min_p_smooth","advies","toelichting"
100,"Watervogels",0.912071454445532,2.33294608538163,2.33294608538163,0.00579456915293192,"GAM aanbevolen","Duidelijke niet-lineariteit; een rechte beschrijvende samenvatting verliest belangrijke trendvorm."
200,"Rietvogels",0.43180407699575,1.00002267971393,1.00002267971393,6.31708038451029e-06,"Lineair meestal voldoende","De beschrijvende trendvorm is grotendeels lineair; een lineaire samenvatting is meestal toereikend."
300,"Vogels van pionierbegroeiingen",0.933503278610285,1.00004674038986,1.00004674038986,3.78338370150555e-05,"Lineair meestal voldoende","De beschrijvende trendvorm is grotendeels lineair; een lineaire samenvatting is meestal toereikend."
400,"Vogels van open heide",0.936246666943249,1.00016430725653,1.00016430725653,0.000273357054193735,"Lineair meestal voldoende","De beschrijvende trendvorm is grotendeels lineair; een lineaire samenvatting is meestal toereikend."
500,"Weidevogels",0.947429305392183,1.00003679517626,1.00003679517626,0.721263127512069,"Lineair meestal voldoende","De beschrijvende trendvorm is grotendeels lineair; een lineaire samenvatting is meestal toereikend."
600,"Struweelvogels",0.822951788624184,1.67447471794441,1.67447471794441,0,"GAM nuttig","Enige kromming aanwezig; GAM helpt vooral voor visualisatie en timing van omslagen."
700,"Bosrandvogels",0.63843455206649,1.00000096993331,1.00000096993331,6.90297573463505e-06,"Lineair meestal voldoende","De beschrijvende trendvorm is grotendeels lineair; een lineaire samenvatting is meestal toereikend."
800,"Bosvogels",0.81824759251715,2.64655794933305,2.64655794933305,0,"GAM aanbevolen","Duidelijke niet-lineariteit; een rechte beschrijvende samenvatting verliest belangrijke trendvorm."
900,"Vogels van bebouwing/overige",0.733982155444012,2.70454837953979,2.70454837953979,1.24551836806486e-05,"GAM aanbevolen","Duidelijke niet-lineariteit; een rechte beschrijvende samenvatting verliest belangrijke trendvorm."
