"groep_100","korte_beschrijving","n_jaren","deviance_explained","r_sq_adj","aic","edf_pre","p_pre","edf_post","p_post"
100,"Watervogels",68,0.912071454445532,0.900908131781082,-39.3295997432503,2.33294608538163,0.00579456915293192,2.33294608538163,0.00579456915293192
200,"Rietvogels",68,0.43180407699575,0.398731236886805,44.0444065174027,1.00002267971393,6.31708038451029e-06,1.00002267971393,6.31708038451029e-06
300,"Vogels van pionierbegroeiingen",68,0.933503278610285,0.926362708976338,26.961680659467,1.00004674038986,3.78338370150555e-05,1.00004674038986,3.78338370150555e-05
400,"Vogels van open heide",68,0.936246666943249,0.930612334780093,59.2496582793693,1.00016430725653,0.000273357054193735,1.00016430725653,0.000273357054193735
500,"Weidevogels",68,0.947429305392183,0.942674166830566,15.9958728261597,1.00003679517626,0.721263127512069,1.00003679517626,0.721263127512069
600,"Struweelvogels",68,0.822951788624184,0.803718512422989,-41.7297152026129,1.67447471794441,0,1.67447471794441,0
700,"Bosrandvogels",68,0.63843455206649,0.621486147300531,-5.07031082980338,1.00000096993331,6.90297573463505e-06,1.00000096993331,6.90297573463505e-06
800,"Bosvogels",68,0.81824759251715,0.797421643083938,-1.46047581113547,2.64655794933305,0,2.64655794933305,0
900,"Vogels van bebouwing/overige",68,0.733982155444012,0.705890696547002,108.037838570655,2.70454837953979,1.24551836806486e-05,2.70454837953979,1.24551836806486e-05
