"groep_100","jaar","log1p_index_spliced","msi","msi_methode","periode","n_soorten","n_nulindices","density_per_km2","korte_beschrijving"
100,1958,3.7223207700272,40.3602704881304,"verschoven_geometrisch_gemiddelde_index_plus_1","1958-1983",8,0,56.417161961367,"Watervogels"
100,1959,4.16193605451082,63.1956887176832,"verschoven_geometrisch_gemiddelde_index_plus_1","1958-1983",9,0,87.5486381322957,"Watervogels"
100,1960,4.10954619917204,59.9190661733155,"verschoven_geometrisch_gemiddelde_index_plus_1","1958-1983",10,0,91.7960971724413,"Watervogels"
100,1961,4.50401801030094,89.37954867213,"verschoven_geometrisch_gemiddelde_index_plus_1","1958-1983",9,0,100.559776089564,"Watervogels"
100,1962,4.55761792077761,94.3560633782975,"verschoven_geometrisch_gemiddelde_index_plus_1","1958-1983",9,0,105.757696921232,"Watervogels"
100,1963,4.18683278184812,64.8140131753631,"verschoven_geometrisch_gemiddelde_index_plus_1","1958-1983",9,0,79.2803781064187,"Watervogels"
100,1964,4.3462730216108,76.1902398026116,"verschoven_geometrisch_gemiddelde_index_plus_1","1958-1983",10,0,127.083646193122,"Watervogels"
100,1965,4.5235619175904,91.1632920732395,"verschoven_geometrisch_gemiddelde_index_plus_1","1958-1983",11,0,150.141110065851,"Watervogels"
100,1966,4.57194484535303,95.7320558398758,"verschoven_geometrisch_gemiddelde_index_plus_1","1958-1983",11,0,153.660797034291,"Watervogels"
100,1967,4.6338941451983,101.914047051375,"verschoven_geometrisch_gemiddelde_index_plus_1","1958-1983",11,0,148.387096774194,"Watervogels"
100,1968,4.69228429133103,108.102116396005,"verschoven_geometrisch_gemiddelde_index_plus_1","1958-1983",10,0,135.714285714286,"Watervogels"
100,1969,4.29209449005682,72.119456202069,"verschoven_geometrisch_gemiddelde_index_plus_1","1958-1983",11,0,112.142857142857,"Watervogels"
100,1970,4.2771520789109,71.0349976154587,"verschoven_geometrisch_gemiddelde_index_plus_1","1958-1983",12,0,133.866666666667,"Watervogels"
100,1971,4.26317703477214,70.0353069747293,"verschoven_geometrisch_gemiddelde_index_plus_1","1958-1983",12,0,130.008904719501,"Watervogels"
100,1972,4.35627395812109,76.9660876259043,"verschoven_geometrisch_gemiddelde_index_plus_1","1958-1983",12,0,134.100974313552,"Watervogels"
100,1973,4.55314564872291,93.9305573194522,"verschoven_geometrisch_gemiddelde_index_plus_1","1958-1983",13,0,142.432195975503,"Watervogels"
100,1974,4.51430687466291,90.3142518609963,"verschoven_geometrisch_gemiddelde_index_plus_1","1958-1983",12,0,123.99658411614,"Watervogels"
100,1975,4.53406915079873,92.1367786453015,"verschoven_geometrisch_gemiddelde_index_plus_1","1958-1983",13,0,139.69118982743,"Watervogels"
100,1976,4.51772613770211,90.6270137101343,"verschoven_geometrisch_gemiddelde_index_plus_1","1958-1983",13,0,128.043143297381,"Watervogels"
100,1977,4.47665807599073,86.9402912786977,"verschoven_geometrisch_gemiddelde_index_plus_1","1958-1983",13,0,120.971659919028,"Watervogels"
100,1978,4.60277563827524,98.760831692956,"verschoven_geometrisch_gemiddelde_index_plus_1","1958-1983",13,0,120.062695924765,"Watervogels"
100,1979,4.52980653838451,91.740617596778,"verschoven_geometrisch_gemiddelde_index_plus_1","1958-1983",14,0,130.141287284144,"Watervogels"
100,1980,4.50005931620372,89.0224709333822,"verschoven_geometrisch_gemiddelde_index_plus_1","1958-1983",14,0,110.501567398119,"Watervogels"
100,1981,4.61625490182553,100.11463789287,"verschoven_geometrisch_gemiddelde_index_plus_1","1958-1983",14,0,118.181818181818,"Watervogels"
100,1982,4.53592189837852,92.3094975393749,"verschoven_geometrisch_gemiddelde_index_plus_1","1958-1983",14,0,106.545153272577,"Watervogels"
100,1983,4.46105025157081,85.5783904544042,"verschoven_geometrisch_gemiddelde_index_plus_1","1958-1983",14,0,105.485893416928,"Watervogels"
100,1984,4.68652848635546,107.475949667099,"verschoven_geometrisch_gemiddelde_index_plus_1","1984-2025",14,0,120.07914982427,"Watervogels"
100,1985,4.22849846289339,67.6141281265222,"verschoven_geometrisch_gemiddelde_index_plus_1","1984-2025",14,1,118.125879818512,"Watervogels"
100,1986,4.30979818689584,73.4254673900208,"verschoven_geometrisch_gemiddelde_index_plus_1","1984-2025",14,1,120.812840209518,"Watervogels"
100,1987,4.04695654405713,56.2230359697582,"verschoven_geometrisch_gemiddelde_index_plus_1","1984-2025",14,1,110.702433741637,"Watervogels"
100,1988,4.21488622266735,66.6864642474462,"verschoven_geometrisch_gemiddelde_index_plus_1","1984-2025",14,1,111.659304653229,"Watervogels"
100,1989,4.29488527897341,72.3238021806421,"verschoven_geometrisch_gemiddelde_index_plus_1","1984-2025",14,1,115.487623669911,"Watervogels"
100,1990,4.59107414622564,97.6002844236512,"verschoven_geometrisch_gemiddelde_index_plus_1","1984-2025",14,0,138.821899198264,"Watervogels"
100,1991,4.32360948163592,74.460510647075,"verschoven_geometrisch_gemiddelde_index_plus_1","1984-2025",14,0,102.395459351276,"Watervogels"
100,1992,4.50507664760634,89.4752784966406,"verschoven_geometrisch_gemiddelde_index_plus_1","1984-2025",14,0,119.722674657399,"Watervogels"
100,1993,4.55489253554562,94.0965351891744,"verschoven_geometrisch_gemiddelde_index_plus_1","1984-2025",14,0,119.722674657399,"Watervogels"
100,1994,4.33187060361825,75.0864811798425,"verschoven_geometrisch_gemiddelde_index_plus_1","1984-2025",14,1,130.324818870929,"Watervogels"
100,1995,4.34675453096676,76.227416575029,"verschoven_geometrisch_gemiddelde_index_plus_1","1984-2025",14,0,119.836248658154,"Watervogels"
100,1996,4.44529209385442,84.2247678329664,"verschoven_geometrisch_gemiddelde_index_plus_1","1984-2025",14,0,123.260574104869,"Watervogels"
100,1997,4.20711434826188,66.1624524628654,"verschoven_geometrisch_gemiddelde_index_plus_1","1984-2025",14,0,93.0782917659909,"Watervogels"
100,1998,4.18822057805659,64.9054130208223,"verschoven_geometrisch_gemiddelde_index_plus_1","1984-2025",14,0,94.1726209586548,"Watervogels"
100,1999,4.15112983046086,62.5057104664526,"verschoven_geometrisch_gemiddelde_index_plus_1","1984-2025",14,0,95.8689989265233,"Watervogels"
100,2000,3.9699201734187,51.9803014345292,"verschoven_geometrisch_gemiddelde_index_plus_1","1984-2025",14,1,96.6373628274727,"Watervogels"
100,2001,4.01946144751857,54.6711159343247,"verschoven_geometrisch_gemiddelde_index_plus_1","1984-2025",14,1,92.5617141391279,"Watervogels"
100,2002,3.75950214191238,41.9270490793115,"verschoven_geometrisch_gemiddelde_index_plus_1","1984-2025",14,2,84.0495333054451,"Watervogels"
100,2003,3.72373834020176,40.4189431504688,"verschoven_geometrisch_gemiddelde_index_plus_1","1984-2025",14,1,73.7027780025337,"Watervogels"
100,2004,3.43590590763944,30.0595368963336,"verschoven_geometrisch_gemiddelde_index_plus_1","1984-2025",14,2,70.0015467927995,"Watervogels"
100,2005,3.34868326107002,27.465227682966,"verschoven_geometrisch_gemiddelde_index_plus_1","1984-2025",14,2,57.771391491069,"Watervogels"
100,2006,3.37778311161636,28.3057315113958,"verschoven_geometrisch_gemiddelde_index_plus_1","1984-2025",14,3,68.5763032053314,"Watervogels"
100,2007,3.71981699367418,40.2568431544152,"verschoven_geometrisch_gemiddelde_index_plus_1","1984-2025",14,2,78.6189770910988,"Watervogels"
100,2008,3.65716562715833,37.7513512887206,"verschoven_geometrisch_gemiddelde_index_plus_1","1984-2025",14,1,72.7016104329877,"Watervogels"
100,2009,3.63662301516857,36.9634181264471,"verschoven_geometrisch_gemiddelde_index_plus_1","1984-2025",14,1,84.0284520204898,"Watervogels"
100,2010,3.67497024802294,38.4474831991261,"verschoven_geometrisch_gemiddelde_index_plus_1","1984-2025",14,0,68.0646440654559,"Watervogels"
100,2011,3.25808535921591,24.9997093526798,"verschoven_geometrisch_gemiddelde_index_plus_1","1984-2025",14,2,65.8940176032318,"Watervogels"
100,2012,3.40232302963653,29.0337884526153,"verschoven_geometrisch_gemiddelde_index_plus_1","1984-2025",14,1,66.0490623505335,"Watervogels"
100,2013,3.55810291300382,34.0965527361669,"verschoven_geometrisch_gemiddelde_index_plus_1","1984-2025",14,1,68.8398678019645,"Watervogels"
100,2014,3.53128609960046,33.1678826693836,"verschoven_geometrisch_gemiddelde_index_plus_1","1984-2025",14,1,69.4600467911714,"Watervogels"
100,2015,3.40586864829894,29.1404658203314,"verschoven_geometrisch_gemiddelde_index_plus_1","1984-2025",14,2,72.2735376596521,"Watervogels"
100,2016,3.4673893593757,31.0529543772482,"verschoven_geometrisch_gemiddelde_index_plus_1","1984-2025",14,2,76.4370604197488,"Watervogels"
100,2017,3.3673486775514,28.0015326198802,"verschoven_geometrisch_gemiddelde_index_plus_1","1984-2025",14,1,67.5567383597591,"Watervogels"
100,2018,3.11936860630647,21.6320853750177,"verschoven_geometrisch_gemiddelde_index_plus_1","1984-2025",14,2,64.9906594916695,"Watervogels"
100,2019,3.25836804410086,25.0070601164527,"verschoven_geometrisch_gemiddelde_index_plus_1","1984-2025",14,2,65.5787257501265,"Watervogels"
100,2020,3.37171630853334,28.1284776349626,"verschoven_geometrisch_gemiddelde_index_plus_1","1984-2025",14,2,75.5067919359385,"Watervogels"
100,2021,3.36686340613789,27.987462419361,"verschoven_geometrisch_gemiddelde_index_plus_1","1984-2025",14,1,71.3606087628987,"Watervogels"
100,2022,2.9812095846475,18.7116451339007,"verschoven_geometrisch_gemiddelde_index_plus_1","1984-2025",14,3,69.5083538533687,"Watervogels"
100,2023,3.28765506586045,25.7799926514999,"verschoven_geometrisch_gemiddelde_index_plus_1","1984-2025",14,2,70.9041443145219,"Watervogels"
100,2024,2.99945785038077,19.0746505082923,"verschoven_geometrisch_gemiddelde_index_plus_1","1984-2025",14,3,68.7739768887637,"Watervogels"
100,2025,2.93640717252619,17.8480068805959,"verschoven_geometrisch_gemiddelde_index_plus_1","1984-2025",14,3,59.6446879212287,"Watervogels"
200,1958,3.14426956576226,22.2027212200667,"verschoven_geometrisch_gemiddelde_index_plus_1","1958-1983",3,0,5.57206537890045,"Rietvogels"
200,1959,3.99840428866906,53.5110966210183,"verschoven_geometrisch_gemiddelde_index_plus_1","1958-1983",4,0,15.2862701500834,"Rietvogels"
200,1960,3.78841296594256,43.1862195658044,"verschoven_geometrisch_gemiddelde_index_plus_1","1958-1983",5,0,15.1334129828753,"Rietvogels"
200,1961,4.52440636616062,91.2411521032265,"verschoven_geometrisch_gemiddelde_index_plus_1","1958-1983",3,0,17.3930427828868,"Rietvogels"
200,1962,4.34777083564415,76.3059430563732,"verschoven_geometrisch_gemiddelde_index_plus_1","1958-1983",4,0,16.1935225909636,"Rietvogels"
200,1963,3.7314313575895,40.7388085879582,"verschoven_geometrisch_gemiddelde_index_plus_1","1958-1983",4,0,10.2912029272755,"Rietvogels"
200,1964,3.9016519550055,48.4841271742864,"verschoven_geometrisch_gemiddelde_index_plus_1","1958-1983",5,0,15.7681333533564,"Rietvogels"
200,1965,4.50071520747151,89.0815352537405,"verschoven_geometrisch_gemiddelde_index_plus_1","1958-1983",5,0,25.211665098777,"Rietvogels"
200,1966,4.36105143965877,77.3394603505863,"verschoven_geometrisch_gemiddelde_index_plus_1","1958-1983",6,0,26.6913809082484,"Rietvogels"
200,1967,4.31916120801718,74.125587116325,"verschoven_geometrisch_gemiddelde_index_plus_1","1958-1983",6,0,24.9346120313862,"Rietvogels"
200,1968,4.31231761699353,73.6132135599636,"verschoven_geometrisch_gemiddelde_index_plus_1","1958-1983",5,0,26.0714285714286,"Rietvogels"
200,1969,4.22242775603451,67.1988536484577,"verschoven_geometrisch_gemiddelde_index_plus_1","1958-1983",5,0,22.6785714285714,"Rietvogels"
200,1970,4.3263851305527,74.6702534832915,"verschoven_geometrisch_gemiddelde_index_plus_1","1958-1983",6,0,26.3111111111111,"Rietvogels"
200,1971,4.39182473797457,79.7877009499105,"verschoven_geometrisch_gemiddelde_index_plus_1","1958-1983",6,0,26.8922528940338,"Rietvogels"
200,1972,4.42773392819688,82.7414376276572,"verschoven_geometrisch_gemiddelde_index_plus_1","1958-1983",6,0,28.5208148804252,"Rietvogels"
200,1973,4.49454044328453,88.5270167882047,"verschoven_geometrisch_gemiddelde_index_plus_1","1958-1983",6,0,27.9965004374453,"Rietvogels"
200,1974,4.37022049146236,78.0610620670612,"verschoven_geometrisch_gemiddelde_index_plus_1","1958-1983",6,0,25.4483347566183,"Rietvogels"
200,1975,4.68875033341772,107.717234587027,"verschoven_geometrisch_gemiddelde_index_plus_1","1958-1983",6,0,34.3324250681199,"Rietvogels"
200,1976,4.55477903750788,94.085742531519,"verschoven_geometrisch_gemiddelde_index_plus_1","1958-1983",6,0,33.2819722650231,"Rietvogels"
200,1977,4.22039916581568,67.0606463513924,"verschoven_geometrisch_gemiddelde_index_plus_1","1958-1983",6,0,30.9311740890688,"Rietvogels"
200,1978,4.53787679797239,92.4920866517608,"verschoven_geometrisch_gemiddelde_index_plus_1","1958-1983",5,0,36.2068965517241,"Rietvogels"
200,1979,4.43155776757519,83.0622644386295,"verschoven_geometrisch_gemiddelde_index_plus_1","1958-1983",6,0,42.7001569858713,"Rietvogels"
200,1980,4.69512824328261,108.41283920379,"verschoven_geometrisch_gemiddelde_index_plus_1","1958-1983",6,0,52.3510971786834,"Rietvogels"
200,1981,4.97576083769588,143.858997417082,"verschoven_geometrisch_gemiddelde_index_plus_1","1958-1983",6,0,72.7272727272727,"Rietvogels"
200,1982,4.95877888896014,141.419779307017,"verschoven_geometrisch_gemiddelde_index_plus_1","1958-1983",6,0,78.8732394366197,"Rietvogels"
200,1983,4.92581329242882,136.801368891228,"verschoven_geometrisch_gemiddelde_index_plus_1","1958-1983",7,0,77.8996865203762,"Rietvogels"
200,1984,4.983422238059,144.973082468849,"verschoven_geometrisch_gemiddelde_index_plus_1","1984-2025",7,0,54.9122282942944,"Rietvogels"
200,1985,4.96405872245876,142.173720619522,"verschoven_geometrisch_gemiddelde_index_plus_1","1984-2025",7,0,76.9962417958945,"Rietvogels"
200,1986,4.12587830752718,60.9221720830707,"verschoven_geometrisch_gemiddelde_index_plus_1","1984-2025",7,1,75.7439877094832,"Rietvogels"
200,1987,4.17628609959967,64.123541185479,"verschoven_geometrisch_gemiddelde_index_plus_1","1984-2025",7,1,89.9955036892442,"Rietvogels"
200,1988,5.28026239025432,195.421407653824,"verschoven_geometrisch_gemiddelde_index_plus_1","1984-2025",7,0,103.151929060602,"Rietvogels"
200,1989,5.35051084363942,209.715913261028,"verschoven_geometrisch_gemiddelde_index_plus_1","1984-2025",7,0,104.640719789312,"Rietvogels"
200,1990,4.54303990203773,92.976044311212,"verschoven_geometrisch_gemiddelde_index_plus_1","1984-2025",7,1,102.159735908514,"Rietvogels"
200,1991,3.54264445294257,33.5581859588829,"verschoven_geometrisch_gemiddelde_index_plus_1","1984-2025",7,2,80.980591754085,"Rietvogels"
200,1992,4.35984977002064,77.2453787384455,"verschoven_geometrisch_gemiddelde_index_plus_1","1984-2025",7,1,91.3415501473347,"Rietvogels"
200,1993,4.69879778300164,108.815071515387,"verschoven_geometrisch_gemiddelde_index_plus_1","1984-2025",7,1,96.7241772095884,"Rietvogels"
200,1994,4.7746629347923,117.470375648308,"verschoven_geometrisch_gemiddelde_index_plus_1","1984-2025",7,1,100.801924984023,"Rietvogels"
200,1995,4.78083737884719,118.204127277991,"verschoven_geometrisch_gemiddelde_index_plus_1","1984-2025",7,1,91.9291770528306,"Rietvogels"
200,1996,5.38599808108023,217.327904348856,"verschoven_geometrisch_gemiddelde_index_plus_1","1984-2025",7,0,100.003862009611,"Rietvogels"
200,1997,4.41941825236345,82.0479583491551,"verschoven_geometrisch_gemiddelde_index_plus_1","1984-2025",7,1,76.8265265370084,"Rietvogels"
200,1998,4.52567116582934,91.3578924928889,"verschoven_geometrisch_gemiddelde_index_plus_1","1984-2025",7,1,72.4951497191154,"Rietvogels"
200,1999,4.36845174311246,77.9213465412166,"verschoven_geometrisch_gemiddelde_index_plus_1","1984-2025",7,1,66.1561756290906,"Rietvogels"
200,2000,4.48440931183043,87.624585854405,"verschoven_geometrisch_gemiddelde_index_plus_1","1984-2025",7,1,65.4187592280351,"Rietvogels"
200,2001,4.50636521592651,89.5919372194961,"verschoven_geometrisch_gemiddelde_index_plus_1","1984-2025",7,1,76.902194661654,"Rietvogels"
200,2002,4.392298845462,79.8260120849031,"verschoven_geometrisch_gemiddelde_index_plus_1","1984-2025",7,1,57.6198949027563,"Rietvogels"
200,2003,4.37171617614653,78.1794009634852,"verschoven_geometrisch_gemiddelde_index_plus_1","1984-2025",7,1,57.6104683949936,"Rietvogels"
200,2004,4.43501544697898,83.3534278838543,"verschoven_geometrisch_gemiddelde_index_plus_1","1984-2025",7,1,55.357545049938,"Rietvogels"
200,2005,4.19546162390983,65.3843691172635,"verschoven_geometrisch_gemiddelde_index_plus_1","1984-2025",7,1,50.2080059755251,"Rietvogels"
200,2006,4.94608063881276,139.622731154033,"verschoven_geometrisch_gemiddelde_index_plus_1","1984-2025",7,0,49.1345677605209,"Rietvogels"
200,2007,4.96817858811878,142.764793849632,"verschoven_geometrisch_gemiddelde_index_plus_1","1984-2025",7,0,49.748522848102,"Rietvogels"
200,2008,4.77387623025478,117.377211117509,"verschoven_geometrisch_gemiddelde_index_plus_1","1984-2025",7,0,36.3508052164939,"Rietvogels"
200,2009,4.7586282133448,115.585885191743,"verschoven_geometrisch_gemiddelde_index_plus_1","1984-2025",7,0,39.0907709200688,"Rietvogels"
200,2010,4.88970392213676,131.914215268087,"verschoven_geometrisch_gemiddelde_index_plus_1","1984-2025",7,0,40.0015448038442,"Rietvogels"
200,2011,4.67985220728834,106.754146117075,"verschoven_geometrisch_gemiddelde_index_plus_1","1984-2025",7,0,39.3813658146373,"Rietvogels"
200,2012,4.61597191198635,100.086027526166,"verschoven_geometrisch_gemiddelde_index_plus_1","1984-2025",7,0,36.7456051105081,"Rietvogels"
200,2013,4.41104140895809,81.3551842879212,"verschoven_geometrisch_gemiddelde_index_plus_1","1984-2025",7,0,32.0942626914564,"Rietvogels"
200,2014,4.82031673553179,123.004361147608,"verschoven_geometrisch_gemiddelde_index_plus_1","1984-2025",7,0,36.4355156159046,"Rietvogels"
200,2015,4.78236377126553,118.386218490072,"verschoven_geometrisch_gemiddelde_index_plus_1","1984-2025",7,0,38.7994781120238,"Rietvogels"
200,2016,4.84592479612587,126.220880985675,"verschoven_geometrisch_gemiddelde_index_plus_1","1984-2025",7,0,32.4043521860599,"Rietvogels"
200,2017,4.77270870433889,117.239083305269,"verschoven_geometrisch_gemiddelde_index_plus_1","1984-2025",7,0,34.3869884443819,"Rietvogels"
200,2018,4.73329034424093,112.668957712523,"verschoven_geometrisch_gemiddelde_index_plus_1","1984-2025",7,0,35.0327484413533,"Rietvogels"
200,2019,5.05044872708785,155.092491702903,"verschoven_geometrisch_gemiddelde_index_plus_1","1984-2025",7,0,39.2559425604005,"Rietvogels"
200,2020,4.97808509799249,144.196079014322,"verschoven_geometrisch_gemiddelde_index_plus_1","1984-2025",7,0,41.7070370241632,"Rietvogels"
200,2021,4.9771215957553,144.056249641135,"verschoven_geometrisch_gemiddelde_index_plus_1","1984-2025",7,0,39.7124070087773,"Rietvogels"
200,2022,4.70191440624011,109.157857609292,"verschoven_geometrisch_gemiddelde_index_plus_1","1984-2025",7,0,31.905473899907,"Rietvogels"
200,2023,5.03100485019986,152.086764699916,"verschoven_geometrisch_gemiddelde_index_plus_1","1984-2025",7,0,37.5822395830191,"Rietvogels"
200,2024,4.74907905399281,114.477886642732,"verschoven_geometrisch_gemiddelde_index_plus_1","1984-2025",7,0,32.7132854670004,"Rietvogels"
200,2025,4.87280857475764,129.687447407281,"verschoven_geometrisch_gemiddelde_index_plus_1","1984-2025",7,0,34.691298076633,"Rietvogels"
300,1958,4.15936423476254,63.0308010991855,"verschoven_geometrisch_gemiddelde_index_plus_1","1958-1983",8,0,29.0211738484398,"Vogels van pionierbegroeiingen"
300,1959,4.0597288510708,56.9585935375826,"verschoven_geometrisch_gemiddelde_index_plus_1","1958-1983",8,0,31.1681092670531,"Vogels van pionierbegroeiingen"
300,1960,3.92859867940062,49.8356906324035,"verschoven_geometrisch_gemiddelde_index_plus_1","1958-1983",9,0,26.0852250099562,"Vogels van pionierbegroeiingen"
300,1961,4.47357987046813,86.6700091937459,"verschoven_geometrisch_gemiddelde_index_plus_1","1958-1983",9,0,32.5869652139144,"Vogels van pionierbegroeiingen"
300,1962,4.39938768169409,80.4010100732744,"verschoven_geometrisch_gemiddelde_index_plus_1","1958-1983",7,0,29.188324670132,"Vogels van pionierbegroeiingen"
300,1963,4.00128030758896,53.6680972263814,"verschoven_geometrisch_gemiddelde_index_plus_1","1958-1983",8,0,20.582405854551,"Vogels van pionierbegroeiingen"
300,1964,3.86768028472202,46.8313022865647,"verschoven_geometrisch_gemiddelde_index_plus_1","1958-1983",8,0,20.4610301847124,"Vogels van pionierbegroeiingen"
300,1965,3.85146092136989,46.0617665747625,"verschoven_geometrisch_gemiddelde_index_plus_1","1958-1983",9,0,19.9435559736595,"Vogels van pionierbegroeiingen"
300,1966,3.97458572214011,52.2280611301902,"verschoven_geometrisch_gemiddelde_index_plus_1","1958-1983",9,0,22.7988878591288,"Vogels van pionierbegroeiingen"
300,1967,4.26606430721517,70.2407016315187,"verschoven_geometrisch_gemiddelde_index_plus_1","1958-1983",10,0,23.1909328683522,"Vogels van pionierbegroeiingen"
300,1968,4.42141659556897,82.2140826038092,"verschoven_geometrisch_gemiddelde_index_plus_1","1958-1983",10,0,29.6428571428571,"Vogels van pionierbegroeiingen"
300,1969,4.30370351468307,72.9732480261996,"verschoven_geometrisch_gemiddelde_index_plus_1","1958-1983",9,0,22.6785714285714,"Vogels van pionierbegroeiingen"
300,1970,4.27262626832221,70.709717493829,"verschoven_geometrisch_gemiddelde_index_plus_1","1958-1983",9,0,24.5333333333333,"Vogels van pionierbegroeiingen"
300,1971,4.33607333781353,75.4069253352338,"verschoven_geometrisch_gemiddelde_index_plus_1","1958-1983",10,0,25.2894033837934,"Vogels van pionierbegroeiingen"
300,1972,4.47905942928339,87.1517207435376,"verschoven_geometrisch_gemiddelde_index_plus_1","1958-1983",9,0,26.7493356953056,"Vogels van pionierbegroeiingen"
300,1973,4.68125108831193,106.904986826797,"verschoven_geometrisch_gemiddelde_index_plus_1","1958-1983",9,0,29.3963254593176,"Vogels van pionierbegroeiingen"
300,1974,4.53705861731692,92.4156245192069,"verschoven_geometrisch_gemiddelde_index_plus_1","1958-1983",9,0,26.9854824935952,"Vogels van pionierbegroeiingen"
300,1975,4.76101663319049,115.864674033533,"verschoven_geometrisch_gemiddelde_index_plus_1","1958-1983",10,0,34.5140781108083,"Vogels van pionierbegroeiingen"
300,1976,4.81377680550328,122.196027406605,"verschoven_geometrisch_gemiddelde_index_plus_1","1958-1983",10,0,31.2788906009245,"Vogels van pionierbegroeiingen"
300,1977,4.77739417970286,117.794389538073,"verschoven_geometrisch_gemiddelde_index_plus_1","1958-1983",10,0,31.5789473684211,"Vogels van pionierbegroeiingen"
300,1978,4.88010722561756,130.644778821783,"verschoven_geometrisch_gemiddelde_index_plus_1","1958-1983",10,0,32.9153605015674,"Vogels van pionierbegroeiingen"
300,1979,4.58144922594278,96.6558170490072,"verschoven_geometrisch_gemiddelde_index_plus_1","1958-1983",10,0,28.8854003139717,"Vogels van pionierbegroeiingen"
300,1980,4.71320575117502,110.408736740736,"verschoven_geometrisch_gemiddelde_index_plus_1","1958-1983",10,0,30.564263322884,"Vogels van pionierbegroeiingen"
300,1981,4.7026446015627,109.238323736085,"verschoven_geometrisch_gemiddelde_index_plus_1","1958-1983",10,0,30.0940438871473,"Vogels van pionierbegroeiingen"
300,1982,4.55422284570406,94.0328713254916,"verschoven_geometrisch_gemiddelde_index_plus_1","1958-1983",10,0,29.3289146644573,"Vogels van pionierbegroeiingen"
300,1983,4.57869286177738,96.3870126858945,"verschoven_geometrisch_gemiddelde_index_plus_1","1958-1983",11,0,25.5485893416928,"Vogels van pionierbegroeiingen"
300,1984,4.46137769642518,85.6067447448375,"verschoven_geometrisch_gemiddelde_index_plus_1","1984-2025",11,1,37.380010826839,"Vogels van pionierbegroeiingen"
300,1985,4.35392409198172,76.7830928473959,"verschoven_geometrisch_gemiddelde_index_plus_1","1984-2025",11,1,37.6209485230573,"Vogels van pionierbegroeiingen"
300,1986,3.85903818843281,46.4197205924881,"verschoven_geometrisch_gemiddelde_index_plus_1","1984-2025",11,1,32.798798416256,"Vogels van pionierbegroeiingen"
300,1987,3.6402818834545,37.1025756974217,"verschoven_geometrisch_gemiddelde_index_plus_1","1984-2025",11,2,32.454130755192,"Vogels van pionierbegroeiingen"
300,1988,3.59388101156556,35.3749740309475,"verschoven_geometrisch_gemiddelde_index_plus_1","1984-2025",11,2,27.2236018964063,"Vogels van pionierbegroeiingen"
300,1989,3.020182263069,19.4950268302823,"verschoven_geometrisch_gemiddelde_index_plus_1","1984-2025",11,3,25.5221267778809,"Vogels van pionierbegroeiingen"
300,1990,3.19409101167229,23.3879952108489,"verschoven_geometrisch_gemiddelde_index_plus_1","1984-2025",11,2,23.0683274632129,"Vogels van pionierbegroeiingen"
300,1991,3.13097599531816,21.8963153374245,"verschoven_geometrisch_gemiddelde_index_plus_1","1984-2025",11,2,19.615298891545,"Vogels van pionierbegroeiingen"
300,1992,2.90674045696442,17.2970612032379,"verschoven_geometrisch_gemiddelde_index_plus_1","1984-2025",11,3,20.3887388721729,"Vogels van pionierbegroeiingen"
300,1993,3.06134935368206,20.3563550046809,"verschoven_geometrisch_gemiddelde_index_plus_1","1984-2025",11,2,19.0838595843539,"Vogels van pionierbegroeiingen"
300,1994,2.76561754131406,14.8888489822527,"verschoven_geometrisch_gemiddelde_index_plus_1","1984-2025",11,3,17.7789802965348,"Vogels van pionierbegroeiingen"
300,1995,2.64862837356789,13.1346379001778,"verschoven_geometrisch_gemiddelde_index_plus_1","1984-2025",11,3,19.0424723895149,"Vogels van pionierbegroeiingen"
300,1996,2.55079308969607,11.8172649935528,"verschoven_geometrisch_gemiddelde_index_plus_1","1984-2025",11,3,16.1246537193791,"Vogels van pionierbegroeiingen"
300,1997,2.52498260148935,11.4906779425231,"verschoven_geometrisch_gemiddelde_index_plus_1","1984-2025",11,3,16.4159244737197,"Vogels van pionierbegroeiingen"
300,1998,2.5946802959481,12.3923051027109,"verschoven_geometrisch_gemiddelde_index_plus_1","1984-2025",11,4,15.4585245724584,"Vogels van pionierbegroeiingen"
300,1999,2.88459825297561,16.896376335143,"verschoven_geometrisch_gemiddelde_index_plus_1","1984-2025",11,4,11.9836248658154,"Vogels van pionierbegroeiingen"
300,2000,3.11000109255421,21.4210688969662,"verschoven_geometrisch_gemiddelde_index_plus_1","1984-2025",11,3,14.2062184918789,"Vogels van pionierbegroeiingen"
300,2001,3.11434767526907,21.5187360328578,"verschoven_geometrisch_gemiddelde_index_plus_1","1984-2025",11,3,12.4035797841377,"Vogels van pionierbegroeiingen"
300,2002,2.75114781791443,14.6605970857113,"verschoven_geometrisch_gemiddelde_index_plus_1","1984-2025",11,4,12.8044210895014,"Vogels van pionierbegroeiingen"
300,2003,3.02990424645702,19.6952508509199,"verschoven_geometrisch_gemiddelde_index_plus_1","1984-2025",11,4,16.0923096075401,"Vogels van pionierbegroeiingen"
300,2004,1.780350999391,4.93193815990639,"verschoven_geometrisch_gemiddelde_index_plus_1","1984-2025",11,7,12.5520014938813,"Vogels van pionierbegroeiingen"
300,2005,2.25753084791526,8.5594562508088,"verschoven_geometrisch_gemiddelde_index_plus_1","1984-2025",11,6,14.4830786467861,"Vogels van pionierbegroeiingen"
300,2006,1.73415939594922,4.66416448244364,"verschoven_geometrisch_gemiddelde_index_plus_1","1984-2025",11,7,10.2510968709,"Vogels van pionierbegroeiingen"
300,2007,1.77416102863298,4.89533304533184,"verschoven_geometrisch_gemiddelde_index_plus_1","1984-2025",11,7,12.0701334123264,"Vogels van pionierbegroeiingen"
300,2008,2.18280770993606,7.87117902211358,"verschoven_geometrisch_gemiddelde_index_plus_1","1984-2025",11,6,12.0569502450747,"Vogels van pionierbegroeiingen"
300,2009,2.60193651301568,12.4898360003151,"verschoven_geometrisch_gemiddelde_index_plus_1","1984-2025",11,4,10.0232745948894,"Vogels van pionierbegroeiingen"
300,2010,2.45274066736643,10.620150084223,"verschoven_geometrisch_gemiddelde_index_plus_1","1984-2025",11,4,7.59719261778437,"Vogels van pionierbegroeiingen"
300,2011,2.63978031845056,13.0101255035662,"verschoven_geometrisch_gemiddelde_index_plus_1","1984-2025",11,3,9.14764009080158,"Vogels van pionierbegroeiingen"
300,2012,2.17813206485963,7.82979735597777,"verschoven_geometrisch_gemiddelde_index_plus_1","1984-2025",11,5,8.21737160699125,"Vogels van pionierbegroeiingen"
300,2013,2.09886780314888,7.15692943271511,"verschoven_geometrisch_gemiddelde_index_plus_1","1984-2025",11,6,8.21737160699125,"Vogels van pionierbegroeiingen"
300,2014,2.17471962494186,7.79971755496053,"verschoven_geometrisch_gemiddelde_index_plus_1","1984-2025",11,6,10.6980875638188,"Vogels van pionierbegroeiingen"
300,2015,2.234603996067,8.34278134138019,"verschoven_geometrisch_gemiddelde_index_plus_1","1984-2025",11,6,12.3245401061723,"Vogels van pionierbegroeiingen"
300,2016,2.36439181038114,9.63756719178574,"verschoven_geometrisch_gemiddelde_index_plus_1","1984-2025",11,6,14.4191614990601,"Vogels van pionierbegroeiingen"
300,2017,2.48229199519802,10.9686651277056,"verschoven_geometrisch_gemiddelde_index_plus_1","1984-2025",11,5,15.2154816125583,"Vogels van pionierbegroeiingen"
300,2018,2.39790379068421,10.0000936971432,"verschoven_geometrisch_gemiddelde_index_plus_1","1984-2025",11,5,15.0608077411426,"Vogels van pionierbegroeiingen"
300,2019,2.49325985364851,11.1006582705595,"verschoven_geometrisch_gemiddelde_index_plus_1","1984-2025",11,5,15.8241008770607,"Vogels van pionierbegroeiingen"
300,2020,2.6894189166428,13.723118075393,"verschoven_geometrisch_gemiddelde_index_plus_1","1984-2025",11,4,19.5356381600169,"Vogels van pionierbegroeiingen"
300,2021,2.7680440004297,14.9274494369764,"verschoven_geometrisch_gemiddelde_index_plus_1","1984-2025",11,4,19.0193520156979,"Vogels van pionierbegroeiingen"
300,2022,2.57648463570001,12.1508268595475,"verschoven_geometrisch_gemiddelde_index_plus_1","1984-2025",11,5,16.9294351305629,"Vogels van pionierbegroeiingen"
300,2023,2.28583529874851,8.83389703618667,"verschoven_geometrisch_gemiddelde_index_plus_1","1984-2025",11,6,18.8671971995724,"Vogels van pionierbegroeiingen"
300,2024,2.29918937001053,8.96610035963331,"verschoven_geometrisch_gemiddelde_index_plus_1","1984-2025",11,6,18.8671971995723,"Vogels van pionierbegroeiingen"
300,2025,2.57221279853774,12.0947684900162,"verschoven_geometrisch_gemiddelde_index_plus_1","1984-2025",11,5,19.1715068318235,"Vogels van pionierbegroeiingen"
400,1958,4.28021568566342,71.2560229149984,"verschoven_geometrisch_gemiddelde_index_plus_1","1958-1983",6,0,26.2351411589896,"Vogels van open heide"
400,1959,3.89359269685631,48.0869245482633,"verschoven_geometrisch_gemiddelde_index_plus_1","1958-1983",6,0,26.8006035098865,"Vogels van open heide"
400,1960,3.83688591563289,45.3808155440694,"verschoven_geometrisch_gemiddelde_index_plus_1","1958-1983",6,0,22.1027479091995,"Vogels van open heide"
400,1961,4.54380601991713,93.0480686250286,"verschoven_geometrisch_gemiddelde_index_plus_1","1958-1983",5,0,25.5897640943623,"Vogels van open heide"
400,1962,4.45902170505837,85.4029401770838,"verschoven_geometrisch_gemiddelde_index_plus_1","1958-1983",5,0,24.1903238704518,"Vogels van open heide"
400,1963,4.17580071501558,64.0919388927794,"verschoven_geometrisch_gemiddelde_index_plus_1","1958-1983",5,0,16.5802713828327,"Vogels van open heide"
400,1964,3.93129848582342,49.973122592847,"verschoven_geometrisch_gemiddelde_index_plus_1","1958-1983",6,0,16.3312809731191,"Vogels van open heide"
400,1965,3.67432337708469,38.4219740201201,"verschoven_geometrisch_gemiddelde_index_plus_1","1958-1983",6,0,13.7347130761994,"Vogels van open heide"
400,1966,3.71293372815445,39.973836470939,"verschoven_geometrisch_gemiddelde_index_plus_1","1958-1983",6,0,14.2724745134384,"Vogels van open heide"
400,1967,3.87597415084196,47.2296583765966,"verschoven_geometrisch_gemiddelde_index_plus_1","1958-1983",6,0,14.2981691368788,"Vogels van open heide"
400,1968,4.18867558329809,64.9354071524157,"verschoven_geometrisch_gemiddelde_index_plus_1","1958-1983",6,0,19.4642857142857,"Vogels van open heide"
400,1969,4.28406610826922,71.5347754521777,"verschoven_geometrisch_gemiddelde_index_plus_1","1958-1983",5,0,15,"Vogels van open heide"
400,1970,4.18102108021403,64.432631080377,"verschoven_geometrisch_gemiddelde_index_plus_1","1958-1983",6,0,15.6444444444444,"Vogels van open heide"
400,1971,4.36480276744151,77.63388924906,"verschoven_geometrisch_gemiddelde_index_plus_1","1958-1983",6,0,17.8094390026714,"Vogels van open heide"
400,1972,4.55900221480048,94.4881556130287,"verschoven_geometrisch_gemiddelde_index_plus_1","1958-1983",6,0,18.9548272807794,"Vogels van open heide"
400,1973,4.68358945800104,107.157603818146,"verschoven_geometrisch_gemiddelde_index_plus_1","1958-1983",6,0,20.4724409448819,"Vogels van open heide"
400,1974,4.66003713045408,104.640004545176,"verschoven_geometrisch_gemiddelde_index_plus_1","1958-1983",6,0,19.4705380017079,"Vogels van open heide"
400,1975,4.95511048978987,140.898283818406,"verschoven_geometrisch_gemiddelde_index_plus_1","1958-1983",6,0,24.3415077202543,"Vogels van open heide"
400,1976,4.85651074322852,127.574788052971,"verschoven_geometrisch_gemiddelde_index_plus_1","1958-1983",6,0,21.5716486902928,"Vogels van open heide"
400,1977,4.8075539666763,121.431778748253,"verschoven_geometrisch_gemiddelde_index_plus_1","1958-1983",6,0,20.8906882591093,"Vogels van open heide"
400,1978,4.8867601366507,131.523519674442,"verschoven_geometrisch_gemiddelde_index_plus_1","1958-1983",6,0,22.4137931034483,"Vogels van open heide"
400,1979,4.73983002803454,113.414752726919,"verschoven_geometrisch_gemiddelde_index_plus_1","1958-1983",6,0,19.309262166405,"Vogels van open heide"
400,1980,4.61809557767296,100.300928562432,"verschoven_geometrisch_gemiddelde_index_plus_1","1958-1983",6,0,17.2413793103448,"Vogels van open heide"
400,1981,4.6910679119599,107.969487512146,"verschoven_geometrisch_gemiddelde_index_plus_1","1958-1983",6,0,18.6520376175549,"Vogels van open heide"
400,1982,4.66343923465425,105.000014897473,"verschoven_geometrisch_gemiddelde_index_plus_1","1958-1983",6,0,19.3869096934548,"Vogels van open heide"
400,1983,4.49099494808948,88.2101612172268,"verschoven_geometrisch_gemiddelde_index_plus_1","1958-1983",6,0,15.5172413793103,"Vogels van open heide"
400,1984,5.01004172083274,148.910990429936,"verschoven_geometrisch_gemiddelde_index_plus_1","1984-2025",6,0,21.1709795833424,"Vogels van open heide"
400,1985,3.90228391198719,48.5154088972479,"verschoven_geometrisch_gemiddelde_index_plus_1","1984-2025",6,1,15.0093939703389,"Vogels van open heide"
400,1986,4.06942939468948,57.5235592090499,"verschoven_geometrisch_gemiddelde_index_plus_1","1984-2025",6,0,9.43850314136863,"Vogels van open heide"
400,1987,3.35263226429463,27.577859203624,"verschoven_geometrisch_gemiddelde_index_plus_1","1984-2025",6,1,9.55704463956576,"Vogels van open heide"
400,1988,4.20743196402235,66.1837877043045,"verschoven_geometrisch_gemiddelde_index_plus_1","1984-2025",6,0,9.35811315188967,"Vogels van open heide"
400,1989,3.2030516700154,23.6075097321247,"verschoven_geometrisch_gemiddelde_index_plus_1","1984-2025",6,1,8.50737559262697,"Vogels van open heide"
400,1990,3.793733641471,43.4219466605235,"verschoven_geometrisch_gemiddelde_index_plus_1","1984-2025",6,0,7.00288512276107,"Vogels van open heide"
400,1991,3.08975533267601,20.9717015606493,"verschoven_geometrisch_gemiddelde_index_plus_1","1984-2025",6,1,7.37823169314997,"Vogels van open heide"
400,1992,3.0822302785196,20.8069838486295,"verschoven_geometrisch_gemiddelde_index_plus_1","1984-2025",6,1,7.01372617202749,"Vogels van open heide"
400,1993,2.93773744909403,17.8730966269505,"verschoven_geometrisch_gemiddelde_index_plus_1","1984-2025",6,1,6.03506670616319,"Vogels van open heide"
400,1994,3.0273560503192,19.6425824258683,"verschoven_geometrisch_gemiddelde_index_plus_1","1984-2025",6,1,5.8719567951858,"Vogels van open heide"
400,1995,2.7276381516592,14.2967157984239,"verschoven_geometrisch_gemiddelde_index_plus_1","1984-2025",6,1,5.41725507632751,"Vogels van open heide"
400,1996,2.88578454144805,16.9176191976781,"verschoven_geometrisch_gemiddelde_index_plus_1","1984-2025",6,1,6.82196888127576,"Vogels van open heide"
400,1997,2.89357040440346,17.0576678174445,"verschoven_geometrisch_gemiddelde_index_plus_1","1984-2025",6,1,6.7305290342251,"Vogels van open heide"
400,1998,2.34812435270022,9.46592092705434,"verschoven_geometrisch_gemiddelde_index_plus_1","1984-2025",6,2,5.6858940956169,"Vogels van open heide"
400,1999,2.61076487370037,12.6094563871303,"verschoven_geometrisch_gemiddelde_index_plus_1","1984-2025",6,2,5.08893658685312,"Vogels van open heide"
400,2000,3.02510781423543,19.5962251577642,"verschoven_geometrisch_gemiddelde_index_plus_1","1984-2025",6,1,7.19080195267946,"Vogels van open heide"
400,2001,2.44588485919602,10.5407570270889,"verschoven_geometrisch_gemiddelde_index_plus_1","1984-2025",6,2,5.58161090286198,"Vogels van open heide"
400,2002,1.90787335113102,5.73874260993554,"verschoven_geometrisch_gemiddelde_index_plus_1","1984-2025",6,3,6.2380513000135,"Vogels van open heide"
400,2003,2.35458362618676,9.53374197415283,"verschoven_geometrisch_gemiddelde_index_plus_1","1984-2025",6,3,8.36800099592086,"Vogels van open heide"
400,2004,1.50639665194435,3.51044876024333,"verschoven_geometrisch_gemiddelde_index_plus_1","1984-2025",6,4,6.11507765086524,"Vogels van open heide"
400,2005,1.53498733088065,3.64126672881938,"verschoven_geometrisch_gemiddelde_index_plus_1","1984-2025",6,4,7.08061622731765,"Vogels van open heide"
400,2006,1.35847862232162,2.89027022703453,"verschoven_geometrisch_gemiddelde_index_plus_1","1984-2025",6,4,3.18137489096898,"Vogels van open heide"
400,2007,1.51279039349314,3.53937979410383,"verschoven_geometrisch_gemiddelde_index_plus_1","1984-2025",6,4,5.8719567951858,"Vogels van open heide"
400,2008,1.52584986207201,3.59905046746882,"verschoven_geometrisch_gemiddelde_index_plus_1","1984-2025",6,4,5.93849788190246,"Vogels van open heide"
400,2009,2.40362353702098,10.0631917230995,"verschoven_geometrisch_gemiddelde_index_plus_1","1984-2025",6,2,4.34341899111876,"Vogels van open heide"
400,2010,1.73521736205594,4.67016014753491,"verschoven_geometrisch_gemiddelde_index_plus_1","1984-2025",6,3,3.5660291879396,"Vogels van open heide"
400,2011,1.96709149297861,6.14985082590593,"verschoven_geometrisch_gemiddelde_index_plus_1","1984-2025",6,2,3.41098444063788,"Vogels van open heide"
400,2012,1.61351945465311,4.02044941528209,"verschoven_geometrisch_gemiddelde_index_plus_1","1984-2025",6,3,2.94585019873271,"Vogels van open heide"
400,2013,1.26434527208014,2.54077373361269,"verschoven_geometrisch_gemiddelde_index_plus_1","1984-2025",6,4,2.63576070412927,"Vogels van open heide"
400,2014,1.42762449172265,3.16878443835631,"verschoven_geometrisch_gemiddelde_index_plus_1","1984-2025",6,4,3.5660291879396,"Vogels van open heide"
400,2015,1.45849126721341,3.29946788433652,"verschoven_geometrisch_gemiddelde_index_plus_1","1984-2025",6,4,3.95602521926517,"Vogels van open heide"
400,2016,1.4256040256873,3.16037005434096,"verschoven_geometrisch_gemiddelde_index_plus_1","1984-2025",6,4,3.5660291879396,"Vogels van open heide"
400,2017,1.82199965460462,5.18421238273473,"verschoven_geometrisch_gemiddelde_index_plus_1","1984-2025",6,3,4.26033485151634,"Vogels van open heide"
400,2018,1.76291614328072,4.8294120328646,"verschoven_geometrisch_gemiddelde_index_plus_1","1984-2025",6,3,5.07483739103716,"Vogels van open heide"
400,2019,1.95933138778719,6.09458195487424,"verschoven_geometrisch_gemiddelde_index_plus_1","1984-2025",6,3,5.32541856439542,"Vogels van open heide"
400,2020,1.73796728349089,4.68577410119766,"verschoven_geometrisch_gemiddelde_index_plus_1","1984-2025",6,3,4.80638716635337,"Vogels van open heide"
400,2021,1.64161751636936,4.16351483083275,"verschoven_geometrisch_gemiddelde_index_plus_1","1984-2025",6,3,3.34740595476284,"Vogels van open heide"
400,2022,2.19141312736355,7.94784863454706,"verschoven_geometrisch_gemiddelde_index_plus_1","1984-2025",6,3,5.04627393314855,"Vogels van open heide"
400,2023,1.42076325713505,3.14027933231609,"verschoven_geometrisch_gemiddelde_index_plus_1","1984-2025",6,4,5.32541856439542,"Vogels van open heide"
400,2024,1.48832653511179,3.42967640499182,"verschoven_geometrisch_gemiddelde_index_plus_1","1984-2025",6,4,5.93403782889775,"Vogels van open heide"
400,2025,2.1647232244165,7.71219026157981,"verschoven_geometrisch_gemiddelde_index_plus_1","1984-2025",6,3,5.78188301277217,"Vogels van open heide"
500,1958,4.12480324959325,60.8556379311286,"verschoven_geometrisch_gemiddelde_index_plus_1","1958-1983",8,0,62.4535661218425,"Weidevogels"
500,1959,4.32643771283013,74.6742325021654,"verschoven_geometrisch_gemiddelde_index_plus_1","1958-1983",8,0,76.629873739379,"Weidevogels"
500,1960,4.23555118112182,68.0997547194956,"verschoven_geometrisch_gemiddelde_index_plus_1","1958-1983",8,0,75.4679410593389,"Weidevogels"
500,1961,4.66869838032054,105.558952896337,"verschoven_geometrisch_gemiddelde_index_plus_1","1958-1983",7,0,66.5733706517393,"Weidevogels"
500,1962,4.71319351700856,110.407373756043,"verschoven_geometrisch_gemiddelde_index_plus_1","1958-1983",7,0,69.5721711315474,"Weidevogels"
500,1963,4.39339946148587,79.9150194614373,"verschoven_geometrisch_gemiddelde_index_plus_1","1958-1983",7,0,52.4089037963104,"Weidevogels"
500,1964,4.38235001030324,79.0258742336716,"verschoven_geometrisch_gemiddelde_index_plus_1","1958-1983",8,0,71.1443159633579,"Weidevogels"
500,1965,4.18619868319862,64.7722938269794,"verschoven_geometrisch_gemiddelde_index_plus_1","1958-1983",8,0,69.4261523988711,"Weidevogels"
500,1966,4.23032140727873,67.7393219421571,"verschoven_geometrisch_gemiddelde_index_plus_1","1958-1983",8,0,66.3577386468953,"Weidevogels"
500,1967,4.22223241776222,67.1855331032623,"verschoven_geometrisch_gemiddelde_index_plus_1","1958-1983",8,0,54.7515257192677,"Weidevogels"
500,1968,4.36866393006937,77.9380943983494,"verschoven_geometrisch_gemiddelde_index_plus_1","1958-1983",8,0,51.4285714285714,"Weidevogels"
500,1969,4.39944257628332,80.4054786709349,"verschoven_geometrisch_gemiddelde_index_plus_1","1958-1983",7,0,40,"Weidevogels"
500,1970,4.26352920545836,70.0603279330974,"verschoven_geometrisch_gemiddelde_index_plus_1","1958-1983",9,0,50.4888888888889,"Weidevogels"
500,1971,4.24832635692511,68.9881790395228,"verschoven_geometrisch_gemiddelde_index_plus_1","1958-1983",9,0,45.5921638468388,"Weidevogels"
500,1972,4.32878433678668,74.8520199876508,"verschoven_geometrisch_gemiddelde_index_plus_1","1958-1983",9,0,41.806908768822,"Weidevogels"
500,1973,4.5937558091659,97.8650520023222,"verschoven_geometrisch_gemiddelde_index_plus_1","1958-1983",9,0,51.2685914260717,"Weidevogels"
500,1974,4.5468875989697,93.3383321885985,"verschoven_geometrisch_gemiddelde_index_plus_1","1958-1983",9,0,44.7480785653288,"Weidevogels"
500,1975,4.71546223515668,110.66041261511,"verschoven_geometrisch_gemiddelde_index_plus_1","1958-1983",9,0,49.4096276112625,"Weidevogels"
500,1976,4.60630695995724,99.1137420341579,"verschoven_geometrisch_gemiddelde_index_plus_1","1958-1983",9,0,46.0708782742681,"Weidevogels"
500,1977,4.46937673326868,86.3022934380631,"verschoven_geometrisch_gemiddelde_index_plus_1","1958-1983",9,0,46.1538461538462,"Weidevogels"
500,1978,4.57616072203102,96.1407271066391,"verschoven_geometrisch_gemiddelde_index_plus_1","1958-1983",9,0,46.2382445141066,"Weidevogels"
500,1979,4.39285692025517,79.8711316337512,"verschoven_geometrisch_gemiddelde_index_plus_1","1958-1983",9,0,42.8571428571429,"Weidevogels"
500,1980,4.25248499710645,69.2798407307695,"verschoven_geometrisch_gemiddelde_index_plus_1","1958-1983",9,0,37.9310344827586,"Weidevogels"
500,1981,4.34906205235432,76.4058262533922,"verschoven_geometrisch_gemiddelde_index_plus_1","1958-1983",9,0,41.3793103448276,"Weidevogels"
500,1982,4.30449836971161,73.0320694085095,"verschoven_geometrisch_gemiddelde_index_plus_1","1958-1983",9,0,42.4192212096106,"Weidevogels"
500,1983,4.21725550378719,66.8470226381305,"verschoven_geometrisch_gemiddelde_index_plus_1","1958-1983",9,0,35.2664576802508,"Weidevogels"
500,1984,4.71377419678937,110.472084551723,"verschoven_geometrisch_gemiddelde_index_plus_1","1984-2025",9,0,44.6575350586129,"Weidevogels"
500,1985,3.46011543634214,30.8206495620518,"verschoven_geometrisch_gemiddelde_index_plus_1","1984-2025",9,2,33.7224046346576,"Weidevogels"
500,1986,3.52335477400278,32.8979579125039,"verschoven_geometrisch_gemiddelde_index_plus_1","1984-2025",9,1,26.8997339529006,"Weidevogels"
500,1987,3.10866741127079,21.3911862684046,"verschoven_geometrisch_gemiddelde_index_plus_1","1984-2025",9,2,30.0648695953006,"Weidevogels"
500,1988,3.70661795407602,39.7158704616791,"verschoven_geometrisch_gemiddelde_index_plus_1","1984-2025",9,1,27.8616550658533,"Weidevogels"
500,1989,2.98351292782409,18.7571001463692,"verschoven_geometrisch_gemiddelde_index_plus_1","1984-2025",9,2,24.2460204389869,"Weidevogels"
500,1990,3.64838388113232,37.412536633086,"verschoven_geometrisch_gemiddelde_index_plus_1","1984-2025",9,0,25.3339667676356,"Weidevogels"
500,1991,3.02240974428247,19.5407300000954,"verschoven_geometrisch_gemiddelde_index_plus_1","1984-2025",9,1,18.5355576681572,"Weidevogels"
500,1992,3.17936815132585,23.03156444183,"verschoven_geometrisch_gemiddelde_index_plus_1","1984-2025",9,1,23.9771569136754,"Weidevogels"
500,1993,3.17441382101687,22.9127985793292,"verschoven_geometrisch_gemiddelde_index_plus_1","1984-2025",9,1,22.6722776258563,"Weidevogels"
500,1994,2.97250527915098,18.5408135166945,"verschoven_geometrisch_gemiddelde_index_plus_1","1984-2025",9,2,25.6082560234492,"Weidevogels"
500,1995,3.06943879691545,20.5298166844389,"verschoven_geometrisch_gemiddelde_index_plus_1","1984-2025",9,1,25.9371606684772,"Weidevogels"
500,1996,3.03601039792523,19.8220057858655,"verschoven_geometrisch_gemiddelde_index_plus_1","1984-2025",9,1,25.1172490628789,"Weidevogels"
500,1997,2.904776245315,17.2611571755705,"verschoven_geometrisch_gemiddelde_index_plus_1","1984-2025",9,1,21.6690203053101,"Weidevogels"
500,1998,2.5205410328506,11.4353227620154,"verschoven_geometrisch_gemiddelde_index_plus_1","1984-2025",9,2,17.0576822868507,"Weidevogels"
500,1999,2.96460315791445,18.3870081339606,"verschoven_geometrisch_gemiddelde_index_plus_1","1984-2025",9,2,22.9822942632076,"Weidevogels"
500,2000,2.96445119372809,18.3840622268854,"verschoven_geometrisch_gemiddelde_index_plus_1","1984-2025",9,2,22.8001037523983,"Weidevogels"
500,2001,2.61727808509108,12.6983869508892,"verschoven_geometrisch_gemiddelde_index_plus_1","1984-2025",9,3,21.5512198749393,"Weidevogels"
500,2002,2.51221749556161,11.3322464641139,"verschoven_geometrisch_gemiddelde_index_plus_1","1984-2025",9,3,23.1464535079448,"Weidevogels"
500,2003,2.81343841962243,15.6671283874354,"verschoven_geometrisch_gemiddelde_index_plus_1","1984-2025",9,2,22.851079642707,"Weidevogels"
500,2004,2.01080872355943,6.46935554917839,"verschoven_geometrisch_gemiddelde_index_plus_1","1984-2025",9,4,19.1498484329727,"Weidevogels"
500,2005,2.09409666665984,7.11810430270783,"verschoven_geometrisch_gemiddelde_index_plus_1","1984-2025",9,4,17.7015405682941,"Weidevogels"
500,2006,1.74765592935738,4.74112927828033,"verschoven_geometrisch_gemiddelde_index_plus_1","1984-2025",9,5,13.432471761869,"Weidevogels"
500,2007,2.25683188322239,8.55277686300647,"verschoven_geometrisch_gemiddelde_index_plus_1","1984-2025",9,4,18.7576397623991,"Weidevogels"
500,2008,2.2412523153519,8.40510206924655,"verschoven_geometrisch_gemiddelde_index_plus_1","1984-2025",9,3,17.8154936457074,"Weidevogels"
500,2009,2.52545878553446,11.496627220435,"verschoven_geometrisch_gemiddelde_index_plus_1","1984-2025",9,3,20.3806583429419,"Weidevogels"
500,2010,2.10718644250977,7.2250669999577,"verschoven_geometrisch_gemiddelde_index_plus_1","1984-2025",9,3,15.5044747301722,"Weidevogels"
500,2011,1.98039743958059,6.24562210999658,"verschoven_geometrisch_gemiddelde_index_plus_1","1984-2025",9,4,14.1090720044567,"Weidevogels"
500,2012,1.87124414586773,5.49637381013722,"verschoven_geometrisch_gemiddelde_index_plus_1","1984-2025",9,4,15.5044747301722,"Weidevogels"
500,2013,2.17125454161181,7.76927856762173,"verschoven_geometrisch_gemiddelde_index_plus_1","1984-2025",9,3,15.3494299828705,"Weidevogels"
500,2014,2.18874213348644,7.92398087514023,"verschoven_geometrisch_gemiddelde_index_plus_1","1984-2025",9,3,14.5742062463618,"Weidevogels"
500,2015,2.07435600330302,6.95941896864283,"verschoven_geometrisch_gemiddelde_index_plus_1","1984-2025",9,4,16.8891845899398,"Weidevogels"
500,2016,2.07781055781448,6.98696276372819,"verschoven_geometrisch_gemiddelde_index_plus_1","1984-2025",9,4,15.5044747301722,"Weidevogels"
500,2017,1.89303943144568,5.6395184047025,"verschoven_geometrisch_gemiddelde_index_plus_1","1984-2025",9,4,13.9982430835537,"Weidevogels"
500,2018,1.89187982020689,5.63182360688954,"verschoven_geometrisch_gemiddelde_index_plus_1","1984-2025",9,4,13.5874678534221,"Weidevogels"
500,2019,2.02269098246591,6.55863775234241,"verschoven_geometrisch_gemiddelde_index_plus_1","1984-2025",9,4,13.9982430835537,"Weidevogels"
500,2020,1.86766515191617,5.47316488463967,"verschoven_geometrisch_gemiddelde_index_plus_1","1984-2025",9,5,17.9851906869997,"Weidevogels"
500,2021,2.21071148180324,8.12220436714155,"verschoven_geometrisch_gemiddelde_index_plus_1","1984-2025",9,3,16.1284105093118,"Weidevogels"
500,2022,2.42737633347918,10.3291192223539,"verschoven_geometrisch_gemiddelde_index_plus_1","1984-2025",9,3,16.2783030101566,"Weidevogels"
500,2023,2.34733916102067,9.45770639843541,"verschoven_geometrisch_gemiddelde_index_plus_1","1984-2025",9,3,18.5628875673212,"Weidevogels"
500,2024,2.07751528119764,6.98460474853497,"verschoven_geometrisch_gemiddelde_index_plus_1","1984-2025",9,4,17.6499586705677,"Weidevogels"
500,2025,2.50122690408566,11.1974498851837,"verschoven_geometrisch_gemiddelde_index_plus_1","1984-2025",9,3,16.5848749576886,"Weidevogels"
600,1958,2.94506868093094,18.0119681012972,"verschoven_geometrisch_gemiddelde_index_plus_1","1958-1983",12,0,68.954309063893,"Struweelvogels"
600,1959,3.82179833451187,44.6862937289479,"verschoven_geometrisch_gemiddelde_index_plus_1","1958-1983",15,0,153.259747478758,"Struweelvogels"
600,1960,3.88924495859978,47.8739707177196,"verschoven_geometrisch_gemiddelde_index_plus_1","1958-1983",17,0,165.073675826364,"Struweelvogels"
600,1961,3.97319861685353,52.1542793885543,"verschoven_geometrisch_gemiddelde_index_plus_1","1958-1983",16,0,162.335065973611,"Struweelvogels"
600,1962,3.84419756020979,45.7211783722084,"verschoven_geometrisch_gemiddelde_index_plus_1","1958-1983",18,0,150.339864054378,"Struweelvogels"
600,1963,3.81093749770484,44.1927871467346,"verschoven_geometrisch_gemiddelde_index_plus_1","1958-1983",17,0,130.54581491081,"Struweelvogels"
600,1964,4.04161588819725,55.9182420515584,"verschoven_geometrisch_gemiddelde_index_plus_1","1958-1983",19,0,149.609550983631,"Struweelvogels"
600,1965,4.07684727327579,57.9592939814993,"verschoven_geometrisch_gemiddelde_index_plus_1","1958-1983",21,0,164.440263405456,"Struweelvogels"
600,1966,4.21163925136708,66.4670446579484,"verschoven_geometrisch_gemiddelde_index_plus_1","1958-1983",21,0,176.088971269694,"Struweelvogels"
600,1967,4.05549946935743,56.7139821640047,"verschoven_geometrisch_gemiddelde_index_plus_1","1958-1983",20,0,164.952048823017,"Struweelvogels"
600,1968,4.12188568177361,60.6754329204357,"verschoven_geometrisch_gemiddelde_index_plus_1","1958-1983",20,0,169.821428571429,"Struweelvogels"
600,1969,4.14195403408312,61.9256602793743,"verschoven_geometrisch_gemiddelde_index_plus_1","1958-1983",19,0,152.5,"Struweelvogels"
600,1970,4.28865123348497,71.8681201096175,"verschoven_geometrisch_gemiddelde_index_plus_1","1958-1983",19,0,162.488888888889,"Struweelvogels"
600,1971,4.38130166022099,78.942023062207,"verschoven_geometrisch_gemiddelde_index_plus_1","1958-1983",20,0,166.874443455031,"Struweelvogels"
600,1972,4.48037356254394,87.2676400017352,"verschoven_geometrisch_gemiddelde_index_plus_1","1958-1983",19,0,192.382639503986,"Struweelvogels"
600,1973,4.67412035589418,106.138282071161,"verschoven_geometrisch_gemiddelde_index_plus_1","1958-1983",19,0,217.847769028871,"Struweelvogels"
600,1974,4.61270353828333,99.756179938275,"verschoven_geometrisch_gemiddelde_index_plus_1","1958-1983",19,0,231.255337318531,"Struweelvogels"
600,1975,4.76347566665941,116.152401799432,"verschoven_geometrisch_gemiddelde_index_plus_1","1958-1983",20,0,263.94187102634,"Struweelvogels"
600,1976,4.5369007648734,92.4008797983887,"verschoven_geometrisch_gemiddelde_index_plus_1","1958-1983",20,0,242.681047765794,"Struweelvogels"
600,1977,4.64180670043707,102.731590296129,"verschoven_geometrisch_gemiddelde_index_plus_1","1958-1983",20,0,248.906882591093,"Struweelvogels"
600,1978,4.57184882999813,95.7227685230737,"verschoven_geometrisch_gemiddelde_index_plus_1","1958-1983",21,0,234.952978056426,"Struweelvogels"
600,1979,4.42830809135077,82.789532681479,"verschoven_geometrisch_gemiddelde_index_plus_1","1958-1983",22,0,227.786499215071,"Struweelvogels"
600,1980,4.85154395071304,126.937767043138,"verschoven_geometrisch_gemiddelde_index_plus_1","1958-1983",21,0,289.968652037618,"Struweelvogels"
600,1981,4.94921813042919,140.064626653324,"verschoven_geometrisch_gemiddelde_index_plus_1","1958-1983",21,0,328.213166144201,"Struweelvogels"
600,1982,5.07390107115223,158.796490482183,"verschoven_geometrisch_gemiddelde_index_plus_1","1958-1983",21,0,357.249378624689,"Struweelvogels"
600,1983,5.05407347600826,155.659314468175,"verschoven_geometrisch_gemiddelde_index_plus_1","1958-1983",21,0,386.520376175549,"Struweelvogels"
600,1984,4.7687798622152,116.775451977634,"verschoven_geometrisch_gemiddelde_index_plus_1","1984-2025",22,1,353.952314909006,"Struweelvogels"
600,1985,4.5849668109823,96.9999345665712,"verschoven_geometrisch_gemiddelde_index_plus_1","1984-2025",22,2,384.396427396213,"Struweelvogels"
600,1986,4.69845191745201,108.777096832765,"verschoven_geometrisch_gemiddelde_index_plus_1","1984-2025",22,2,395.001356466277,"Struweelvogels"
600,1987,4.44038876489632,83.807905602432,"verschoven_geometrisch_gemiddelde_index_plus_1","1984-2025",22,2,368.742639009912,"Struweelvogels"
600,1988,4.72969500177009,112.261012671749,"verschoven_geometrisch_gemiddelde_index_plus_1","1984-2025",22,2,405.16376259886,"Struweelvogels"
600,1989,4.71931619218628,111.091577358759,"verschoven_geometrisch_gemiddelde_index_plus_1","1984-2025",22,2,431.111258156372,"Struweelvogels"
600,1990,4.60505533433565,98.9885154942757,"verschoven_geometrisch_gemiddelde_index_plus_1","1984-2025",22,2,413.170222242903,"Struweelvogels"
600,1991,4.43439741607392,83.3013109650662,"verschoven_geometrisch_gemiddelde_index_plus_1","1984-2025",22,2,307.006421183265,"Struweelvogels"
600,1992,4.53470077738806,92.1956248936087,"verschoven_geometrisch_gemiddelde_index_plus_1","1984-2025",22,2,316.107007474169,"Struweelvogels"
600,1993,4.93393220997275,137.924720873111,"verschoven_geometrisch_gemiddelde_index_plus_1","1984-2025",22,1,365.366200589339,"Struweelvogels"
600,1994,4.99482520184665,146.647134681217,"verschoven_geometrisch_gemiddelde_index_plus_1","1984-2025",22,1,372.379926761366,"Struweelvogels"
600,1995,4.76510286169695,116.343186786372,"verschoven_geometrisch_gemiddelde_index_plus_1","1984-2025",22,2,393.982187369274,"Struweelvogels"
600,1996,4.87664252003934,130.189457654629,"verschoven_geometrisch_gemiddelde_index_plus_1","1984-2025",22,1,345.594741735538,"Struweelvogels"
600,1997,4.89925900622399,133.190308652267,"verschoven_geometrisch_gemiddelde_index_plus_1","1984-2025",22,1,351.46494298234,"Struweelvogels"
600,1998,4.64456275029498,103.017874055769,"verschoven_geometrisch_gemiddelde_index_plus_1","1984-2025",22,2,346.128803070678,"Struweelvogels"
600,1999,4.84145608894769,125.653636490332,"verschoven_geometrisch_gemiddelde_index_plus_1","1984-2025",22,1,344.077776969166,"Struweelvogels"
600,2000,4.78025263216046,118.134443435205,"verschoven_geometrisch_gemiddelde_index_plus_1","1984-2025",22,2,368.133982894492,"Struweelvogels"
600,2001,4.7919285975173,119.533605457816,"verschoven_geometrisch_gemiddelde_index_plus_1","1984-2025",22,2,375.053243722865,"Struweelvogels"
600,2002,4.73134808442433,112.448397325688,"verschoven_geometrisch_gemiddelde_index_plus_1","1984-2025",22,2,331.601674369139,"Struweelvogels"
600,2003,4.93844493786661,138.553067047454,"verschoven_geometrisch_gemiddelde_index_plus_1","1984-2025",22,1,325.06465407231,"Struweelvogels"
600,2004,4.6697384390057,105.66983811435,"verschoven_geometrisch_gemiddelde_index_plus_1","1984-2025",22,2,354.191734461958,"Struweelvogels"
600,2005,4.82541601852157,123.638309444252,"verschoven_geometrisch_gemiddelde_index_plus_1","1984-2025",22,1,329.731423858497,"Struweelvogels"
600,2006,4.57994657964981,96.5091850931049,"verschoven_geometrisch_gemiddelde_index_plus_1","1984-2025",22,2,301.52364244406,"Struweelvogels"
600,2007,4.81230383422033,122.014696776252,"verschoven_geometrisch_gemiddelde_index_plus_1","1984-2025",22,1,322.30518409131,"Struweelvogels"
600,2008,4.47152065866749,86.4896638246355,"verschoven_geometrisch_gemiddelde_index_plus_1","1984-2025",22,2,274.790492898941,"Struweelvogels"
600,2009,4.1908231466349,65.0771597722982,"verschoven_geometrisch_gemiddelde_index_plus_1","1984-2025",22,3,269.626086602526,"Struweelvogels"
600,2010,4.28476155478973,71.585237054021,"verschoven_geometrisch_gemiddelde_index_plus_1","1984-2025",22,3,289.778632706918,"Struweelvogels"
600,2011,4.43914297596488,83.7023186355271,"verschoven_geometrisch_gemiddelde_index_plus_1","1984-2025",22,2,296.29051209359,"Struweelvogels"
600,2012,4.38581365693535,79.3035361672643,"verschoven_geometrisch_gemiddelde_index_plus_1","1984-2025",22,3,276.909918680875,"Struweelvogels"
600,2013,4.34075418382666,75.7654127446977,"verschoven_geometrisch_gemiddelde_index_plus_1","1984-2025",22,2,263.421025665625,"Struweelvogels"
600,2014,4.48224066178795,87.4325983945775,"verschoven_geometrisch_gemiddelde_index_plus_1","1984-2025",22,3,307.918868141219,"Struweelvogels"
600,2015,4.2849694505875,71.6003287884843,"verschoven_geometrisch_gemiddelde_index_plus_1","1984-2025",22,4,308.874276734934,"Struweelvogels"
600,2016,4.22870054601507,67.6279952848373,"verschoven_geometrisch_gemiddelde_index_plus_1","1984-2025",22,4,293.344661894858,"Struweelvogels"
600,2017,4.18379366361702,64.6143002373921,"verschoven_geometrisch_gemiddelde_index_plus_1","1984-2025",22,4,276.769610532436,"Struweelvogels"
600,2018,4.3624245024495,77.4470992291982,"verschoven_geometrisch_gemiddelde_index_plus_1","1984-2025",22,3,268.311563997094,"Struweelvogels"
600,2019,4.53449116557509,92.1760920369445,"verschoven_geometrisch_gemiddelde_index_plus_1","1984-2025",22,2,301.11438111253,"Struweelvogels"
600,2020,4.24730883044663,68.9170004333693,"verschoven_geometrisch_gemiddelde_index_plus_1","1984-2025",22,4,301.251944007245,"Struweelvogels"
600,2021,4.44285514623586,84.0173323952603,"verschoven_geometrisch_gemiddelde_index_plus_1","1984-2025",22,3,278.747623142069,"Struweelvogels"
600,2022,4.20409792566282,65.9601673654971,"verschoven_geometrisch_gemiddelde_index_plus_1","1984-2025",22,4,265.01077300535,"Struweelvogels"
600,2023,4.4969083986936,88.739263968619,"verschoven_geometrisch_gemiddelde_index_plus_1","1984-2025",22,2,265.205844506892,"Struweelvogels"
600,2024,4.60216049272053,98.699483131888,"verschoven_geometrisch_gemiddelde_index_plus_1","1984-2025",22,2,271.292037151915,"Struweelvogels"
600,2025,4.4461514089513,84.298034237549,"verschoven_geometrisch_gemiddelde_index_plus_1","1984-2025",22,2,262.314903000506,"Struweelvogels"
700,1958,3.42421661724935,29.6985866860782,"verschoven_geometrisch_gemiddelde_index_plus_1","1958-1983",10,0,68.954309063893,"Bosrandvogels"
700,1959,4.32706408258045,74.7216474003628,"verschoven_geometrisch_gemiddelde_index_plus_1","1958-1983",11,0,142.936552052728,"Bosrandvogels"
700,1960,4.21841209204226,66.9255391045142,"verschoven_geometrisch_gemiddelde_index_plus_1","1958-1983",12,0,151.931501393867,"Bosrandvogels"
700,1961,4.2564210800107,69.557013139326,"verschoven_geometrisch_gemiddelde_index_plus_1","1958-1983",13,0,149.540183926429,"Bosrandvogels"
700,1962,3.90233960116973,48.5181664466747,"verschoven_geometrisch_gemiddelde_index_plus_1","1958-1983",17,0,133.146741303479,"Bosrandvogels"
700,1963,4.30220928200061,72.862797321448,"verschoven_geometrisch_gemiddelde_index_plus_1","1958-1983",13,0,123.494435127306,"Bosrandvogels"
700,1964,4.23427747154773,68.0117977280648,"verschoven_geometrisch_gemiddelde_index_plus_1","1958-1983",15,0,135.343144616309,"Bosrandvogels"
700,1965,4.21669083519381,66.8087223697895,"verschoven_geometrisch_gemiddelde_index_plus_1","1958-1983",16,0,142.615239887112,"Bosrandvogels"
700,1966,4.32797576582383,74.7907130356659,"verschoven_geometrisch_gemiddelde_index_plus_1","1958-1983",17,0,152.91936978684,"Bosrandvogels"
700,1967,4.28994528302294,71.9624761042764,"verschoven_geometrisch_gemiddelde_index_plus_1","1958-1983",17,0,144.551002615519,"Bosrandvogels"
700,1968,4.19373860349962,65.2700859787194,"verschoven_geometrisch_gemiddelde_index_plus_1","1958-1983",16,0,144.464285714286,"Bosrandvogels"
700,1969,4.19612082808759,65.4281443975624,"verschoven_geometrisch_gemiddelde_index_plus_1","1958-1983",16,0,127.5,"Bosrandvogels"
700,1970,4.21583175161371,66.7504940249028,"verschoven_geometrisch_gemiddelde_index_plus_1","1958-1983",16,0,137.066666666667,"Bosrandvogels"
700,1971,4.24331826885449,68.6385482965224,"verschoven_geometrisch_gemiddelde_index_plus_1","1958-1983",18,0,139.447907390917,"Bosrandvogels"
700,1972,4.59038601195179,97.5324575282103,"verschoven_geometrisch_gemiddelde_index_plus_1","1958-1983",16,0,159.25597874225,"Bosrandvogels"
700,1973,4.45280241193133,84.86724252217,"verschoven_geometrisch_gemiddelde_index_plus_1","1958-1983",17,0,175.328083989501,"Bosrandvogels"
700,1974,4.46996246188016,86.3534438678501,"verschoven_geometrisch_gemiddelde_index_plus_1","1958-1983",17,0,183.091374893254,"Bosrandvogels"
700,1975,4.63218453052454,101.738253998408,"verschoven_geometrisch_gemiddelde_index_plus_1","1958-1983",18,0,200.363306085377,"Bosrandvogels"
700,1976,4.44983614934331,84.6129151205479,"verschoven_geometrisch_gemiddelde_index_plus_1","1958-1983",18,0,192.758089368259,"Bosrandvogels"
700,1977,4.64223844391915,102.776385403427,"verschoven_geometrisch_gemiddelde_index_plus_1","1958-1983",18,0,198.866396761134,"Bosrandvogels"
700,1978,4.48242551625425,87.4489470663733,"verschoven_geometrisch_gemiddelde_index_plus_1","1958-1983",18,0,185.266457680251,"Bosrandvogels"
700,1979,4.42698685244204,82.6788997930888,"verschoven_geometrisch_gemiddelde_index_plus_1","1958-1983",19,0,201.569858712716,"Bosrandvogels"
700,1980,4.69917341941578,108.856329803642,"verschoven_geometrisch_gemiddelde_index_plus_1","1958-1983",18,0,245.454545454545,"Bosrandvogels"
700,1981,4.6658201916957,105.252697072668,"verschoven_geometrisch_gemiddelde_index_plus_1","1958-1983",18,0,266.300940438871,"Bosrandvogels"
700,1982,4.67767478082886,106.519774644125,"verschoven_geometrisch_gemiddelde_index_plus_1","1958-1983",18,0,288.152444076222,"Bosrandvogels"
700,1983,4.65430053509878,104.035725495125,"verschoven_geometrisch_gemiddelde_index_plus_1","1958-1983",19,0,310.658307210031,"Bosrandvogels"
700,1984,4.64554715989885,103.120320666405,"verschoven_geometrisch_gemiddelde_index_plus_1","1984-2025",20,1,280.515479479287,"Bosrandvogels"
700,1985,3.80092955558825,43.7427560476898,"verschoven_geometrisch_gemiddelde_index_plus_1","1984-2025",20,4,314.807418988278,"Bosrandvogels"
700,1986,3.82571433406693,44.8655519934267,"verschoven_geometrisch_gemiddelde_index_plus_1","1984-2025",20,4,312.650416557836,"Bosrandvogels"
700,1987,3.46189096135371,30.8771981080572,"verschoven_geometrisch_gemiddelde_index_plus_1","1984-2025",20,5,305.825428466104,"Bosrandvogels"
700,1988,3.51117705316848,32.4876613531349,"verschoven_geometrisch_gemiddelde_index_plus_1","1984-2025",20,5,310.519209130885,"Bosrandvogels"
700,1989,3.4464567145236,30.3889749345306,"verschoven_geometrisch_gemiddelde_index_plus_1","1984-2025",20,6,329.44811982448,"Bosrandvogels"
700,1990,3.43259803020439,29.9569654954308,"verschoven_geometrisch_gemiddelde_index_plus_1","1984-2025",20,5,311.834355172361,"Bosrandvogels"
700,1991,3.60326597390032,35.7179587239355,"verschoven_geometrisch_gemiddelde_index_plus_1","1984-2025",20,4,257.158368036861,"Bosrandvogels"
700,1992,3.54557702655309,33.659679128412,"verschoven_geometrisch_gemiddelde_index_plus_1","1984-2025",20,5,252.657252103967,"Bosrandvogels"
700,1993,4.0609966168833,57.032118057099,"verschoven_geometrisch_gemiddelde_index_plus_1","1984-2025",20,3,281.527706346964,"Bosrandvogels"
700,1994,3.75922764176927,41.9152672153316,"verschoven_geometrisch_gemiddelde_index_plus_1","1984-2025",20,5,276.308189195688,"Bosrandvogels"
700,1995,3.80944965766775,44.1255975047442,"verschoven_geometrisch_gemiddelde_index_plus_1","1984-2025",20,4,288.263633758519,"Bosrandvogels"
700,1996,3.97652656225665,52.3314686027829,"verschoven_geometrisch_gemiddelde_index_plus_1","1984-2025",20,4,288.228185233901,"Bosrandvogels"
700,1997,4.06348342318574,57.1766122841394,"verschoven_geometrisch_gemiddelde_index_plus_1","1984-2025",20,3,295.650799771693,"Bosrandvogels"
700,1998,3.81121923315805,44.2055213508575,"verschoven_geometrisch_gemiddelde_index_plus_1","1984-2025",20,4,274.699758494491,"Bosrandvogels"
700,1999,3.8683307898689,46.8624269171524,"verschoven_geometrisch_gemiddelde_index_plus_1","1984-2025",20,4,259.043288195298,"Bosrandvogels"
700,2000,4.07402431445671,57.7930890278325,"verschoven_geometrisch_gemiddelde_index_plus_1","1984-2025",20,3,270.26892217266,"Bosrandvogels"
700,2001,3.90668448467582,48.7337851912798,"verschoven_geometrisch_gemiddelde_index_plus_1","1984-2025",20,4,272.103531514522,"Bosrandvogels"
700,2002,4.03377640957693,55.47377717265,"verschoven_geometrisch_gemiddelde_index_plus_1","1984-2025",20,3,236.717630911039,"Bosrandvogels"
700,2003,4.16098955993344,63.1349565922686,"verschoven_geometrisch_gemiddelde_index_plus_1","1984-2025",20,3,239.614490056272,"Bosrandvogels"
700,2004,4.03998661682595,55.8255822937215,"verschoven_geometrisch_gemiddelde_index_plus_1","1984-2025",20,3,263.270185179356,"Bosrandvogels"
700,2005,3.82385695267954,44.7804412368676,"verschoven_geometrisch_gemiddelde_index_plus_1","1984-2025",20,4,245.085875322836,"Bosrandvogels"
700,2006,3.55066173201834,33.8363621983188,"verschoven_geometrisch_gemiddelde_index_plus_1","1984-2025",20,5,217.217207833382,"Bosrandvogels"
700,2007,3.81324311668811,44.2971047067487,"verschoven_geometrisch_gemiddelde_index_plus_1","1984-2025",20,4,252.657252103967,"Bosrandvogels"
700,2008,3.79702289437306,43.5683022458045,"verschoven_geometrisch_gemiddelde_index_plus_1","1984-2025",20,4,215.045605117377,"Bosrandvogels"
700,2009,3.48395706518127,31.5884217805084,"verschoven_geometrisch_gemiddelde_index_plus_1","1984-2025",20,5,269.124922872781,"Bosrandvogels"
700,2010,3.57331454630225,34.6345098563615,"verschoven_geometrisch_gemiddelde_index_plus_1","1984-2025",20,5,274.119113229444,"Bosrandvogels"
700,2011,3.81138069438434,44.2128208790493,"verschoven_geometrisch_gemiddelde_index_plus_1","1984-2025",20,4,275.049381713254,"Bosrandvogels"
700,2012,3.93172073968219,49.9946507354062,"verschoven_geometrisch_gemiddelde_index_plus_1","1984-2025",20,3,276.754873933573,"Bosrandvogels"
700,2013,3.85576820800213,46.264912282139,"verschoven_geometrisch_gemiddelde_index_plus_1","1984-2025",20,3,308.84913662503,"Bosrandvogels"
700,2014,3.84238598290126,45.6366159644378,"verschoven_geometrisch_gemiddelde_index_plus_1","1984-2025",20,4,352.416710616814,"Bosrandvogels"
700,2015,3.83256560059868,45.1808680384864,"verschoven_geometrisch_gemiddelde_index_plus_1","1984-2025",20,4,343.109110363191,"Bosrandvogels"
700,2016,3.54157612254054,33.5212861123076,"verschoven_geometrisch_gemiddelde_index_plus_1","1984-2025",20,5,342.493846789503,"Bosrandvogels"
700,2017,3.68571521197654,38.8736303520255,"verschoven_geometrisch_gemiddelde_index_plus_1","1984-2025",20,4,312.525992321948,"Bosrandvogels"
700,2018,3.9947387039225,53.3116473491552,"verschoven_geometrisch_gemiddelde_index_plus_1","1984-2025",20,3,337.885947583894,"Bosrandvogels"
700,2019,4.04457516604877,56.0869284164174,"verschoven_geometrisch_gemiddelde_index_plus_1","1984-2025",20,3,356.042269733865,"Bosrandvogels"
700,2020,3.89145306349522,47.9820088075417,"verschoven_geometrisch_gemiddelde_index_plus_1","1984-2025",20,4,356.757963541262,"Bosrandvogels"
700,2021,4.14261381614794,61.9671912006156,"verschoven_geometrisch_gemiddelde_index_plus_1","1984-2025",20,3,322.263900553986,"Bosrandvogels"
700,2022,4.04321680008731,56.009436119377,"verschoven_geometrisch_gemiddelde_index_plus_1","1984-2025",20,3,245.151243332959,"Bosrandvogels"
700,2023,3.8543024962914,46.1956862917661,"verschoven_geometrisch_gemiddelde_index_plus_1","1984-2025",20,5,281.486409832329,"Bosrandvogels"
700,2024,4.06844734928127,57.4661146276664,"verschoven_geometrisch_gemiddelde_index_plus_1","1984-2025",20,4,286.96398321285,"Bosrandvogels"
700,2025,3.93660014066801,50.2440821274832,"verschoven_geometrisch_gemiddelde_index_plus_1","1984-2025",20,4,296.245426996511,"Bosrandvogels"
800,1958,3.85072454046636,46.0271239452213,"verschoven_geometrisch_gemiddelde_index_plus_1","1958-1983",6,0,7.4294205052006,"Bosvogels"
800,1959,4.37131114794163,78.1473375665765,"verschoven_geometrisch_gemiddelde_index_plus_1","1958-1983",8,0,13.4995632494243,"Bosvogels"
800,1960,4.17571520006297,64.0863727967051,"verschoven_geometrisch_gemiddelde_index_plus_1","1958-1983",8,0,15.3325368379132,"Bosvogels"
800,1961,4.31670122101663,73.9410062749283,"verschoven_geometrisch_gemiddelde_index_plus_1","1958-1983",10,0,17.9928028788485,"Bosvogels"
800,1962,4.28855798105131,71.8613252969027,"verschoven_geometrisch_gemiddelde_index_plus_1","1958-1983",8,0,14.3942423030788,"Bosvogels"
800,1963,3.67470668239293,38.43708756839,"verschoven_geometrisch_gemiddelde_index_plus_1","1958-1983",6,0,11.0535142552218,"Bosvogels"
800,1964,4.2617046443101,69.9307922284113,"verschoven_geometrisch_gemiddelde_index_plus_1","1958-1983",6,0,15.2049857335936,"Bosvogels"
800,1965,3.93251267320565,50.0350511039325,"verschoven_geometrisch_gemiddelde_index_plus_1","1958-1983",8,0,16.1806208842897,"Bosvogels"
800,1966,3.7428899802278,41.2198284945862,"verschoven_geometrisch_gemiddelde_index_plus_1","1958-1983",10,0,17.6088971269694,"Bosvogels"
800,1967,3.94306667388655,50.5765274125921,"verschoven_geometrisch_gemiddelde_index_plus_1","1958-1983",11,0,18.1342632955536,"Bosvogels"
800,1968,3.97398514364057,52.1961030987169,"verschoven_geometrisch_gemiddelde_index_plus_1","1958-1983",8,0,17.5,"Bosvogels"
800,1969,3.90611229879634,48.7053363614456,"verschoven_geometrisch_gemiddelde_index_plus_1","1958-1983",11,0,16.4285714285714,"Bosvogels"
800,1970,3.78303773586445,42.9493456655479,"verschoven_geometrisch_gemiddelde_index_plus_1","1958-1983",10,0,16.8888888888889,"Bosvogels"
800,1971,4.02585188906973,55.0280181134594,"verschoven_geometrisch_gemiddelde_index_plus_1","1958-1983",13,0,21.0151380231523,"Bosvogels"
800,1972,4.12615840223437,60.9395185849471,"verschoven_geometrisch_gemiddelde_index_plus_1","1958-1983",12,0,23.7378210806023,"Bosvogels"
800,1973,4.21595984883013,66.7591732304776,"verschoven_geometrisch_gemiddelde_index_plus_1","1958-1983",14,0,27.6465441819773,"Bosvogels"
800,1974,4.41939327588481,82.0458841295007,"verschoven_geometrisch_gemiddelde_index_plus_1","1958-1983",13,0,29.7181895815542,"Bosvogels"
800,1975,4.64866103848439,103.445044015406,"verschoven_geometrisch_gemiddelde_index_plus_1","1958-1983",15,0,41.5985467756585,"Bosvogels"
800,1976,4.47095405694712,86.4401060716775,"verschoven_geometrisch_gemiddelde_index_plus_1","1958-1983",16,0,34.0523882896764,"Bosvogels"
800,1977,4.47121594543554,86.463008627711,"verschoven_geometrisch_gemiddelde_index_plus_1","1958-1983",17,0,52.1457489878543,"Bosvogels"
800,1978,4.74314398067572,113.794546761045,"verschoven_geometrisch_gemiddelde_index_plus_1","1958-1983",17,0,56.4263322884013,"Bosvogels"
800,1979,4.73772620192874,113.17429701044,"verschoven_geometrisch_gemiddelde_index_plus_1","1958-1983",18,0,59.4976452119309,"Bosvogels"
800,1980,4.97894267371827,144.320649053651,"verschoven_geometrisch_gemiddelde_index_plus_1","1958-1983",15,0,65.987460815047,"Bosvogels"
800,1981,5.10467007157487,163.789692757938,"verschoven_geometrisch_gemiddelde_index_plus_1","1958-1983",15,0,77.742946708464,"Bosvogels"
800,1982,4.9349248199666,138.062687401591,"verschoven_geometrisch_gemiddelde_index_plus_1","1958-1983",15,0,68.7655343827672,"Bosvogels"
800,1983,4.92359668490229,136.496255622888,"verschoven_geometrisch_gemiddelde_index_plus_1","1958-1983",20,0,76.6457680250784,"Bosvogels"
800,1984,4.50013708161804,89.0294718403434,"verschoven_geometrisch_gemiddelde_index_plus_1","1984-2025",20,2,105.193304804733,"Bosvogels"
800,1985,4.24703384824156,68.8977771455705,"verschoven_geometrisch_gemiddelde_index_plus_1","1984-2025",20,3,93.7599805160133,"Bosvogels"
800,1986,4.87659789269993,130.183603148812,"verschoven_geometrisch_gemiddelde_index_plus_1","1984-2025",20,0,92.2613682068783,"Bosvogels"
800,1987,4.421924315851,82.2563428085713,"verschoven_geometrisch_gemiddelde_index_plus_1","1984-2025",20,2,79.2438284697327,"Bosvogels"
800,1988,4.38578985588873,79.301624881802,"verschoven_geometrisch_gemiddelde_index_plus_1","1984-2025",20,2,78.9059086216152,"Bosvogels"
800,1989,4.40307379142239,80.7016168227584,"verschoven_geometrisch_gemiddelde_index_plus_1","1984-2025",20,2,80.8200681299563,"Bosvogels"
800,1990,4.34626949472433,76.1899675618795,"verschoven_geometrisch_gemiddelde_index_plus_1","1984-2025",20,3,94.1270147382885,"Bosvogels"
800,1991,4.71075303689825,110.135817774516,"verschoven_geometrisch_gemiddelde_index_plus_1","1984-2025",20,1,91.2381333762691,"Bosvogels"
800,1992,4.5774082620957,96.2619896798481,"verschoven_geometrisch_gemiddelde_index_plus_1","1984-2025",20,2,96.0717375656789,"Bosvogels"
800,1993,5.09425002417722,162.081491573385,"verschoven_geometrisch_gemiddelde_index_plus_1","1984-2025",20,0,100.475705162068,"Bosvogels"
800,1994,4.74334633851667,113.817778688183,"verschoven_geometrisch_gemiddelde_index_plus_1","1984-2025",20,1,100.475705162068,"Bosvogels"
800,1995,4.48647768705149,87.8080844583255,"verschoven_geometrisch_gemiddelde_index_plus_1","1984-2025",20,3,109.986693973922,"Bosvogels"
800,1996,4.62473749272228,100.976000126619,"verschoven_geometrisch_gemiddelde_index_plus_1","1984-2025",20,2,103.104756955645,"Bosvogels"
800,1997,4.35847230966866,77.1376730287097,"verschoven_geometrisch_gemiddelde_index_plus_1","1984-2025",20,4,112.44908264498,"Bosvogels"
800,1998,4.32244900104692,74.3729909814918,"verschoven_geometrisch_gemiddelde_index_plus_1","1984-2025",20,4,109.098092959649,"Bosvogels"
800,1999,4.38889446960602,79.5513178074132,"verschoven_geometrisch_gemiddelde_index_plus_1","1984-2025",20,3,103.09200569496,"Bosvogels"
800,2000,4.08684266419514,58.5515702585554,"verschoven_geometrisch_gemiddelde_index_plus_1","1984-2025",20,4,85.9388526051935,"Bosvogels"
800,2001,4.16870743293378,63.6318570830599,"verschoven_geometrisch_gemiddelde_index_plus_1","1984-2025",20,4,98.4534145365933,"Bosvogels"
800,2002,4.2781649849068,71.1079992621197,"verschoven_geometrisch_gemiddelde_index_plus_1","1984-2025",20,3,98.6597060870557,"Bosvogels"
800,2003,3.9219667324474,49.4996665074885,"verschoven_geometrisch_gemiddelde_index_plus_1","1984-2025",20,4,106.37016650584,"Bosvogels"
800,2004,4.2327177588774,67.9042430517454,"verschoven_geometrisch_gemiddelde_index_plus_1","1984-2025",20,3,117.795706327194,"Bosvogels"
800,2005,4.21167937054186,66.4697514344013,"verschoven_geometrisch_gemiddelde_index_plus_1","1984-2025",20,3,93.9790881080342,"Bosvogels"
800,2006,4.29609669739456,72.4126818096527,"verschoven_geometrisch_gemiddelde_index_plus_1","1984-2025",20,3,94.9110175805746,"Bosvogels"
800,2007,4.101029110033,59.4024163559039,"verschoven_geometrisch_gemiddelde_index_plus_1","1984-2025",20,4,102.596134004774,"Bosvogels"
800,2008,3.77050882534552,42.4021433289026,"verschoven_geometrisch_gemiddelde_index_plus_1","1984-2025",20,5,93.756284741551,"Bosvogels"
800,2009,3.64443801501207,37.261264552156,"verschoven_geometrisch_gemiddelde_index_plus_1","1984-2025",20,6,91.0447442369124,"Bosvogels"
800,2010,3.84567820725595,45.7904071860301,"verschoven_geometrisch_gemiddelde_index_plus_1","1984-2025",20,5,115.508336739783,"Bosvogels"
800,2011,3.66282468166945,37.971268974225,"verschoven_geometrisch_gemiddelde_index_plus_1","1984-2025",20,6,111.322128562636,"Bosvogels"
800,2012,3.69692019681177,39.3229262515041,"verschoven_geometrisch_gemiddelde_index_plus_1","1984-2025",20,6,120.62481340074,"Bosvogels"
800,2013,3.57991339737796,34.8704342388858,"verschoven_geometrisch_gemiddelde_index_plus_1","1984-2025",20,6,114.112934014067,"Bosvogels"
800,2014,3.84394477436571,45.7093694123293,"verschoven_geometrisch_gemiddelde_index_plus_1","1984-2025",20,5,134.113706415989,"Bosvogels"
800,2015,3.80932593559761,44.1200148177626,"verschoven_geometrisch_gemiddelde_index_plus_1","1984-2025",20,5,133.439773742137,"Bosvogels"
800,2016,4.10960248885851,59.9224953849643,"verschoven_geometrisch_gemiddelde_index_plus_1","1984-2025",20,4,119.849589664231,"Bosvogels"
800,2017,3.70612660312535,39.6958695941453,"verschoven_geometrisch_gemiddelde_index_plus_1","1984-2025",20,6,120.202304739211,"Bosvogels"
800,2018,3.51919690066661,32.757307103902,"verschoven_geometrisch_gemiddelde_index_plus_1","1984-2025",20,7,120.48646192914,"Bosvogels"
800,2019,3.42853567954163,29.8314625372407,"verschoven_geometrisch_gemiddelde_index_plus_1","1984-2025",20,7,118.985066210206,"Bosvogels"
800,2020,3.45913369079818,30.7894251108792,"verschoven_geometrisch_gemiddelde_index_plus_1","1984-2025",20,6,120.469768653438,"Bosvogels"
800,2021,4.11391582508929,60.185842134822,"verschoven_geometrisch_gemiddelde_index_plus_1","1984-2025",20,3,119.441530658583,"Bosvogels"
800,2022,2.99551365303269,18.9956280674885,"verschoven_geometrisch_gemiddelde_index_plus_1","1984-2025",20,8,120.459442275159,"Bosvogels"
800,2023,3.14665575747317,22.258153470799,"verschoven_geometrisch_gemiddelde_index_plus_1","1984-2025",20,8,125.07125885523,"Bosvogels"
800,2024,3.1886186618014,23.2549000721338,"verschoven_geometrisch_gemiddelde_index_plus_1","1984-2025",20,7,128.266509993867,"Bosvogels"
800,2025,3.15490385124694,22.4507822195625,"verschoven_geometrisch_gemiddelde_index_plus_1","1984-2025",20,7,123.701865510099,"Bosvogels"
900,1958,3.99194028423658,53.1598730292084,"verschoven_geometrisch_gemiddelde_index_plus_1","1958-1983",1,0,0.232169390787519,"Vogels van bebouwing/overige"
900,1959,4.12460106305099,60.8431328178013,"verschoven_geometrisch_gemiddelde_index_plus_1","1958-1983",2,0,0.992614944810609,"Vogels van bebouwing/overige"
900,1960,4.24428073769281,68.705605494259,"verschoven_geometrisch_gemiddelde_index_plus_1","1958-1983",2,0,0.995619275189168,"Vogels van bebouwing/overige"
900,1961,4.50767789249394,89.7109332172241,"verschoven_geometrisch_gemiddelde_index_plus_1","1958-1983",3,0,0.999600159936026,"Vogels van bebouwing/overige"
900,1962,3.04735991837891,20.0596717123939,"verschoven_geometrisch_gemiddelde_index_plus_1","1958-1983",1,0,0.39984006397441,"Vogels van bebouwing/overige"
900,1963,3.79855516470375,43.6366452796551,"verschoven_geometrisch_gemiddelde_index_plus_1","1958-1983",1,0,0.381155663973167,"Vogels van bebouwing/overige"
900,1964,2.98745435598892,18.8351250010126,"verschoven_geometrisch_gemiddelde_index_plus_1","1958-1983",1,0,0.563147619762727,"Vogels van bebouwing/overige"
900,1965,3.78600618666169,43.0800009616945,"verschoven_geometrisch_gemiddelde_index_plus_1","1958-1983",1,0,0.376293508936971,"Vogels van bebouwing/overige"
900,1966,3.08887108679188,20.9522817611812,"verschoven_geometrisch_gemiddelde_index_plus_1","1958-1983",3,0,0.741427247451344,"Vogels van bebouwing/overige"
900,1967,3.95951642808074,51.4319651916797,"verschoven_geometrisch_gemiddelde_index_plus_1","1958-1983",4,0,2.0924149956408,"Vogels van bebouwing/overige"
900,1968,3.47397921691869,31.2648762810911,"verschoven_geometrisch_gemiddelde_index_plus_1","1958-1983",5,0,1.42857142857143,"Vogels van bebouwing/overige"
900,1969,3.27970077107646,25.567821649668,"verschoven_geometrisch_gemiddelde_index_plus_1","1958-1983",4,0,0.892857142857143,"Vogels van bebouwing/overige"
900,1970,3.4647312392194,30.967866909605,"verschoven_geometrisch_gemiddelde_index_plus_1","1958-1983",4,0,1.42222222222222,"Vogels van bebouwing/overige"
900,1971,3.7205732517682,40.2880557768958,"verschoven_geometrisch_gemiddelde_index_plus_1","1958-1983",4,0,1.78094390026714,"Vogels van bebouwing/overige"
900,1972,3.9576109684953,51.3321533249606,"verschoven_geometrisch_gemiddelde_index_plus_1","1958-1983",4,0,2.83436669619132,"Vogels van bebouwing/overige"
900,1973,3.94945916849397,50.9072861463148,"verschoven_geometrisch_gemiddelde_index_plus_1","1958-1983",4,0,2.97462817147857,"Vogels van bebouwing/overige"
900,1974,4.27187724613229,70.656025434975,"verschoven_geometrisch_gemiddelde_index_plus_1","1958-1983",4,0,3.5866780529462,"Vogels van bebouwing/overige"
900,1975,4.41903806242298,82.0163903521116,"verschoven_geometrisch_gemiddelde_index_plus_1","1958-1983",5,0,5.63124432334241,"Vogels van bebouwing/overige"
900,1976,4.72750534155192,112.013280861259,"verschoven_geometrisch_gemiddelde_index_plus_1","1958-1983",6,0,6.47149460708783,"Vogels van bebouwing/overige"
900,1977,4.91497336560461,135.315679068499,"verschoven_geometrisch_gemiddelde_index_plus_1","1958-1983",5,0,8.09716599190283,"Vogels van bebouwing/overige"
900,1978,5.01019273497689,148.933630819322,"verschoven_geometrisch_gemiddelde_index_plus_1","1958-1983",6,0,8.46394984326019,"Vogels van bebouwing/overige"
900,1979,4.83673056704854,125.056543855767,"verschoven_geometrisch_gemiddelde_index_plus_1","1958-1983",5,0,6.43642072213501,"Vogels van bebouwing/overige"
900,1980,4.85585266611398,127.490203761992,"verschoven_geometrisch_gemiddelde_index_plus_1","1958-1983",5,0,6.89655172413793,"Vogels van bebouwing/overige"
900,1981,5.13934229391835,169.603524438054,"verschoven_geometrisch_gemiddelde_index_plus_1","1958-1983",5,0,9.87460815047022,"Vogels van bebouwing/overige"
900,1982,4.70970933172391,110.019885256659,"verschoven_geometrisch_gemiddelde_index_plus_1","1958-1983",6,0,7.78790389395195,"Vogels van bebouwing/overige"
900,1983,4.90190170318685,133.545401968742,"verschoven_geometrisch_gemiddelde_index_plus_1","1958-1983",7,0,9.09090909090909,"Vogels van bebouwing/overige"
900,1984,4.25949229742086,69.7740421675621,"verschoven_geometrisch_gemiddelde_index_plus_1","1984-2025",7,1,14.2242519075582,"Vogels van bebouwing/overige"
900,1985,4.47802837378288,87.0608782668508,"verschoven_geometrisch_gemiddelde_index_plus_1","1984-2025",7,1,15.0093939703389,"Vogels van bebouwing/overige"
900,1986,4.1731919342236,63.9223495997103,"verschoven_geometrisch_gemiddelde_index_plus_1","1984-2025",7,1,11.7981289267108,"Vogels van bebouwing/overige"
900,1987,4.22128499368183,67.1209630796937,"verschoven_geometrisch_gemiddelde_index_plus_1","1984-2025",7,1,12.3445159927724,"Vogels van bebouwing/overige"
900,1988,3.52656503204198,33.006953963522,"verschoven_geometrisch_gemiddelde_index_plus_1","1984-2025",7,2,10.8469038805994,"Vogels van bebouwing/overige"
900,1989,3.51219553160069,32.5217851882134,"verschoven_geometrisch_gemiddelde_index_plus_1","1984-2025",7,2,10.2088507111524,"Vogels van bebouwing/overige"
900,1990,4.03306636546586,55.433692532354,"verschoven_geometrisch_gemiddelde_index_plus_1","1984-2025",7,1,10.5043276841416,"Vogels van bebouwing/overige"
900,1991,3.81404695553111,44.3335309174274,"verschoven_geometrisch_gemiddelde_index_plus_1","1984-2025",7,1,7.91810230484387,"Vogels van bebouwing/overige"
900,1992,3.22177270313396,24.0725269568064,"verschoven_geometrisch_gemiddelde_index_plus_1","1984-2025",7,2,8.97104510375609,"Vogels van bebouwing/overige"
900,1993,3.43542864288857,30.044716811028,"verschoven_geometrisch_gemiddelde_index_plus_1","1984-2025",7,2,10.7652541245073,"Vogels van bebouwing/overige"
900,1994,2.62901496916224,12.8601105394915,"verschoven_geometrisch_gemiddelde_index_plus_1","1984-2025",7,3,9.78659465864301,"Vogels van bebouwing/overige"
900,1995,2.5279388566805,11.5276582086513,"verschoven_geometrisch_gemiddelde_index_plus_1","1984-2025",7,3,10.1778731737062,"Vogels van bebouwing/overige"
900,1996,2.18278133101061,7.87094501302995,"verschoven_geometrisch_gemiddelde_index_plus_1","1984-2025",7,4,7.90728211238781,"Vogels van bebouwing/overige"
900,1997,2.14163178009916,7.51331816397344,"verschoven_geometrisch_gemiddelde_index_plus_1","1984-2025",7,4,8.20796223685987,"Vogels van bebouwing/overige"
900,1998,2.82025228565785,15.7810837649001,"verschoven_geometrisch_gemiddelde_index_plus_1","1984-2025",7,3,9.06189371488943,"Vogels van bebouwing/overige"
900,1999,3.81127096324669,44.2078598969698,"verschoven_geometrisch_gemiddelde_index_plus_1","1984-2025",7,1,6.89468827896229,"Vogels van bebouwing/overige"
900,2000,3.2748313243545,25.4387655285889,"verschoven_geometrisch_gemiddelde_index_plus_1","1984-2025",7,2,5.61233323135958,"Vogels van bebouwing/overige"
900,2001,3.96069948659561,51.4940319816343,"verschoven_geometrisch_gemiddelde_index_plus_1","1984-2025",7,1,6.97701362857748,"Vogels van bebouwing/overige"
900,2002,3.47713201708904,31.3667615160235,"verschoven_geometrisch_gemiddelde_index_plus_1","1984-2025",7,1,5.90973281053911,"Vogels van bebouwing/overige"
900,2003,3.90973031245603,48.88549666205,"verschoven_geometrisch_gemiddelde_index_plus_1","1984-2025",7,0,4.98861597833743,"Vogels van bebouwing/overige"
900,2004,2.41875500230836,10.2318669580277,"verschoven_geometrisch_gemiddelde_index_plus_1","1984-2025",7,3,4.34492359403583,"Vogels van bebouwing/overige"
900,2005,2.59319436539396,12.3724198450833,"verschoven_geometrisch_gemiddelde_index_plus_1","1984-2025",7,3,4.82769288226203,"Vogels van bebouwing/overige"
900,2006,1.93400182587568,5.91713610201027,"verschoven_geometrisch_gemiddelde_index_plus_1","1984-2025",7,4,4.59531928695519,"Vogels van bebouwing/overige"
900,2007,2.51526838897946,11.3699282860614,"verschoven_geometrisch_gemiddelde_index_plus_1","1984-2025",7,3,4.56707750736674,"Vogels van bebouwing/overige"
900,2008,2.40669744400149,10.0972512664792,"verschoven_geometrisch_gemiddelde_index_plus_1","1984-2025",7,3,3.59908962539543,"Vogels van bebouwing/overige"
900,2009,3.0760232530808,20.6720465579643,"verschoven_geometrisch_gemiddelde_index_plus_1","1984-2025",7,2,4.00930983795578,"Vogels van bebouwing/overige"
900,2010,3.27980959582449,25.5707130434897,"verschoven_geometrisch_gemiddelde_index_plus_1","1984-2025",7,1,3.5660291879396,"Vogels van bebouwing/overige"
900,2011,2.59488044980063,12.3949858924478,"verschoven_geometrisch_gemiddelde_index_plus_1","1984-2025",7,3,4.03116342984477,"Vogels van bebouwing/overige"
900,2012,2.46673758693053,10.7839399933168,"verschoven_geometrisch_gemiddelde_index_plus_1","1984-2025",7,3,3.87611868254304,"Vogels van bebouwing/overige"
900,2013,3.29191697365134,25.8943700707005,"verschoven_geometrisch_gemiddelde_index_plus_1","1984-2025",7,2,4.03116342984477,"Vogels van bebouwing/overige"
900,2014,2.51030036680143,11.3086266081269,"verschoven_geometrisch_gemiddelde_index_plus_1","1984-2025",7,3,3.87611868254304,"Vogels van bebouwing/overige"
900,2015,2.49713158301202,11.147599557845,"verschoven_geometrisch_gemiddelde_index_plus_1","1984-2025",7,3,4.41248966764192,"Vogels van bebouwing/overige"
900,2016,2.74735677176079,14.601339434582,"verschoven_geometrisch_gemiddelde_index_plus_1","1984-2025",7,3,4.18620817714649,"Vogels van bebouwing/overige"
900,2017,2.52146964446075,11.446875710379,"verschoven_geometrisch_gemiddelde_index_plus_1","1984-2025",7,3,3.34740595476284,"Vogels van bebouwing/overige"
900,2018,2.46674477894703,10.7840247439124,"verschoven_geometrisch_gemiddelde_index_plus_1","1984-2025",7,3,3.27408863937882,"Vogels van bebouwing/overige"
900,2019,2.51749234474705,11.3974690728123,"verschoven_geometrisch_gemiddelde_index_plus_1","1984-2025",7,3,3.651715587014,"Vogels van bebouwing/overige"
900,2020,3.06506396664034,20.4358331215554,"verschoven_geometrisch_gemiddelde_index_plus_1","1984-2025",7,2,3.72107393524132,"Vogels van bebouwing/overige"
900,2021,3.66160180188873,37.9236409249921,"verschoven_geometrisch_gemiddelde_index_plus_1","1984-2025",7,1,4.71679929989309,"Vogels van bebouwing/overige"
900,2022,2.45427747261251,10.6380217209278,"verschoven_geometrisch_gemiddelde_index_plus_1","1984-2025",7,3,4.06957575253915,"Vogels van bebouwing/overige"
900,2023,2.60663158247554,12.5533206330994,"verschoven_geometrisch_gemiddelde_index_plus_1","1984-2025",7,3,3.651715587014,"Vogels van bebouwing/overige"
900,2024,1.97539610706744,6.2094748122346,"verschoven_geometrisch_gemiddelde_index_plus_1","1984-2025",7,4,3.651715587014,"Vogels van bebouwing/overige"
900,2025,1.77869635994253,4.92213105686841,"verschoven_geometrisch_gemiddelde_index_plus_1","1984-2025",7,4,2.7387866902605,"Vogels van bebouwing/overige"
