"groep_100","jaar","log_index_spliced","msi","periode","n_soorten","density_per_km2","korte_beschrijving"
100,1958,3.65811219624096,38.78804948571,"1958-1983",8,56.417161961367,"Watervogels"
100,1959,4.13507929395079,62.4945463134828,"1958-1983",9,87.5486381322957,"Watervogels"
100,1960,4.08318244820875,59.3339970744094,"1958-1983",10,91.7960971724413,"Watervogels"
100,1961,4.48536670315444,88.709474893527,"1958-1983",9,100.559776089564,"Watervogels"
100,1962,4.54257557090707,93.9324184375115,"1958-1983",9,105.757696921232,"Watervogels"
100,1963,4.16641878676199,64.4841067693578,"1958-1983",9,79.2803781064187,"Watervogels"
100,1964,4.31957371864044,75.1565836118413,"1958-1983",10,127.083646193122,"Watervogels"
100,1965,4.50801691288429,90.7416912867242,"1958-1983",11,150.141110065851,"Watervogels"
100,1966,4.55911904871717,95.499312519986,"1958-1983",11,153.660797034291,"Watervogels"
100,1967,4.62284438153238,101.783130838783,"1958-1983",11,148.387096774194,"Watervogels"
100,1968,4.6825213542566,108.042141950122,"1958-1983",10,135.714285714286,"Watervogels"
100,1969,4.27555024955761,71.9197022082506,"1958-1983",11,112.142857142857,"Watervogels"
100,1970,4.25909846276943,70.7461743853441,"1958-1983",12,133.866666666667,"Watervogels"
100,1971,4.24568048335951,69.8032439320424,"1958-1983",12,130.008904719501,"Watervogels"
100,1972,4.34189490124412,76.8530303520385,"1958-1983",12,134.100974313552,"Watervogels"
100,1973,4.54209774447891,93.8875457670485,"1958-1983",13,142.432195975503,"Watervogels"
100,1974,4.5029516204407,90.2832202088303,"1958-1983",12,123.99658411614,"Watervogels"
100,1975,4.52206085398524,92.0250528886379,"1958-1983",13,139.69118982743,"Watervogels"
100,1976,4.50557514086167,90.5203910559646,"1958-1983",13,128.043143297381,"Watervogels"
100,1977,4.4628694783584,86.7360395377837,"1958-1983",13,120.971659919028,"Watervogels"
100,1978,4.59165905300766,98.6579732683734,"1958-1983",13,120.062695924765,"Watervogels"
100,1979,4.51630399399565,91.4967995428209,"1958-1983",14,130.141287284144,"Watervogels"
100,1980,4.48585310427662,88.7526337770772,"1958-1983",14,110.501567398119,"Watervogels"
100,1981,4.60397623143576,99.8806757927824,"1958-1983",14,118.181818181818,"Watervogels"
100,1982,4.52229968004822,92.047033494381,"1958-1983",14,106.545153272577,"Watervogels"
100,1983,4.44691527929517,85.3632157682433,"1958-1983",14,105.485893416928,"Watervogels"
100,1984,4.59777058016729,99.2627703860537,"1984-2025",14,120.07914982427,"Watervogels"
100,1985,4.54170391209631,93.8505770914111,"1984-2025",13,118.125879818512,"Watervogels"
100,1986,4.62964832192998,102.478018500874,"1984-2025",13,120.812840209518,"Watervogels"
100,1987,4.3430790259546,76.9440878254165,"1984-2025",13,110.702433741637,"Watervogels"
100,1988,4.52684713003615,92.4665659542034,"1984-2025",13,111.659304653229,"Watervogels"
100,1989,4.61354777491355,100.841277912459,"1984-2025",13,115.487623669911,"Watervogels"
100,1990,4.49438165022853,89.5128016482768,"1984-2025",14,138.821899198264,"Watervogels"
100,1991,4.22151837316205,68.1368629699313,"1984-2025",14,102.395459351276,"Watervogels"
100,1992,4.40572392906932,81.9184245115341,"1984-2025",14,119.722674657399,"Watervogels"
100,1993,4.46140918245069,86.6094716899427,"1984-2025",14,119.722674657399,"Watervogels"
100,1994,4.65284188446764,104.882626753773,"1984-2025",13,130.324818870929,"Watervogels"
100,1995,4.24437332823708,69.7120598730127,"1984-2025",14,119.836248658154,"Watervogels"
100,1996,4.34485952965262,77.0812090945686,"1984-2025",14,123.260574104869,"Watervogels"
100,1997,4.09936721397047,60.3021171844781,"1984-2025",14,93.0782917659909,"Watervogels"
100,1998,4.08059714864296,59.1807990342778,"1984-2025",14,94.1726209586548,"Watervogels"
100,1999,4.04171272086255,56.9237538634976,"1984-2025",14,95.8689989265233,"Watervogels"
100,2000,4.25113239658956,70.184844442368,"1984-2025",13,96.6373628274727,"Watervogels"
100,2001,4.30924873377815,74.3845853173474,"1984-2025",13,92.5617141391279,"Watervogels"
100,2002,4.36924534254396,78.9840033358747,"1984-2025",12,84.0495333054451,"Watervogels"
100,2003,3.86960085549556,47.9232539593798,"1984-2025",13,73.7027780025337,"Watervogels"
100,2004,3.95734895306677,52.31844328958,"1984-2025",12,70.0015467927995,"Watervogels"
100,2005,3.78553561257832,44.0592629354187,"1984-2025",12,57.771391491069,"Watervogels"
100,2006,4.28275523684617,72.439753981932,"1984-2025",11,68.5763032053314,"Watervogels"
100,2007,4.232000385856,68.8548307323718,"1984-2025",12,78.6189770910988,"Watervogels"
100,2008,3.72025830842862,41.2750544261767,"1984-2025",13,67.1024555919395,"Watervogels"
100,2009,3.84204734945942,46.6208259203272,"1984-2025",13,80.1861967591155,"Watervogels"
100,2010,3.53159610536123,34.1784765518421,"1984-2025",14,68.0646440654559,"Watervogels"
100,2011,3.75667898533106,42.8060302061797,"1984-2025",12,65.8940176032318,"Watervogels"
100,2012,3.5939278599768,36.3766781806078,"1984-2025",13,66.0490623505335,"Watervogels"
100,2013,3.71004077006269,40.8554721731974,"1984-2025",13,68.8398678019645,"Watervogels"
100,2014,3.67215054864136,39.3364098254988,"1984-2025",13,69.4600467911714,"Watervogels"
100,2015,3.94325872961705,51.5864339315125,"1984-2025",12,72.2735376596521,"Watervogels"
100,2016,4.02115522301445,55.7654902081764,"1984-2025",12,76.4370604197488,"Watervogels"
100,2017,3.56223988153513,35.2420468151018,"1984-2025",13,67.5567383597591,"Watervogels"
100,2018,3.49517410749987,32.9560253447072,"1984-2025",12,60.4054620018566,"Watervogels"
100,2019,3.84038233411631,46.5432661169108,"1984-2025",12,70.5566101786135,"Watervogels"
100,2020,3.89609459704947,49.2098888923893,"1984-2025",12,75.5067919359385,"Watervogels"
100,2021,3.49872304060488,33.0731918591481,"1984-2025",13,71.3606087628987,"Watervogels"
100,2022,3.73560918145178,41.9135507452719,"1984-2025",11,69.5083538533687,"Watervogels"
100,2023,3.70968172180585,40.840805720271,"1984-2025",12,70.9041443145219,"Watervogels"
100,2024,3.7841257452357,43.9971889877643,"1984-2025",11,68.7739768887637,"Watervogels"
100,2025,3.60182154310055,36.6649604588276,"1984-2025",11,59.6446879212287,"Watervogels"
200,1958,3.03100001426459,20.7179404695784,"1958-1983",3,5.57206537890045,"Rietvogels"
200,1959,3.96577413926196,52.7610980215672,"1958-1983",4,15.2862701500834,"Rietvogels"
200,1960,3.73110231729559,41.7250770973435,"1958-1983",5,15.1334129828753,"Rietvogels"
200,1961,4.50715152332795,90.6631983431456,"1958-1983",3,17.3930427828868,"Rietvogels"
200,1962,4.33209879186037,76.1038452012891,"1958-1983",4,16.1935225909636,"Rietvogels"
200,1963,3.69815946221691,40.3729280353827,"1958-1983",4,10.2912029272755,"Rietvogels"
200,1964,3.86412426684089,47.6615153819071,"1958-1983",5,15.7681333533564,"Rietvogels"
200,1965,4.48386626971195,88.5764720366509,"1958-1983",5,25.211665098777,"Rietvogels"
200,1966,4.34364209510093,76.987424866994,"1958-1983",6,26.6913809082484,"Rietvogels"
200,1967,4.30224433244483,73.8653862906778,"1958-1983",6,24.9346120313862,"Rietvogels"
200,1968,4.29689540872919,73.4713407733905,"1958-1983",5,26.0714285714286,"Rietvogels"
200,1969,4.20665772897938,67.1317917926705,"1958-1983",5,22.6785714285714,"Rietvogels"
200,1970,4.31125002790764,74.5335998124494,"1958-1983",6,26.3111111111111,"Rietvogels"
200,1971,4.37700465975566,79.599249129205,"1958-1983",6,26.8922528940338,"Rietvogels"
200,1972,4.41453930829999,82.6437588409803,"1958-1983",6,28.5208148804252,"Rietvogels"
200,1973,4.48263335346248,88.4673319590685,"1958-1983",6,27.9965004374453,"Rietvogels"
200,1974,4.35694528942691,78.0184462743535,"1958-1983",6,25.4483347566183,"Rietvogels"
200,1975,4.67885169734997,107.646390937038,"1958-1983",6,34.3324250681199,"Rietvogels"
200,1976,4.54402860184439,94.069004355269,"1958-1983",6,33.2819722650231,"Rietvogels"
200,1977,4.20125265952748,66.7699186513341,"1958-1983",6,30.9311740890688,"Rietvogels"
200,1978,4.52224357601828,92.0418694297213,"1958-1983",5,36.2068965517241,"Rietvogels"
200,1979,4.41817491502908,82.9447658868109,"1958-1983",6,42.7001569858713,"Rietvogels"
200,1980,4.68455805643361,108.262415855868,"1958-1983",6,52.3510971786834,"Rietvogels"
200,1981,4.96811639709881,143.755853248484,"1958-1983",6,72.7272727272727,"Rietvogels"
200,1982,4.95081743636319,141.290412650124,"1958-1983",6,78.8732394366197,"Rietvogels"
200,1983,4.91778043206354,136.698863799929,"1958-1983",7,77.8996865203762,"Rietvogels"
200,1984,4.91702368494705,136.59545646046,"1984-2025",7,54.9122282942944,"Rietvogels"
200,1985,4.89833437680176,134.066289689335,"1984-2025",7,76.9962417958945,"Rietvogels"
200,1986,4.8041925401075,122.02092422981,"1984-2025",6,75.7439877094832,"Rietvogels"
200,1987,4.86273829442414,129.377992530693,"1984-2025",6,89.9955036892442,"Rietvogels"
200,1988,5.21638101410088,184.26611945362,"1984-2025",7,103.151929060602,"Rietvogels"
200,1989,5.28682590704843,197.714863026237,"1984-2025",7,104.640719789312,"Rietvogels"
200,1990,5.29467642026351,199.27313478467,"1984-2025",6,102.159735908514,"Rietvogels"
200,1991,4.95125577183912,141.352358826009,"1984-2025",5,80.980591754085,"Rietvogels"
200,1992,5.07972868980196,160.730442204345,"1984-2025",6,91.3415501473347,"Rietvogels"
200,1993,5.4774275075665,239.230496473102,"1984-2025",6,96.7241772095884,"Rietvogels"
200,1994,5.56623939316242,261.449041141278,"1984-2025",6,100.801924984023,"Rietvogels"
200,1995,5.57349821322907,263.353757320173,"1984-2025",6,91.9291770528306,"Rietvogels"
200,1996,5.32244300352042,204.883802941874,"1984-2025",7,100.003862009611,"Rietvogels"
200,1997,5.14970509800414,172.380647423414,"1984-2025",6,76.8265265370084,"Rietvogels"
200,1998,5.27445898499496,195.284795922885,"1984-2025",6,72.4951497191154,"Rietvogels"
200,1999,5.08990772434275,162.374878113575,"1984-2025",6,66.1561756290906,"Rietvogels"
200,2000,5.22553493254177,185.960620311412,"1984-2025",6,65.4187592280351,"Rietvogels"
200,2001,5.25115060735279,190.785661601789,"1984-2025",6,76.902194661654,"Rietvogels"
200,2002,5.11691850651733,166.820520429811,"1984-2025",6,57.6198949027563,"Rietvogels"
200,2003,5.09315844861244,162.903572925606,"1984-2025",6,57.6104683949936,"Rietvogels"
200,2004,5.16706967648712,175.400104634732,"1984-2025",6,55.357545049938,"Rietvogels"
200,2005,4.88568169611582,132.380677975983,"1984-2025",6,50.2080059755251,"Rietvogels"
200,2006,4.87972275984516,131.59417563843,"1984-2025",7,49.1345677605209,"Rietvogels"
200,2007,4.90168964168916,134.516873094338,"1984-2025",7,49.748522848102,"Rietvogels"
200,2008,4.63398651952632,102.923554106412,"1984-2025",7,33.8834181701873,"Rietvogels"
200,2009,4.68793903999678,108.629068778869,"1984-2025",7,39.0907709200688,"Rietvogels"
200,2010,4.82131437823768,124.128134924742,"1984-2025",7,40.0015448038442,"Rietvogels"
200,2011,4.59636988143047,99.123830478154,"1984-2025",7,39.3813658146373,"Rietvogels"
200,2012,4.5429043711037,93.963308513217,"1984-2025",7,36.7456051105081,"Rietvogels"
200,2013,4.3360141656706,76.4024043074876,"1984-2025",7,32.0942626914564,"Rietvogels"
200,2014,4.75135682764732,115.741218922416,"1984-2025",7,36.4355156159046,"Rietvogels"
200,2015,4.70966039791456,111.014452763677,"1984-2025",7,38.7994781120238,"Rietvogels"
200,2016,4.77727331739479,118.780032641589,"1984-2025",7,32.4043521860599,"Rietvogels"
200,2017,4.70224136320695,110.193880376916,"1984-2025",7,34.3869884443819,"Rietvogels"
200,2018,4.58999071419928,98.4935155665419,"1984-2025",7,32.5611306508749,"Rietvogels"
200,2019,5.04856347198124,155.798494752519,"1984-2025",7,41.9083345840488,"Rietvogels"
200,2020,4.91129576294082,135.815284853566,"1984-2025",7,41.7070370241632,"Rietvogels"
200,2021,4.90921063070154,135.532387066677,"1984-2025",7,39.7124070087773,"Rietvogels"
200,2022,4.63148384058949,102.666291552512,"1984-2025",7,31.905473899907,"Rietvogels"
200,2023,4.96230930126324,142.923468440086,"1984-2025",7,37.5822395830191,"Rietvogels"
200,2024,4.67606210206738,107.34651952709,"1984-2025",7,32.7132854670004,"Rietvogels"
200,2025,4.8014122304328,121.682139455189,"1984-2025",7,34.691298076633,"Rietvogels"
300,1958,4.13508254102419,62.4947492381909,"1958-1983",8,29.0211738484398,"Vogels van pionierbegroeiingen"
300,1959,4.02634162093314,56.0554635390742,"1958-1983",8,31.1681092670531,"Vogels van pionierbegroeiingen"
300,1960,3.89723555465652,49.2660673319776,"1958-1983",9,26.0852250099562,"Vogels van pionierbegroeiingen"
300,1961,4.45919574847648,86.4179793488233,"1958-1983",9,32.5869652139144,"Vogels van pionierbegroeiingen"
300,1962,4.37808144747137,79.685006785957,"1958-1983",7,29.188324670132,"Vogels van pionierbegroeiingen"
300,1963,3.97946943029313,53.4886472416318,"1958-1983",8,20.582405854551,"Vogels van pionierbegroeiingen"
300,1964,3.83857349896907,46.4591531175001,"1958-1983",8,20.4610301847124,"Vogels van pionierbegroeiingen"
300,1965,3.82141396012243,45.6687364621881,"1958-1983",9,19.9435559736595,"Vogels van pionierbegroeiingen"
300,1966,3.95004780743468,51.9378497908401,"1958-1983",9,22.7988878591288,"Vogels van pionierbegroeiingen"
300,1967,4.24539676259911,69.7834421118221,"1958-1983",10,23.1909328683522,"Vogels van pionierbegroeiingen"
300,1968,4.40636090999828,81.9706216081908,"1958-1983",10,29.6428571428571,"Vogels van pionierbegroeiingen"
300,1969,4.28878970011755,72.8782106114146,"1958-1983",9,22.6785714285714,"Vogels van pionierbegroeiingen"
300,1970,4.25705869329814,70.6020155739764,"1958-1983",9,24.5333333333333,"Vogels van pionierbegroeiingen"
300,1971,4.32180761993081,75.3246636681812,"1958-1983",10,25.2894033837934,"Vogels van pionierbegroeiingen"
300,1972,4.46633934640412,87.0375249045182,"1958-1983",9,26.7493356953056,"Vogels van pionierbegroeiingen"
300,1973,4.67127669428306,106.834049823148,"1958-1983",9,29.3963254593176,"Vogels van pionierbegroeiingen"
300,1974,4.52528508798571,92.3222420392807,"1958-1983",9,26.9854824935952,"Vogels van pionierbegroeiingen"
300,1975,4.75076357508548,115.672575511234,"1958-1983",10,34.5140781108083,"Vogels van pionierbegroeiingen"
300,1976,4.80509153579443,122.130669837432,"1958-1983",10,31.2788906009245,"Vogels van pionierbegroeiingen"
300,1977,4.7668940918606,117.553563802621,"1958-1983",10,31.5789473684211,"Vogels van pionierbegroeiingen"
300,1978,4.87190823479601,130.569837228414,"1958-1983",10,32.9153605015674,"Vogels van pionierbegroeiingen"
300,1979,4.56835656431726,96.3855760435616,"1958-1983",10,28.8854003139717,"Vogels van pionierbegroeiingen"
300,1980,4.703098792825,110.288404391733,"1958-1983",10,30.564263322884,"Vogels van pionierbegroeiingen"
300,1981,4.69223837362103,109.09710679168,"1958-1983",10,30.0940438871473,"Vogels van pionierbegroeiingen"
300,1982,4.54103524979935,93.7878437250178,"1958-1983",10,29.3289146644573,"Vogels van pionierbegroeiingen"
300,1983,4.56694871466219,96.2499751188292,"1958-1983",11,25.5485893416928,"Vogels van pionierbegroeiingen"
300,1984,4.85834778554302,128.811202464354,"1984-2025",10,37.380010826839,"Vogels van pionierbegroeiingen"
300,1985,4.6689567696574,106.586490151027,"1984-2025",10,37.6209485230573,"Vogels van pionierbegroeiingen"
300,1986,4.18090923242353,65.4253129944274,"1984-2025",10,32.798798416256,"Vogels van pionierbegroeiingen"
300,1987,4.30236260107514,73.8741227653568,"1984-2025",9,32.454130755192,"Vogels van pionierbegroeiingen"
300,1988,4.33122895232075,76.0376758501467,"1984-2025",9,27.2236018964063,"Vogels van pionierbegroeiingen"
300,1989,4.1217421221766,61.6665794556557,"1984-2025",8,25.5221267778809,"Vogels van pionierbegroeiingen"
300,1990,3.8117874651031,45.231215871714,"1984-2025",9,23.0683274632129,"Vogels van pionierbegroeiingen"
300,1991,3.7742662506484,43.5655304055854,"1984-2025",9,19.615298891545,"Vogels van pionierbegroeiingen"
300,1992,3.96343690655519,52.6379270533041,"1984-2025",8,20.3887388721729,"Vogels van pionierbegroeiingen"
300,1993,3.69701072470889,40.3265767664575,"1984-2025",9,19.0838595843539,"Vogels van pionierbegroeiingen"
300,1994,3.76855446515599,43.3174027416275,"1984-2025",8,17.7789802965348,"Vogels van pionierbegroeiingen"
300,1995,3.59373685730186,36.3697308012749,"1984-2025",8,19.0424723895149,"Vogels van pionierbegroeiingen"
300,1996,3.43544883708705,31.045343740531,"1984-2025",8,16.1246537193791,"Vogels van pionierbegroeiingen"
300,1997,3.40037216287026,29.9752536482248,"1984-2025",8,16.4159244737197,"Vogels van pionierbegroeiingen"
300,1998,3.88136994259912,48.4905989270542,"1984-2025",7,15.4585245724584,"Vogels van pionierbegroeiingen"
300,1999,4.28790179353061,72.8135302874605,"1984-2025",7,11.9836248658154,"Vogels van pionierbegroeiingen"
300,2000,4.05215292072167,57.5211623361507,"1984-2025",8,14.2062184918789,"Vogels van pionierbegroeiingen"
300,2001,4.11632786632928,61.3336030404153,"1984-2025",8,12.4035797841377,"Vogels van pionierbegroeiingen"
300,2002,4.13591337459361,62.5466935493213,"1984-2025",7,12.8044210895014,"Vogels van pionierbegroeiingen"
300,2003,4.53155567723893,92.9029757664963,"1984-2025",7,16.0923096075401,"Vogels van pionierbegroeiingen"
300,2004,4.87590029859271,131.092122152304,"1984-2025",4,12.5520014938813,"Vogels van pionierbegroeiingen"
300,2005,4.73005482142419,113.301773542994,"1984-2025",5,14.4830786467861,"Vogels van pionierbegroeiingen"
300,2006,4.74763683499779,115.311462280147,"1984-2025",4,10.2510968709,"Vogels van pionierbegroeiingen"
300,2007,4.86116995954168,129.175243542697,"1984-2025",4,12.0701334123264,"Vogels van pionierbegroeiingen"
300,2008,4.31866020339619,75.0879582769234,"1984-2025",6,11.792758284722,"Vogels van pionierbegroeiingen"
300,2009,3.82585030879414,45.8717889733737,"1984-2025",7,10.0232745948894,"Vogels van pionierbegroeiingen"
300,2010,3.65358094645788,38.6126887465929,"1984-2025",7,7.59719261778437,"Vogels van pionierbegroeiingen"
300,2011,3.40390699361598,30.0813985881061,"1984-2025",8,9.14764009080158,"Vogels van pionierbegroeiingen"
300,2012,3.75075051302002,42.5530066041463,"1984-2025",6,8.21737160699125,"Vogels van pionierbegroeiingen"
300,2013,4.37484261554242,79.4273379400087,"1984-2025",5,8.21737160699125,"Vogels van pionierbegroeiingen"
300,2014,4.55045651935321,94.675619703428,"1984-2025",5,10.6980875638188,"Vogels van pionierbegroeiingen"
300,2015,4.67985861003964,107.754836042283,"1984-2025",5,12.3245401061723,"Vogels van pionierbegroeiingen"
300,2016,4.97030959722527,144.071484598847,"1984-2025",5,14.4191614990601,"Vogels van pionierbegroeiingen"
300,2017,4.3375314823568,76.5184189436233,"1984-2025",6,15.2154816125583,"Vogels van pionierbegroeiingen"
300,2018,4.1040205359501,60.5833762387429,"1984-2025",6,14.7590171641816,"Vogels van pionierbegroeiingen"
300,2019,4.43561746611376,84.4042255505742,"1984-2025",6,17.0252609247698,"Vogels van pionierbegroeiingen"
300,2020,4.01817932601093,55.5997845367618,"1984-2025",7,19.5356381600169,"Vogels van pionierbegroeiingen"
300,2021,4.143598666298,63.0292349952233,"1984-2025",7,19.0193520156979,"Vogels van pionierbegroeiingen"
300,2022,4.44854700228882,85.5026185926908,"1984-2025",6,16.9294351305629,"Vogels van pionierbegroeiingen"
300,2023,4.78412229302228,119.596346455893,"1984-2025",5,18.8671971995724,"Vogels van pionierbegroeiingen"
300,2024,4.81654439625784,123.537455842213,"1984-2025",5,18.8671971995723,"Vogels van pionierbegroeiingen"
300,2025,4.4428949969644,85.0207204654029,"1984-2025",6,19.1715068318235,"Vogels van pionierbegroeiingen"
400,1958,4.25555563709153,70.4959764875858,"1958-1983",6,26.2351411589896,"Vogels van open heide"
400,1959,3.85337218894964,47.1518002152446,"1958-1983",6,26.8006035098865,"Vogels van open heide"
400,1960,3.79844549242665,44.6317501455604,"1958-1983",6,22.1027479091995,"Vogels van open heide"
400,1961,4.52854858472068,92.6240275449027,"1958-1983",5,25.5897640943623,"Vogels van open heide"
400,1962,4.4350200494311,84.3538161173612,"1958-1983",5,24.1903238704518,"Vogels van open heide"
400,1963,4.15654281950896,63.8503982356338,"1958-1983",5,16.5802713828327,"Vogels van open heide"
400,1964,3.90173549660112,49.4882613299132,"1958-1983",6,16.3312809731191,"Vogels van open heide"
400,1965,3.6371381395879,37.9829790478871,"1958-1983",6,13.7347130761994,"Vogels van open heide"
400,1966,3.68263604424366,39.7510415885935,"1958-1983",6,14.2724745134384,"Vogels van open heide"
400,1967,3.84720004164363,46.8616686470168,"1958-1983",6,14.2981691368788,"Vogels van open heide"
400,1968,4.16941356232912,64.6775116543422,"1958-1983",6,19.4642857142857,"Vogels van open heide"
400,1969,4.26956247393312,71.4903498839517,"1958-1983",5,15,"Vogels van open heide"
400,1970,4.16402654772905,64.3300297401612,"1958-1983",6,15.6444444444444,"Vogels van open heide"
400,1971,4.35057683876225,77.5231683986008,"1958-1983",6,17.8094390026714,"Vogels van open heide"
400,1972,4.54729967016162,94.3772143081373,"1958-1983",6,18.9548272807794,"Vogels van open heide"
400,1973,4.67343644595737,107.065034185774,"1958-1983",6,20.4724409448819,"Vogels van open heide"
400,1974,4.64965193452415,104.548589488821,"1958-1983",6,19.4705380017079,"Vogels van open heide"
400,1975,4.9475454421058,140.828866730882,"1958-1983",6,24.3415077202543,"Vogels van open heide"
400,1976,4.84797262089401,127.481673994836,"1958-1983",6,21.5716486902928,"Vogels van open heide"
400,1977,4.7973722269681,121.191534879579,"1958-1983",6,20.8906882591093,"Vogels van open heide"
400,1978,4.87864407832889,131.452303964453,"1958-1983",6,22.4137931034483,"Vogels van open heide"
400,1979,4.73007247024213,113.303773203013,"1958-1983",6,19.309262166405,"Vogels van open heide"
400,1980,4.60681612563474,100.164729494879,"1958-1983",6,17.2413793103448,"Vogels van open heide"
400,1981,4.68084706410563,107.861399405918,"1958-1983",6,18.6520376175549,"Vogels van open heide"
400,1982,4.65163655819124,104.756285124547,"1958-1983",6,19.3869096934548,"Vogels van open heide"
400,1983,4.4780120493122,88.0594407313592,"1958-1983",6,15.5172413793103,"Vogels van open heide"
400,1984,4.93519679948496,139.100514748231,"1984-2025",6,21.1709795833424,"Vogels van open heide"
400,1985,4.67077026218902,106.779959329319,"1984-2025",5,15.0093939703389,"Vogels van open heide"
400,1986,3.97057890870112,53.0152129258106,"1984-2025",6,9.43850314136863,"Vogels van open heide"
400,1987,3.98471093338404,53.7697441931914,"1984-2025",5,9.55704463956576,"Vogels van open heide"
400,1988,4.12001930296762,61.5604305519576,"1984-2025",6,9.35811315188967,"Vogels van open heide"
400,1989,3.80013485935673,44.7072132727962,"1984-2025",5,8.50737559262697,"Vogels van open heide"
400,1990,3.66655312576055,39.1168423842767,"1984-2025",6,7.00288512276107,"Vogels van open heide"
400,1991,3.63304274466656,37.8277418441977,"1984-2025",5,7.37823169314997,"Vogels van open heide"
400,1992,3.65422102768792,38.637411915475,"1984-2025",5,7.01372617202749,"Vogels van open heide"
400,1993,3.47332977284249,32.2439288511497,"1984-2025",5,6.03506670616319,"Vogels van open heide"
400,1994,3.59420010919786,36.3865830511426,"1984-2025",5,5.8719567951858,"Vogels van open heide"
400,1995,3.2114307665431,24.8145646867723,"1984-2025",5,5.41725507632751,"Vogels van open heide"
400,1996,3.40198241907718,30.0235603691265,"1984-2025",5,6.82196888127576,"Vogels van open heide"
400,1997,3.41375094887879,30.3789808200811,"1984-2025",5,6.7305290342251,"Vogels van open heide"
400,1998,3.46218890969071,31.8866972812828,"1984-2025",4,5.6858940956169,"Vogels van open heide"
400,1999,3.76581762316125,43.1990119370626,"1984-2025",4,5.08893658685312,"Vogels van open heide"
400,2000,3.49430577097742,32.9274208452287,"1984-2025",5,7.19080195267946,"Vogels van open heide"
400,2001,3.6241808637796,37.4939978855111,"1984-2025",4,5.58161090286198,"Vogels van open heide"
400,2002,3.76292260865755,43.0741310242066,"1984-2025",3,6.2380513000135,"Vogels van open heide"
400,2003,4.55842730679488,95.4332744852374,"1984-2025",3,8.36800099592086,"Vogels van open heide"
400,2004,4.48661444047355,88.8202300982418,"1984-2025",2,6.11507765086524,"Vogels van open heide"
400,2005,4.57253956893688,96.7896017850664,"1984-2025",2,7.08061622731765,"Vogels van open heide"
400,2006,4.03883078275871,56.7599392933321,"1984-2025",2,3.18137489096898,"Vogels van open heide"
400,2007,4.51042177137933,90.9601748195623,"1984-2025",2,5.8719567951858,"Vogels van open heide"
400,2008,4.47189419501681,87.5223504987142,"1984-2025",2,5.48114117458912,"Vogels van open heide"
400,2009,3.43214035191937,30.9428004063275,"1984-2025",4,4.34341899111876,"Vogels van open heide"
400,2010,3.41073653434922,30.2875438625885,"1984-2025",3,3.5660291879396,"Vogels van open heide"
400,2011,2.84203520114386,17.150635033929,"1984-2025",4,3.41098444063788,"Vogels van open heide"
400,2012,3.13674318354825,23.0287442017914,"1984-2025",3,2.94585019873271,"Vogels van open heide"
400,2013,3.75625444069976,42.7878609929621,"1984-2025",2,2.63576070412927,"Vogels van open heide"
400,2014,4.262054896539,70.9556402477694,"1984-2025",2,3.5660291879396,"Vogels van open heide"
400,2015,4.35481143431272,77.852143709661,"1984-2025",2,3.95602521926517,"Vogels van open heide"
400,2016,4.2544211604736,70.416045798924,"1984-2025",2,3.5660291879396,"Vogels van open heide"
400,2017,3.59028328559375,36.244341972232,"1984-2025",3,4.26033485151634,"Vogels van open heide"
400,2018,3.36524039390799,28.940453571627,"1984-2025",3,4.71679929989309,"Vogels van open heide"
400,2019,3.95527022614018,52.2098004912331,"1984-2025",3,5.72965511891293,"Vogels van open heide"
400,2020,3.38405563179138,29.4901300206406,"1984-2025",3,4.80638716635337,"Vogels van open heide"
400,2021,3.19891000520166,24.5058044349214,"1984-2025",3,3.34740595476284,"Vogels van open heide"
400,2022,4.22590175643623,68.4361885054304,"1984-2025",3,5.04627393314855,"Vogels van open heide"
400,2023,4.21197948016495,67.490002794736,"1984-2025",2,5.32541856439542,"Vogels van open heide"
400,2024,4.43058638337632,83.9806473304351,"1984-2025",2,5.93403782889775,"Vogels van open heide"
400,2025,4.16587302759841,64.4489235788307,"1984-2025",3,5.78188301277217,"Vogels van open heide"
500,1958,4.09232572102319,59.8789917174181,"1958-1983",8,62.4535661218425,"Weidevogels"
500,1959,4.29828213092543,73.5732957877314,"1958-1983",8,76.629873739379,"Weidevogels"
500,1960,4.20676967215397,67.1393071591984,"1958-1983",8,75.4679410593389,"Weidevogels"
500,1961,4.65579896742521,105.193232398885,"1958-1983",7,66.5733706517393,"Weidevogels"
500,1962,4.69480469340069,109.377444418883,"1958-1983",7,69.5721711315474,"Weidevogels"
500,1963,4.37761921291044,79.6481821333018,"1958-1983",7,52.4089037963104,"Weidevogels"
500,1964,4.3599016506626,78.2494382642288,"1958-1983",8,71.1443159633579,"Weidevogels"
500,1965,4.15802065337087,63.9448282750111,"1958-1983",8,69.4261523988711,"Weidevogels"
500,1966,4.20748897394876,67.1876179562775,"1958-1983",8,66.3577386468953,"Weidevogels"
500,1967,4.19950791160181,66.6535235438586,"1958-1983",8,54.7515257192677,"Weidevogels"
500,1968,4.35229945422445,77.6568260945187,"1958-1983",8,51.4285714285714,"Weidevogels"
500,1969,4.38639374039183,80.3501324336469,"1958-1983",7,40,"Weidevogels"
500,1970,4.24595727020113,69.8225672255586,"1958-1983",9,50.4888888888889,"Weidevogels"
500,1971,4.23239423956679,68.881954804069,"1958-1983",9,45.5921638468388,"Weidevogels"
500,1972,4.31410041230504,74.7463522915643,"1958-1983",9,41.806908768822,"Weidevogels"
500,1973,4.58289077082314,97.7966938078012,"1958-1983",9,51.2685914260717,"Weidevogels"
500,1974,4.53536394321312,93.2574495448162,"1958-1983",9,44.7480785653288,"Weidevogels"
500,1975,4.70512586880133,110.512194109493,"1958-1983",9,49.4096276112625,"Weidevogels"
500,1976,4.59509081036745,98.9971251047966,"1958-1983",9,46.0708782742681,"Weidevogels"
500,1977,4.45421934438143,85.9889968429535,"1958-1983",9,46.1538461538462,"Weidevogels"
500,1978,4.56428672338551,95.9940992454523,"1958-1983",9,46.2382445141066,"Weidevogels"
500,1979,4.37622478755561,79.5371960875307,"1958-1983",9,42.8571428571429,"Weidevogels"
500,1980,4.23406559399018,68.9971772258526,"1958-1983",9,37.9310344827586,"Weidevogels"
500,1981,4.33322620805556,76.1896942936206,"1958-1983",9,41.3793103448276,"Weidevogels"
500,1982,4.28684928120682,72.736933466114,"1958-1983",9,42.4192212096106,"Weidevogels"
500,1983,4.1994144019762,66.647291089228,"1958-1983",9,35.2664576802508,"Weidevogels"
500,1984,4.53643040212163,93.3569578339875,"1984-2025",9,44.6575350586129,"Weidevogels"
500,1985,4.43412098954104,84.2780110664623,"1984-2025",7,33.7224046346576,"Weidevogels"
500,1986,3.88370898754091,48.6041533698986,"1984-2025",8,26.8997339529006,"Weidevogels"
500,1987,3.96329699090309,52.6305626986217,"1984-2025",7,30.0648695953006,"Weidevogels"
500,1988,4.09949169534416,60.3096241420902,"1984-2025",8,27.8616550658533,"Weidevogels"
500,1989,3.79827563656493,44.6241698249785,"1984-2025",7,24.2460204389869,"Weidevogels"
500,1990,3.42375806718002,30.6845130739995,"1984-2025",9,25.3339667676356,"Weidevogels"
500,1991,3.18938332187786,24.2734539186663,"1984-2025",8,18.5355576681572,"Weidevogels"
500,1992,3.38899725036365,29.6362196571927,"1984-2025",8,23.9771569136754,"Weidevogels"
500,1993,3.38932844387239,29.6460366063319,"1984-2025",8,22.6722776258563,"Weidevogels"
500,1994,3.78966415613006,44.2415395308296,"1984-2025",7,25.6082560234492,"Weidevogels"
500,1995,3.25921860963768,26.029190235726,"1984-2025",8,25.9371606684772,"Weidevogels"
500,1996,3.21621856843012,24.9336567735684,"1984-2025",8,25.1172490628789,"Weidevogels"
500,1997,3.05949358359344,21.3167592715135,"1984-2025",8,21.6690203053101,"Weidevogels"
500,1998,3.01233888100102,20.3349052725073,"1984-2025",7,17.0576822868507,"Weidevogels"
500,1999,3.55107967953773,34.8509250125183,"1984-2025",7,22.9822942632076,"Weidevogels"
500,2000,3.71274214359648,40.9659872685071,"1984-2025",7,22.8001037523983,"Weidevogels"
500,2001,3.89610737190089,49.2105175454235,"1984-2025",6,21.5512198749393,"Weidevogels"
500,2002,3.72504966484422,41.4732924582921,"1984-2025",6,23.1464535079448,"Weidevogels"
500,2003,3.30772919611295,27.3230097755085,"1984-2025",7,22.851079642707,"Weidevogels"
500,2004,3.51043133235781,33.4626982160854,"1984-2025",5,19.1498484329727,"Weidevogels"
500,2005,3.49779103637925,33.0423818643332,"1984-2025",5,17.7015405682941,"Weidevogels"
500,2006,3.89978696442593,49.3919257473892,"1984-2025",4,13.432471761869,"Weidevogels"
500,2007,3.81497883159664,45.3757958396317,"1984-2025",5,18.7576397623991,"Weidevogels"
500,2008,2.99478829020934,19.9811292413492,"1984-2025",6,16.4434235237674,"Weidevogels"
500,2009,3.66242391176487,38.9556535917738,"1984-2025",6,20.3806583429419,"Weidevogels"
500,2010,2.86084740029917,17.4763301109513,"1984-2025",6,15.5044747301722,"Weidevogels"
500,2011,3.51264218957545,33.536761305248,"1984-2025",5,14.1090720044567,"Weidevogels"
500,2012,3.26015101318732,26.0534712631951,"1984-2025",5,15.5044747301722,"Weidevogels"
500,2013,3.01175506744196,20.3230369438698,"1984-2025",6,15.3494299828705,"Weidevogels"
500,2014,3.01821821603845,20.4548131374142,"1984-2025",6,14.5742062463618,"Weidevogels"
500,2015,3.69000892197075,40.0452042378339,"1984-2025",5,16.8891845899398,"Weidevogels"
500,2016,3.70310039879301,40.5729017340507,"1984-2025",5,15.5044747301722,"Weidevogels"
500,2017,3.29714601195444,27.035370087905,"1984-2025",5,13.9982430835537,"Weidevogels"
500,2018,3.22386737327291,25.1251006734051,"1984-2025",5,12.6288497384234,"Weidevogels"
500,2019,3.66520745468064,39.0642393818503,"1984-2025",5,15.0608077411426,"Weidevogels"
500,2020,4.17918728234384,65.3127508125457,"1984-2025",4,17.9851906869997,"Weidevogels"
500,2021,3.06529618457825,21.4408114845304,"1984-2025",6,16.1284105093118,"Weidevogels"
500,2022,3.48265468062942,32.546006749748,"1984-2025",6,16.2783030101566,"Weidevogels"
500,2023,3.2782362104757,26.5289399440891,"1984-2025",6,18.5628875673212,"Weidevogels"
500,2024,3.68909049135376,40.0084423803898,"1984-2025",5,17.6499586705677,"Weidevogels"
500,2025,3.45392678986859,31.624330911289,"1984-2025",6,16.5848749576886,"Weidevogels"
600,1958,2.84877412340619,17.2666021379537,"1958-1983",12,68.954309063893,"Struweelvogels"
600,1959,3.78850789688616,44.1904144044287,"1958-1983",15,153.259747478758,"Struweelvogels"
600,1960,3.85500469323335,47.228838596715,"1958-1983",17,165.073675826364,"Struweelvogels"
600,1961,3.94901392963728,51.8841801498025,"1958-1983",16,162.335065973611,"Struweelvogels"
600,1962,3.80825319532265,45.0716387127979,"1958-1983",18,150.339864054378,"Struweelvogels"
600,1963,3.77656208372559,43.6656644929084,"1958-1983",17,130.54581491081,"Struweelvogels"
600,1964,4.01514240328741,55.4311884239412,"1958-1983",19,149.609550983631,"Struweelvogels"
600,1965,4.05259029163429,57.5463259219255,"1958-1983",21,164.440263405456,"Struweelvogels"
600,1966,4.19229060784119,66.1741966223788,"1958-1983",21,176.088971269694,"Struweelvogels"
600,1967,4.03284647517879,56.4212846757366,"1958-1983",20,164.952048823017,"Struweelvogels"
600,1968,4.10040372503466,60.3646534002752,"1958-1983",20,169.821428571429,"Struweelvogels"
600,1969,4.12401177862997,61.8067003586794,"1958-1983",19,152.5,"Struweelvogels"
600,1970,4.27303724814067,71.73919479738,"1958-1983",19,162.488888888889,"Struweelvogels"
600,1971,4.36793117592047,78.8802733690599,"1958-1983",20,166.874443455031,"Struweelvogels"
600,1972,4.46596517119762,87.0049637128394,"1958-1983",19,192.382639503986,"Struweelvogels"
600,1973,4.66400197828546,106.059682517977,"1958-1983",19,217.847769028871,"Struweelvogels"
600,1974,4.60052813066075,99.5368702359124,"1958-1983",19,231.255337318531,"Struweelvogels"
600,1975,4.75380145994019,116.024509773708,"1958-1983",20,263.94187102634,"Struweelvogels"
600,1976,4.52463088918173,92.2618646905067,"1958-1983",20,242.681047765794,"Struweelvogels"
600,1977,4.63009050034998,102.523342088997,"1958-1983",20,248.906882591093,"Struweelvogels"
600,1978,4.55952311678671,95.537908540023,"1958-1983",21,234.952978056426,"Struweelvogels"
600,1979,4.41277816615912,82.4983395242354,"1958-1983",22,227.786499215071,"Struweelvogels"
600,1980,4.84238249900208,126.771024058718,"1958-1983",21,289.968652037618,"Struweelvogels"
600,1981,4.93917134628648,139.654476398221,"1958-1983",21,328.213166144201,"Struweelvogels"
600,1982,5.0649987622774,158.380246042751,"1958-1983",21,357.249378624689,"Struweelvogels"
600,1983,5.04440626528412,155.152152626501,"1958-1983",21,386.520376175549,"Struweelvogels"
600,1984,4.8790108203849,131.500521893906,"1984-2025",21,353.952314909006,"Struweelvogels"
600,1985,5.01397573247813,150.501903579564,"1984-2025",20,384.396427396213,"Struweelvogels"
600,1986,5.139914004541,170.701088171689,"1984-2025",20,395.001356466277,"Struweelvogels"
600,1987,4.84691281413422,127.346639622796,"1984-2025",20,368.742639009912,"Struweelvogels"
600,1988,5.17456285494076,176.719345400095,"1984-2025",20,405.16376259886,"Struweelvogels"
600,1989,5.16339064036583,174.755986906824,"1984-2025",20,431.111258156372,"Struweelvogels"
600,1990,5.03467623979373,153.649838854613,"1984-2025",20,413.170222242903,"Struweelvogels"
600,1991,4.84913456757053,127.629886993376,"1984-2025",20,307.006421183265,"Struweelvogels"
600,1992,4.9593802276374,142.505447583964,"1984-2025",20,316.107007474169,"Struweelvogels"
600,1993,5.09062596156855,162.491543687334,"1984-2025",21,365.366200589339,"Struweelvogels"
600,1994,5.15491146597534,173.280464862806,"1984-2025",21,372.379926761366,"Struweelvogels"
600,1995,5.21524989554931,184.057810460774,"1984-2025",20,393.982187369274,"Struweelvogels"
600,1996,5.03031862079784,152.98174809778,"1984-2025",21,345.594741735538,"Struweelvogels"
600,1997,5.05426132963173,156.688746252396,"1984-2025",21,351.46494298234,"Struweelvogels"
600,1998,5.08128339280796,160.980524657593,"1984-2025",20,346.128803070678,"Struweelvogels"
600,1999,4.992585438429,147.316810092793,"1984-2025",21,344.077776969166,"Struweelvogels"
600,2000,5.19668089991032,180.671578543177,"1984-2025",20,368.133982894492,"Struweelvogels"
600,2001,5.20978314266031,183.054357208225,"1984-2025",20,375.053243722865,"Struweelvogels"
600,2002,5.17727615681821,177.199489425025,"1984-2025",20,331.601674369139,"Struweelvogels"
600,2003,5.0946446264587,163.145856600485,"1984-2025",21,325.06465407231,"Struweelvogels"
600,2004,5.10798898676614,165.337524373059,"1984-2025",20,354.191734461958,"Struweelvogels"
600,2005,4.97494729707138,144.741196662205,"1984-2025",21,329.731423858497,"Struweelvogels"
600,2006,5.0087274625278,149.714098077807,"1984-2025",20,301.52364244406,"Struweelvogels"
600,2007,4.96074369244672,142.699881268502,"1984-2025",21,322.30518409131,"Struweelvogels"
600,2008,4.80036457623739,121.554725405868,"1984-2025",21,281.365246962242,"Struweelvogels"
600,2009,4.8406709877511,126.554239592189,"1984-2025",19,269.626086602526,"Struweelvogels"
600,2010,4.94739472581254,140.807643125515,"1984-2025",19,289.778632706918,"Struweelvogels"
600,2011,4.80587373883579,122.226238190877,"1984-2025",20,296.29051209359,"Struweelvogels"
600,2012,5.0116721139594,150.155603632,"1984-2025",19,276.909918680875,"Struweelvogels"
600,2013,4.69659943516252,109.57392494935,"1984-2025",20,263.421025665625,"Struweelvogels"
600,2014,5.11309005658924,166.183077408296,"1984-2025",19,306.368420668202,"Struweelvogels"
600,2015,5.22954010330282,186.706917877548,"1984-2025",18,308.874276734934,"Struweelvogels"
600,2016,5.159788515095,174.127626346316,"1984-2025",18,293.344661894858,"Struweelvogels"
600,2017,5.10447386794938,164.757363594429,"1984-2025",18,276.769610532436,"Struweelvogels"
600,2018,4.95572220524944,141.98511174659,"1984-2025",19,260.336890390873,"Struweelvogels"
600,2019,4.96063365276889,142.684179483467,"1984-2025",20,313.657691652491,"Struweelvogels"
600,2020,5.18244931592363,178.118545739876,"1984-2025",18,301.251944007245,"Struweelvogels"
600,2021,5.0780389531907,160.459079421989,"1984-2025",19,278.747623142069,"Struweelvogels"
600,2022,5.12916810234811,168.876571569504,"1984-2025",18,265.01077300535,"Struweelvogels"
600,2023,4.86907477316379,130.200396249893,"1984-2025",20,265.205844506892,"Struweelvogels"
600,2024,4.94048149352787,139.837564235044,"1984-2025",20,271.292037151915,"Struweelvogels"
600,2025,4.80161307561589,121.706581181186,"1984-2025",20,262.467057816631,"Struweelvogels"
700,1958,3.37732882616114,29.2924213673468,"1958-1983",10,68.954309063893,"Bosrandvogels"
700,1959,4.31033308943888,74.4652884110282,"1958-1983",11,142.936552052728,"Bosrandvogels"
700,1960,4.19905642937393,66.6234374547311,"1958-1983",12,151.931501393867,"Bosrandvogels"
700,1961,4.2380071366497,69.2696692098834,"1958-1983",13,149.540183926429,"Bosrandvogels"
700,1962,3.86716447953375,47.8066370144682,"1958-1983",17,133.146741303479,"Bosrandvogels"
700,1963,4.28639218064972,72.7036929710081,"1958-1983",13,123.494435127306,"Bosrandvogels"
700,1964,4.21531520551355,67.7155068084635,"1958-1983",15,135.343144616309,"Bosrandvogels"
700,1965,4.19739775845058,66.5130226924034,"1958-1983",16,142.615239887112,"Bosrandvogels"
700,1966,4.31056187093836,74.4823266403117,"1958-1983",17,152.91936978684,"Bosrandvogels"
700,1967,4.27084977294588,71.5824386009191,"1958-1983",17,144.551002615519,"Bosrandvogels"
700,1968,4.17346474922074,64.940063806571,"1958-1983",16,144.464285714286,"Bosrandvogels"
700,1969,4.17820364009242,65.2485380176765,"1958-1983",16,127.5,"Bosrandvogels"
700,1970,4.19677090816806,66.4713420504637,"1958-1983",16,137.066666666667,"Bosrandvogels"
700,1971,4.2254286554323,68.4038189335858,"1958-1983",18,139.447907390917,"Bosrandvogels"
700,1972,4.57912687631918,97.4292892392393,"1958-1983",16,159.25597874225,"Bosrandvogels"
700,1973,4.4343272226206,84.2953937726068,"1958-1983",17,175.328083989501,"Bosrandvogels"
700,1974,4.45516066217019,86.0699779238061,"1958-1983",17,183.091374893254,"Bosrandvogels"
700,1975,4.62071334076448,101.566457789032,"1958-1983",18,200.363306085377,"Bosrandvogels"
700,1976,4.43634317246966,84.4655004646288,"1958-1983",18,192.758089368259,"Bosrandvogels"
700,1977,4.63163464844266,102.681775603063,"1958-1983",18,198.866396761134,"Bosrandvogels"
700,1978,4.46991967048628,87.3497059722028,"1958-1983",18,185.266457680251,"Bosrandvogels"
700,1979,4.41145547299872,82.389291669127,"1958-1983",19,201.569858712716,"Bosrandvogels"
700,1980,4.68667059000633,108.491365590882,"1958-1983",18,245.454545454545,"Bosrandvogels"
700,1981,4.6498609472634,104.570443759726,"1958-1983",18,266.300940438871,"Bosrandvogels"
700,1982,4.65280349990063,104.878600956822,"1958-1983",18,288.152444076222,"Bosrandvogels"
700,1983,4.62864523291541,102.375275465101,"1958-1983",19,310.658307210031,"Bosrandvogels"
700,1984,4.64478756629915,104.041261567423,"1984-2025",19,280.515479479287,"Bosrandvogels"
700,1985,4.70905341778792,110.947089643186,"1984-2025",16,314.807418988278,"Bosrandvogels"
700,1986,4.74139316866242,114.593738929192,"1984-2025",16,312.650416557836,"Bosrandvogels"
700,1987,4.55689609639558,95.2872578825065,"1984-2025",15,305.825428466104,"Bosrandvogels"
700,1988,4.62157527641918,101.654039279704,"1984-2025",15,310.519209130885,"Bosrandvogels"
700,1989,4.91273108349706,136.010363290322,"1984-2025",14,329.44811982448,"Bosrandvogels"
700,1990,4.51261982167459,91.1603297534008,"1984-2025",15,311.834355172361,"Bosrandvogels"
700,1991,4.45396223446671,85.9668910612376,"1984-2025",16,257.158368036861,"Bosrandvogels"
700,1992,4.67661572869572,107.405965872781,"1984-2025",15,252.657252103967,"Bosrandvogels"
700,1993,4.67505262462869,107.238210314556,"1984-2025",17,281.527706346964,"Bosrandvogels"
700,1994,4.90276971256063,134.66223933948,"1984-2025",15,276.308189195688,"Bosrandvogels"
700,1995,4.72220805733139,112.41620024095,"1984-2025",16,288.263633758519,"Bosrandvogels"
700,1996,4.86731211484808,129.97109958394,"1984-2025",16,288.228185233901,"Bosrandvogels"
700,1997,4.67712274837422,107.46043661877,"1984-2025",17,295.650799771693,"Bosrandvogels"
700,1998,4.72536853047867,112.772050654766,"1984-2025",16,274.699758494491,"Bosrandvogels"
700,1999,4.73108533515367,113.418592757768,"1984-2025",16,259.043288195298,"Bosrandvogels"
700,2000,4.6919058276058,109.060833015227,"1984-2025",17,270.26892217266,"Bosrandvogels"
700,2001,4.77911188512456,118.998618657568,"1984-2025",16,272.103531514522,"Bosrandvogels"
700,2002,4.64304332527636,103.859946705313,"1984-2025",17,236.717630911039,"Bosrandvogels"
700,2003,4.7325670661635,113.586773172046,"1984-2025",17,239.614490056272,"Bosrandvogels"
700,2004,4.65045770030025,104.632865112818,"1984-2025",17,263.270185179356,"Bosrandvogels"
700,2005,4.6746143405872,107.191219816682,"1984-2025",16,245.085875322836,"Bosrandvogels"
700,2006,4.69497740994441,109.396337344558,"1984-2025",15,217.217207833382,"Bosrandvogels"
700,2007,4.66072963255104,105.713185806011,"1984-2025",16,252.657252103967,"Bosrandvogels"
700,2008,4.527751017076,92.5501830693091,"1984-2025",17,214.096696183193,"Bosrandvogels"
700,2009,4.60455614656184,99.9386149057375,"1984-2025",15,269.124922872781,"Bosrandvogels"
700,2010,4.72525770179788,112.759552969726,"1984-2025",15,274.119113229444,"Bosrandvogels"
700,2011,4.65737528012672,105.359180585984,"1984-2025",16,275.049381713254,"Bosrandvogels"
700,2012,4.52130078141855,91.9551337456662,"1984-2025",17,276.754873933573,"Bosrandvogels"
700,2013,4.42804158707979,83.7672053884473,"1984-2025",17,308.84913662503,"Bosrandvogels"
700,2014,4.69519389499631,109.420022579982,"1984-2025",16,352.416710616814,"Bosrandvogels"
700,2015,4.75308318323525,115.941201993736,"1984-2025",16,343.109110363191,"Bosrandvogels"
700,2016,4.67903982771966,107.666644397446,"1984-2025",15,342.493846789503,"Bosrandvogels"
700,2017,4.56457391150545,96.0216715693728,"1984-2025",16,312.525992321948,"Bosrandvogels"
700,2018,4.57015665967015,96.5592355260033,"1984-2025",17,324.089758347493,"Bosrandvogels"
700,2019,4.69364153118873,109.250294670921,"1984-2025",17,376.683897960533,"Bosrandvogels"
700,2020,4.82434159923278,124.504467554493,"1984-2025",16,356.757963541262,"Bosrandvogels"
700,2021,4.77287045542292,118.258210152021,"1984-2025",17,322.263900553986,"Bosrandvogels"
700,2022,4.64622169778624,104.190577460313,"1984-2025",17,245.151243332959,"Bosrandvogels"
700,2023,5.03087266470886,153.066530188142,"1984-2025",15,281.486409832329,"Bosrandvogels"
700,2024,4.91457571174527,136.261483388904,"1984-2025",16,286.96398321285,"Bosrandvogels"
700,2025,4.81674962948716,123.562812435136,"1984-2025",16,296.397581812637,"Bosrandvogels"
800,1958,3.81893981581227,45.555885080587,"1958-1983",6,7.4294205052006,"Bosvogels"
800,1959,4.35582700647249,77.9312483408228,"1958-1983",8,13.4995632494243,"Bosvogels"
800,1960,4.15707397281374,63.8843215941225,"1958-1983",8,15.3325368379132,"Bosvogels"
800,1961,4.30015657111193,73.7113338616484,"1958-1983",10,17.9928028788485,"Bosvogels"
800,1962,4.27329358981189,71.7575868996964,"1958-1983",8,14.3942423030788,"Bosvogels"
800,1963,3.64555841729729,38.304156584074,"1958-1983",6,11.0535142552218,"Bosvogels"
800,1964,4.24617798211,69.8379795984382,"1958-1983",6,15.2049857335936,"Bosvogels"
800,1965,3.90962991265738,49.8804884196472,"1958-1983",8,16.1806208842897,"Bosvogels"
800,1966,3.7131100468916,40.9810615629826,"1958-1983",10,17.6088971269694,"Bosvogels"
800,1967,3.91932494158258,50.3664330148316,"1958-1983",11,18.1342632955536,"Bosvogels"
800,1968,3.94382996822379,51.6159105124375,"1958-1983",8,17.5,"Bosvogels"
800,1969,3.88204541028661,48.5233638243452,"1958-1983",11,16.4285714285714,"Bosvogels"
800,1970,3.75368569170434,42.678090764462,"1958-1983",10,16.8888888888889,"Bosvogels"
800,1971,4.00376006100773,54.8038288482997,"1958-1983",13,21.0151380231523,"Bosvogels"
800,1972,4.10789353223142,60.8184703951526,"1958-1983",12,23.7378210806023,"Bosvogels"
800,1973,4.20023156633442,66.7017751382576,"1958-1983",14,27.6465441819773,"Bosvogels"
800,1974,4.40598470355002,81.9397895317503,"1958-1983",13,29.7181895815542,"Bosvogels"
800,1975,4.63717667095204,103.252420116563,"1958-1983",15,41.5985467756585,"Bosvogels"
800,1976,4.45860385672169,86.3668443940531,"1958-1983",16,34.0523882896764,"Bosvogels"
800,1977,4.45790458117509,86.3064712829115,"1958-1983",17,52.1457489878543,"Bosvogels"
800,1978,4.73385042776682,113.732639655081,"1958-1983",17,56.4263322884013,"Bosvogels"
800,1979,4.72852229470252,113.128268531918,"1958-1983",18,59.4976452119309,"Bosvogels"
800,1980,4.97174295843617,144.278139146392,"1958-1983",15,65.987460815047,"Bosvogels"
800,1981,5.09802489909321,163.6982671982,"1958-1983",15,77.742946708464,"Bosvogels"
800,1982,4.92613807676864,137.846131886615,"1958-1983",15,68.7655343827672,"Bosvogels"
800,1983,4.91454325923969,136.257061434107,"1958-1983",20,76.6457680250784,"Bosvogels"
800,1984,4.94671367356163,140.711778411364,"1984-2025",18,105.193304804733,"Bosvogels"
800,1985,4.96502044412026,143.311480120528,"1984-2025",17,93.7599805160133,"Bosvogels"
800,1986,4.75045062456791,115.63638138264,"1984-2025",20,92.2613682068783,"Bosvogels"
800,1987,4.85887026755413,128.878521585456,"1984-2025",18,79.2438284697327,"Bosvogels"
800,1988,4.81782119712919,123.695289312991,"1984-2025",18,78.9059086216152,"Bosvogels"
800,1989,4.83753571614356,126.158079037969,"1984-2025",18,80.8200681299563,"Bosvogels"
800,1990,4.99302696417547,147.381868618787,"1984-2025",17,94.1270147382885,"Bosvogels"
800,1991,4.84690935644533,127.346199298496,"1984-2025",19,91.2381333762691,"Bosvogels"
800,1992,4.96793491379549,143.729766328606,"1984-2025",18,96.0717375656789,"Bosvogels"
800,1993,4.96740431491118,143.653523703865,"1984-2025",20,100.475705162068,"Bosvogels"
800,1994,4.85698066956962,128.635222931538,"1984-2025",19,100.475705162068,"Bosvogels"
800,1995,5.15420134583313,173.15745859424,"1984-2025",17,109.986693973922,"Bosvogels"
800,1996,4.99858980159783,148.204014605026,"1984-2025",18,103.104756955645,"Bosvogels"
800,1997,5.32071295398345,204.529650252643,"1984-2025",16,112.44908264498,"Bosvogels"
800,1998,5.2767491998266,195.732552592674,"1984-2025",16,109.098092959649,"Bosvogels"
800,1999,5.03853522840256,154.243917366366,"1984-2025",17,103.09200569496,"Bosvogels"
800,2000,4.97676344614668,145.004307104254,"1984-2025",16,85.9388526051935,"Bosvogels"
800,2001,5.07961344678028,160.711920209796,"1984-2025",16,98.4534145365933,"Bosvogels"
800,2002,4.90502783270916,134.966666442508,"1984-2025",17,98.6597060870557,"Bosvogels"
800,2003,4.76292041671261,117.087370990413,"1984-2025",16,106.37016650584,"Bosvogels"
800,2004,4.85202502732953,127.999329718223,"1984-2025",17,117.795706327194,"Bosvogels"
800,2005,4.80247698395375,121.811769941622,"1984-2025",17,93.9790881080342,"Bosvogels"
800,2006,4.9282809470719,138.141834982592,"1984-2025",17,94.9110175805746,"Bosvogels"
800,2007,5.01972366544862,151.369469399756,"1984-2025",16,102.596134004774,"Bosvogels"
800,2008,4.9364169505413,139.270341974604,"1984-2025",16,100.985873762127,"Bosvogels"
800,2009,5.11526543588167,166.544982130943,"1984-2025",14,91.0447442369124,"Bosvogels"
800,2010,5.03765867520247,154.108773606004,"1984-2025",15,115.508336739783,"Bosvogels"
800,2011,5.13872888948423,170.498907569192,"1984-2025",14,111.322128562636,"Bosvogels"
800,2012,5.18636086506897,178.816629589807,"1984-2025",14,120.62481340074,"Bosvogels"
800,2013,5.01577937458401,150.773600097859,"1984-2025",14,114.112934014067,"Bosvogels"
800,2014,5.03366109281802,153.493940828474,"1984-2025",15,134.113706415989,"Bosvogels"
800,2015,4.95870560354665,142.409342397042,"1984-2025",15,133.439773742137,"Bosvogels"
800,2016,5.00283469458708,148.834461931646,"1984-2025",16,119.849589664231,"Bosvogels"
800,2017,5.17136155900904,176.154519049136,"1984-2025",14,120.202304739211,"Bosvogels"
800,2018,5.30231068979515,200.800261437267,"1984-2025",13,118.680756577955,"Bosvogels"
800,2019,5.18661469771732,178.862024849622,"1984-2025",13,119.995348633234,"Bosvogels"
800,2020,4.80768594202617,122.447937791363,"1984-2025",14,120.469768653438,"Bosvogels"
800,2021,4.72919510286809,113.20440776542,"1984-2025",17,119.441530658583,"Bosvogels"
800,2022,4.8683251303919,130.102829038793,"1984-2025",12,120.459442275159,"Bosvogels"
800,2023,5.09772933238276,163.649890589468,"1984-2025",12,125.07125885523,"Bosvogels"
800,2024,4.75665757850559,116.356363210907,"1984-2025",13,128.266509993867,"Bosvogels"
800,2025,4.72668791040021,112.920938032021,"1984-2025",13,123.701865510099,"Bosvogels"
900,1958,3.97330384537734,53.1598730292084,"1958-1983",1,0.232169390787519,"Vogels van bebouwing/overige"
900,1959,4.0973673763986,60.1816432491717,"1958-1983",2,0.992614944810609,"Vogels van bebouwing/overige"
900,1960,4.22924974434041,68.6656960165607,"1958-1983",2,0.995619275189168,"Vogels van bebouwing/overige"
900,1961,4.4956146943187,89.6232429548512,"1958-1983",3,0.999600159936026,"Vogels van bebouwing/overige"
900,1962,2.99871141711542,20.0596717123939,"1958-1983",1,0.39984006397441,"Vogels van bebouwing/overige"
900,1963,3.77589728540817,43.6366452796551,"1958-1983",1,0.381155663973167,"Vogels van bebouwing/overige"
900,1964,2.93572347775658,18.8351250010126,"1958-1983",1,0.563147619762727,"Vogels van bebouwing/overige"
900,1965,3.76305887461164,43.0800009616945,"1958-1983",1,0.376293508936971,"Vogels van bebouwing/overige"
900,1966,3.0356831964828,20.8151939100266,"1958-1983",3,0.741427247451344,"Vogels van bebouwing/overige"
900,1967,3.93393790280497,51.1078396272264,"1958-1983",4,2.0924149956408,"Vogels van bebouwing/overige"
900,1968,3.42619671715477,30.7594331758556,"1958-1983",5,1.42857142857143,"Vogels van bebouwing/overige"
900,1969,3.23516611617116,25.4105925386098,"1958-1983",4,0.892857142857143,"Vogels van bebouwing/overige"
900,1970,3.42049523675988,30.5845578684344,"1958-1983",4,1.42222222222222,"Vogels van bebouwing/overige"
900,1971,3.68633164897822,39.8982175106045,"1958-1983",4,1.78094390026714,"Vogels van bebouwing/overige"
900,1972,3.93680637266869,51.2546513868858,"1958-1983",4,2.83436669619132,"Vogels van bebouwing/overige"
900,1973,3.92448227302355,50.6268603812722,"1958-1983",4,2.97462817147857,"Vogels van bebouwing/overige"
900,1974,4.25705966213068,70.6020839755393,"1958-1983",4,3.5866780529462,"Vogels van bebouwing/overige"
900,1975,4.40492875071819,81.8533106458028,"1958-1983",5,5.63124432334241,"Vogels van bebouwing/overige"
900,1976,4.71800971954464,111.945228400853,"1958-1983",6,6.47149460708783,"Vogels van bebouwing/overige"
900,1977,4.90567071273698,135.053461713269,"1958-1983",5,8.09716599190283,"Vogels van bebouwing/overige"
900,1978,5.0029266166066,148.848143724781,"1958-1983",6,8.46394984326019,"Vogels van bebouwing/overige"
900,1979,4.82844197427703,125.016030649681,"1958-1983",5,6.43642072213501,"Vogels van bebouwing/overige"
900,1980,4.84737645920953,127.405696954876,"1958-1983",5,6.89655172413793,"Vogels van bebouwing/overige"
900,1981,5.13267661552911,169.470117870465,"1958-1983",5,9.87460815047022,"Vogels van bebouwing/overige"
900,1982,4.69846552268035,109.778590385393,"1958-1983",6,7.78790389395195,"Vogels van bebouwing/overige"
900,1983,4.893452762065,133.41342452847,"1958-1983",7,9.09090909090909,"Vogels van bebouwing/overige"
900,1984,4.89244446675041,133.278972192836,"1984-2025",6,14.2242519075582,"Vogels van bebouwing/overige"
900,1985,5.03534912738249,153.753262716608,"1984-2025",6,15.0093939703389,"Vogels van bebouwing/overige"
900,1986,4.79294237916756,120.655862175606,"1984-2025",6,11.7981289267108,"Vogels van bebouwing/overige"
900,1987,4.73236811925106,113.564177681956,"1984-2025",6,12.3445159927724,"Vogels van bebouwing/overige"
900,1988,4.92949072518469,138.309057081438,"1984-2025",5,10.8469038805994,"Vogels van bebouwing/overige"
900,1989,4.90921070229635,135.532396770092,"1984-2025",5,10.2088507111524,"Vogels van bebouwing/overige"
900,1990,4.62659920501641,102.166026932496,"1984-2025",6,10.5043276841416,"Vogels van bebouwing/overige"
900,1991,4.3661710068157,78.7415528704825,"1984-2025",6,7.91810230484387,"Vogels van bebouwing/overige"
900,1992,4.49623973218463,89.6792783856737,"1984-2025",5,8.97104510375609,"Vogels van bebouwing/overige"
900,1993,4.7998573589538,121.493086381751,"1984-2025",5,10.7652541245073,"Vogels van bebouwing/overige"
900,1994,4.58538500160584,98.0409257907898,"1984-2025",4,9.78659465864301,"Vogels van bebouwing/overige"
900,1995,4.39638488614688,81.1569461031786,"1984-2025",4,10.1778731737062,"Vogels van bebouwing/overige"
900,1996,5.08671540224325,161.857351696783,"1984-2025",3,7.90728211238781,"Vogels van bebouwing/overige"
900,1997,4.98907005987412,146.799844934317,"1984-2025",3,8.20796223685987,"Vogels van bebouwing/overige"
900,1998,4.65198802387494,104.793109834852,"1984-2025",4,9.06189371488943,"Vogels van bebouwing/overige"
900,1999,4.17366791834836,64.9532589630612,"1984-2025",6,6.89468827896229,"Vogels van bebouwing/overige"
900,2000,4.26727597095909,71.3270737231764,"1984-2025",5,5.61233323135958,"Vogels van bebouwing/overige"
900,2001,4.35682640353886,78.009171533412,"1984-2025",6,6.97701362857748,"Vogels van bebouwing/overige"
900,2002,3.84674673950154,46.8404309661443,"1984-2025",6,5.90973281053911,"Vogels van bebouwing/overige"
900,2003,3.66357181662983,39.0003966515243,"1984-2025",7,4.98861597833743,"Vogels van bebouwing/overige"
900,2004,4.11531423207944,61.2714646978035,"1984-2025",4,4.34492359403583,"Vogels van bebouwing/overige"
900,2005,4.25191364575745,70.2396977179348,"1984-2025",4,4.82769288226203,"Vogels van bebouwing/overige"
900,2006,4.5015538104194,90.1571095787523,"1984-2025",3,4.59531928695519,"Vogels van bebouwing/overige"
900,2007,4.28780911106385,72.8067820625859,"1984-2025",4,4.56707750736674,"Vogels van bebouwing/overige"
900,2008,3.7593394394326,42.9200653101306,"1984-2025",5,3.65409411639275,"Vogels van bebouwing/overige"
900,2009,3.98958415998265,54.0324158502127,"1984-2025",5,4.00930983795578,"Vogels van bebouwing/overige"
900,2010,3.5459481629014,34.6725449825027,"1984-2025",6,3.5660291879396,"Vogels van bebouwing/overige"
900,2011,4.2525883010754,70.2871012922706,"1984-2025",4,4.03116342984477,"Vogels van bebouwing/overige"
900,2012,4.01647289886519,55.5049884594338,"1984-2025",4,3.87611868254304,"Vogels van bebouwing/overige"
900,2013,4.29418522825485,73.2724897629808,"1984-2025",5,4.03116342984477,"Vogels van bebouwing/overige"
900,2014,4.1053714706933,60.6652757345452,"1984-2025",4,3.87611868254304,"Vogels van bebouwing/overige"
900,2015,4.07591632920521,58.9044317171738,"1984-2025",4,4.41248966764192,"Vogels van bebouwing/overige"
900,2016,4.52386557908621,92.1912827660022,"1984-2025",4,4.18620817714649,"Vogels van bebouwing/overige"
900,2017,4.12509390276673,61.8736190816032,"1984-2025",4,3.34740595476284,"Vogels van bebouwing/overige"
900,2018,3.96905532549848,52.9345013389342,"1984-2025",4,3.49956077088842,"Vogels van bebouwing/overige"
900,2019,4.07361660472703,58.7691233992396,"1984-2025",4,3.76520193528564,"Vogels van bebouwing/overige"
900,2020,3.97062371273203,53.0175882742612,"1984-2025",5,3.72107393524132,"Vogels van bebouwing/overige"
900,2021,3.99701223105342,54.4352668257974,"1984-2025",6,4.71679929989309,"Vogels van bebouwing/overige"
900,2022,3.89363636216178,49.089067990615,"1984-2025",4,4.06957575253915,"Vogels van bebouwing/overige"
900,2023,4.17373937177188,64.9579002615994,"1984-2025",4,3.651715587014,"Vogels van bebouwing/overige"
900,2024,4.22690221896699,68.5046906089586,"1984-2025",3,3.651715587014,"Vogels van bebouwing/overige"
900,2025,3.7648040985937,43.1552508573813,"1984-2025",3,2.7387866902605,"Vogels van bebouwing/overige"
