"groep_100","korte_beschrijving","n_jaren","mean_species_contributing","pre_trend_pct_per_jaar","post_trend_pct_per_jaar","overall_trend_pct_per_jaar","break_level_shift_pct","trend_contract","trend_formaliteit","trend_status","trend_methode"
100,"Watervogels",68,13.0735294117647,1.51519573331989,-3.76581475352534,-2.15346702287517,-1.35899454797417,"trim-trend-v2","beschrijvend","groeps_msi_zonder_onzekerheidspropagatie","loglineaire samenvatting van ecologische groeps-MSI; geen formele inferentie"
200,"Rietvogels",68,6.36764705882353,4.18333199857284,0.674482421409484,1.10894596767002,-26.904381529107,"trim-trend-v2","beschrijvend","groeps_msi_zonder_onzekerheidspropagatie","loglineaire samenvatting van ecologische groeps-MSI; geen formele inferentie"
300,"Vogels van pionierbegroeiingen",68,10.3382352941176,3.24573417234519,-3.48010462227754,-4.20544026787079,-74.9524711391257,"trim-trend-v2","beschrijvend","groeps_msi_zonder_onzekerheidspropagatie","loglineaire samenvatting van ecologische groeps-MSI; geen formele inferentie"
400,"Vogels van open heide",68,5.94117647058824,3.60914627156788,-6.61376119462084,-5.69720591866492,-66.9835362050451,"trim-trend-v2","beschrijvend","groeps_msi_zonder_onzekerheidspropagatie","loglineaire samenvatting van ecologische groeps-MSI; geen formele inferentie"
500,"Weidevogels",68,8.76470588235294,0.238632401103311,-4.45480375112346,-4.82015963566753,-59.8159285926942,"trim-trend-v2","beschrijvend","groeps_msi_zonder_onzekerheidspropagatie","loglineaire samenvatting van ecologische groeps-MSI; geen formele inferentie"
600,"Struweelvogels",68,20.9117647058824,5.98937758227995,-1.10222209306584,0.616842616770508,-20.0937633451693,"trim-trend-v2","beschrijvend","groeps_msi_zonder_onzekerheidspropagatie","loglineaire samenvatting van ecologische groeps-MSI; geen formele inferentie"
700,"Bosrandvogels",68,18.5441176470588,2.90859480084584,0.359437976634358,-0.836782880625442,-61.5591620973105,"trim-trend-v2","beschrijvend","groeps_msi_zonder_onzekerheidspropagatie","loglineaire samenvatting van ecologische groeps-MSI; geen formele inferentie"
800,"Bosvogels",68,16.9117647058824,4.16191684654781,-3.5136250974327,-1.14001542156963,0.421070036885007,"trim-trend-v2","beschrijvend","groeps_msi_zonder_onzekerheidspropagatie","loglineaire samenvatting van ecologische groeps-MSI; geen formele inferentie"
900,"Vogels van bebouwing/overige",68,5.76470588235294,5.88544578765349,-3.78974198140489,-2.93722230395908,-64.340736374053,"trim-trend-v2","beschrijvend","groeps_msi_zonder_onzekerheidspropagatie","loglineaire samenvatting van ecologische groeps-MSI; geen formele inferentie"
