"groep_100","korte_beschrijving","periode","eerste_jaar","laatste_jaar","n_jaren","mean_msi","median_msi","mean_species_contributing","trend_pct_per_jaar","trend_contract","trend_formaliteit","trend_status","trend_methode"
100,"Watervogels","1958-1983",1958,1983,26,84.106061119636,89.8469002665631,11.5769230769231,1.51519573331986,"trim-trend-v2","beschrijvend","groeps_msi_zonder_onzekerheidspropagatie","loglineaire samenvatting van ecologische groeps-MSI per periode; geen formele inferentie"
100,"Watervogels","1984-2025",1984,2025,42,48.819118240058,39.3521631767707,14,-3.76581475352536,"trim-trend-v2","beschrijvend","groeps_msi_zonder_onzekerheidspropagatie","loglineaire samenvatting van ecologische groeps-MSI per periode; geen formele inferentie"
200,"Rietvogels","1958-1983",1958,1983,26,82.1433518674376,78.9243815084859,5.34615384615385,4.18333199857281,"trim-trend-v2","beschrijvend","groeps_msi_zonder_onzekerheidspropagatie","loglineaire samenvatting van ecologische groeps-MSI per periode; geen formele inferentie"
200,"Rietvogels","1984-2025",1984,2025,42,114.284484010677,115.031885917238,7,0.674482421409506,"trim-trend-v2","beschrijvend","groeps_msi_zonder_onzekerheidspropagatie","loglineaire samenvatting van ecologische groeps-MSI per periode; geen formele inferentie"
300,"Vogels van pionierbegroeiingen","1958-1983",1958,1983,26,84.1124988565935,84.4420458987775,9.26923076923077,3.24573417234526,"trim-trend-v2","beschrijvend","groeps_msi_zonder_onzekerheidspropagatie","loglineaire samenvatting van ecologische groeps-MSI per periode; geen formele inferentie"
300,"Vogels van pionierbegroeiingen","1984-2025",1984,2025,42,17.9097661524064,12.441070551513,11,-3.48010462227752,"trim-trend-v2","beschrijvend","groeps_msi_zonder_onzekerheidspropagatie","loglineaire samenvatting van ecologische groeps-MSI per periode; geen formele inferentie"
400,"Vogels van open heide","1958-1983",1958,1983,26,84.7696724724375,86.8065506971553,5.84615384615385,3.60914627156792,"trim-trend-v2","beschrijvend","groeps_msi_zonder_onzekerheidspropagatie","loglineaire samenvatting van ecologische groeps-MSI per periode; geen formele inferentie"
400,"Vogels van open heide","1984-2025",1984,2025,42,16.9579339840871,7.83001944806344,6,-6.61376119462085,"trim-trend-v2","beschrijvend","groeps_msi_zonder_onzekerheidspropagatie","loglineaire samenvatting van ecologische groeps-MSI per periode; geen formele inferentie"
500,"Weidevogels","1958-1983",1958,1983,26,80.7436363250645,77.1719603258708,8.38461538461539,0.238632401103311,"trim-trend-v2","beschrijvend","groeps_msi_zonder_onzekerheidspropagatie","loglineaire samenvatting van ecologische groeps-MSI per periode; geen formele inferentie"
500,"Weidevogels","1984-2025",1984,2025,42,16.3284394117439,11.2648481746488,9,-4.45480375112345,"trim-trend-v2","beschrijvend","groeps_msi_zonder_onzekerheidspropagatie","loglineaire samenvatting van ecologische groeps-MSI per periode; geen formele inferentie"
600,"Struweelvogels","1958-1983",1958,1983,26,81.8279904014847,75.4050715859122,19.1538461538462,5.98937758227995,"trim-trend-v2","beschrijvend","groeps_msi_zonder_onzekerheidspropagatie","loglineaire samenvatting van ecologische groeps-MSI per periode; geen formele inferentie"
600,"Struweelvogels","1984-2025",1984,2025,42,98.7409360941129,96.7545598298381,22,-1.10222209306585,"trim-trend-v2","beschrijvend","groeps_msi_zonder_onzekerheidspropagatie","loglineaire samenvatting van ecologische groeps-MSI per periode; geen formele inferentie"
700,"Bosrandvogels","1958-1983",1958,1983,26,79.331454013444,74.7561802180144,16.1923076923077,2.90859480084582,"trim-trend-v2","beschrijvend","groeps_msi_zonder_onzekerheidspropagatie","loglineaire samenvatting van ecologische groeps-MSI per periode; geen formele inferentie"
700,"Bosrandvogels","1984-2025",1984,2025,42,47.025721190223,45.4087420014621,20,0.359437976634402,"trim-trend-v2","beschrijvend","groeps_msi_zonder_onzekerheidspropagatie","loglineaire samenvatting van ecologische groeps-MSI per periode; geen formele inferentie"
800,"Bosvogels","1958-1983",1958,1983,26,79.9566199690265,70.896058762657,11.9230769230769,4.16191684654785,"trim-trend-v2","beschrijvend","groeps_msi_zonder_onzekerheidspropagatie","loglineaire samenvatting van ecologische groeps-MSI per periode; geen formele inferentie"
800,"Bosvogels","1984-2025",1984,2025,42,63.9350816321164,61.908849608941,20,-3.51362509743274,"trim-trend-v2","beschrijvend","groeps_msi_zonder_onzekerheidspropagatie","loglineaire samenvatting van ecologische groeps-MSI per periode; geen formele inferentie"
900,"Vogels van bebouwing/overige","1958-1983",1958,1983,26,73.6689946296933,57.0015029235048,3.76923076923077,5.8854457876536,"trim-trend-v2","beschrijvend","groeps_msi_zonder_onzekerheidspropagatie","loglineaire samenvatting van ecologische groeps-MSI per periode; geen formele inferentie"
900,"Vogels van bebouwing/overige","1984-2025",1984,2025,42,25.5454877659857,15.1912115997411,7,-3.7897419814049,"trim-trend-v2","beschrijvend","groeps_msi_zonder_onzekerheidspropagatie","loglineaire samenvatting van ecologische groeps-MSI per periode; geen formele inferentie"
