"groep_100","korte_beschrijving","n_pre","n_post","mean_pre","mean_post","median_pre","median_post","sd_pre","sd_post","species_mean_pre","species_mean_post","bridge_pre_8183","bridge_post_8486","ratio_post_pre","pct_change_post_pre","bridge_factor","bridge_log_ratio"
100,"Watervogels",26,42,84.106061119636,48.819118240058,89.8469002665631,39.3521631767707,15.5153255171701,24.8648643993778,11.5769230769231,14,92.667508628883,82.8385150612139,0.580447087762386,-41.9552912237614,1.11865245967297,0.112124799921432
200,"Rietvogels",26,42,82.1433518674376,114.284484010677,78.9243815084859,115.031885917238,29.3785048107627,38.3627211674597,5.34615384615385,7,140.693381871775,116.022991723814,1.3912809912494,39.1280991249398,1.21263363219152,0.192794549873311
300,"Vogels van pionierbegroeiingen",26,42,84.1124988565935,17.9097661524064,84.4420458987775,12.441070551513,25.1546532953942,16.7266372671559,9.26923076923077,11,99.886069249157,69.6031860615739,0.212926335513364,-78.7073664486636,1.43507897987304,0.36121988593609
400,"Vogels van open heide",26,42,84.7696724724375,16.9579339840871,86.8065506971553,7.83001944806344,30.2710789429835,25.7164108272466,5.84615384615385,6,100.393221208948,84.983319512078,0.20004718066595,-79.995281933405,1.18132854524093,0.16663969094089
500,"Weidevogels",26,42,80.7436363250645,16.3284394117439,77.1719603258708,11.2648481746488,14.6293461347762,17.3666826411176,8.38461538461539,9,72.0949727666774,58.0635640087597,0.202225712822835,-79.7774287177165,1.24165600230466,0.216445974378607
600,"Struweelvogels",26,42,81.8279904014847,98.7409360941129,75.4050715859122,96.7545598298381,36.2925786881284,22.7707564599562,19.1538461538462,22,151.506810534561,107.51749445899,1.20668900225517,20.6689002255166,1.40913635773339,0.342977004481992
700,"Bosrandvogels",26,42,79.331454013444,47.025721190223,74.7561802180144,45.4087420014621,19.1937741037062,12.800597695889,16.1923076923077,20,105.269399070639,63.9095429025071,0.592775233670289,-40.7224766329711,1.64716244694827,0.499054078358564
800,"Bosvogels",26,42,79.9566199690265,63.9350816321164,70.896058762657,61.908849608941,35.495459162959,31.0613302975005,11.9230769230769,20,146.116211927473,96.0369507115753,0.799622115803338,-20.0377884196662,1.52145826002221,0.419669256539357
900,"Vogels van bebouwing/overige",26,42,73.6689946296933,25.5454877659857,57.0015029235048,15.1912115997411,44.9831294546512,20.4635392019643,3.76923076923077,7,137.722937221151,73.5857566780411,0.346760369058833,-65.3239630941166,1.87159775802441,0.626792482116714
