"groep_100","korte_beschrijving","trend_pre_pct_per_jaar","trend_post_pct_per_jaar","verschil_trendpunten","mean_pre","mean_post","verhouding_post_pre"
100,"Watervogels",1.51519573331986,-3.76581475352536,-5.28101048684523,84.106061119636,48.819118240058,0.580447087762386
200,"Rietvogels",4.18333199857281,0.674482421409506,-3.50884957716331,82.1433518674376,114.284484010677,1.3912809912494
300,"Vogels van pionierbegroeiingen",3.24573417234526,-3.48010462227752,-6.72583879462278,84.1124988565935,17.9097661524064,0.212926335513364
400,"Vogels van open heide",3.60914627156792,-6.61376119462085,-10.2229074661888,84.7696724724375,16.9579339840871,0.20004718066595
500,"Weidevogels",0.238632401103311,-4.45480375112345,-4.69343615222676,80.7436363250645,16.3284394117439,0.202225712822835
600,"Struweelvogels",5.98937758227995,-1.10222209306585,-7.0915996753458,81.8279904014847,98.7409360941129,1.20668900225517
700,"Bosrandvogels",2.90859480084582,0.359437976634402,-2.54915682421142,79.331454013444,47.025721190223,0.592775233670289
800,"Bosvogels",4.16191684654785,-3.51362509743274,-7.67554194398059,79.9566199690265,63.9350816321164,0.799622115803338
900,"Vogels van bebouwing/overige",5.8854457876536,-3.7897419814049,-9.6751877690585,73.6689946296933,25.5454877659857,0.346760369058833
