"groep_100","overall_trend_pct_per_jaar_oud","pre_trend_pct_per_jaar_oud","post_trend_pct_per_jaar_oud","korte_beschrijving","overall_trend_pct_per_jaar_msi","pre_trend_pct_per_jaar_msi","post_trend_pct_per_jaar_msi","trend_pre_pct_per_jaar_oud_periodetabel","trend_post_pct_per_jaar_oud_periodetabel","trend_pre_pct_per_jaar_msi_periodetabel","trend_post_pct_per_jaar_msi_periodetabel","delta_overall_trend","delta_pre_trend","delta_post_trend","richting_gewijzigd_overall","richting_gewijzigd_pre","richting_gewijzigd_post"
100,-2.15346702287517,1.51519573331989,-3.76581475352534,"Watervogels",-2.15346702287517,1.51519573331989,-3.76581475352534,1.51519573331986,-3.76581475352536,1.51519573331986,-3.76581475352536,3.5527136788005e-15,-4.88498130835069e-15,-2.66453525910038e-15,FALSE,FALSE,FALSE
200,1.10894596767002,4.18333199857284,0.674482421409484,"Rietvogels",1.10894596767002,4.18333199857284,0.674482421409484,4.18333199857281,0.674482421409506,4.18333199857281,0.674482421409506,-3.5527136788005e-15,-3.5527136788005e-15,-4.44089209850063e-16,FALSE,FALSE,FALSE
300,-4.20544026787079,3.24573417234519,-3.48010462227754,"Vogels van pionierbegroeiingen",-4.20544026787079,3.24573417234519,-3.48010462227754,3.24573417234526,-3.48010462227752,3.24573417234526,-3.48010462227752,3.5527136788005e-15,3.99680288865056e-15,4.44089209850063e-15,FALSE,FALSE,FALSE
400,-5.69720591866492,3.60914627156788,-6.61376119462084,"Vogels van open heide",-5.69720591866492,3.60914627156788,-6.61376119462084,3.60914627156792,-6.61376119462085,3.60914627156792,-6.61376119462085,4.44089209850063e-15,-4.44089209850063e-15,2.66453525910038e-15,FALSE,FALSE,FALSE
500,-4.82015963566753,0.238632401103311,-4.45480375112346,"Weidevogels",-4.82015963566753,0.238632401103311,-4.45480375112346,0.238632401103311,-4.45480375112345,0.238632401103311,-4.45480375112345,-1.77635683940025e-15,4.16333634234434e-16,8.88178419700125e-16,FALSE,FALSE,FALSE
600,0.616842616770508,5.98937758227995,-1.10222209306584,"Struweelvogels",0.616842616770508,5.98937758227995,-1.10222209306584,5.98937758227995,-1.10222209306585,5.98937758227995,-1.10222209306585,-3.33066907387547e-16,3.5527136788005e-15,-1.11022302462516e-15,FALSE,FALSE,FALSE
700,-0.836782880625442,2.90859480084584,0.359437976634358,"Bosrandvogels",-0.836782880625442,2.90859480084584,0.359437976634358,2.90859480084582,0.359437976634402,2.90859480084582,0.359437976634402,2.22044604925031e-16,2.66453525910038e-15,5.55111512312578e-17,FALSE,FALSE,FALSE
800,-1.14001542156963,4.16191684654781,-3.5136250974327,"Bosvogels",-1.14001542156963,4.16191684654781,-3.5136250974327,4.16191684654785,-3.51362509743274,4.16191684654785,-3.51362509743274,1.11022302462516e-15,-1.77635683940025e-15,-4.44089209850063e-15,FALSE,FALSE,FALSE
900,-2.93722230395908,5.88544578765349,-3.78974198140489,"Vogels van bebouwing/overige",-2.93722230395908,5.88544578765349,-3.78974198140489,5.8854457876536,-3.7897419814049,5.8854457876536,-3.7897419814049,4.88498130835069e-15,-2.66453525910038e-15,-2.66453525910038e-15,FALSE,FALSE,FALSE
